[2026-05-10 00:04:41] production.INFO: UPLOAD IMAGE REQUEST {"_token":"MbSvm5mOnXsXwRfyzlCXfnbzKICTNUejsNnEd8hf","_method":"PUT","title":"Equipo 5- Operación Torpedo","abstract":"Kart eléctrico inspirado en “El Superheterodino” de la serie de los \"Autos locos\". Combinando diseño futurista, sostenible y con buen rendimiento, homenajeando un clásico de la serie.","tipos":["4","6","7"],"videoURL":null,"new_image_fase":"header","action":"upload_image","image_descriptions":{"390":"Este es el estado inicial del kart antes de las modificaciones. Presentaba diversos problemas mecánicos, principalmente en la dirección y el reparto de frenada, que fueron solucionados durante el proyecto.","391":"Antes de centrarnos en la estética, debíamos solucionar los problemas de base de nuestro kart para garantizar un correcto funcionamiento dinámico. Por ello, realizamos distintas modificaciones mecánicas para corregir los fallos que presentaba el kart.","393":"Una vez solucionados los problemas mecánicos, nos centramos en la conformación y adaptación de la chapa para recrear la estética de “El Superheterodino” en un kart real.","395":"Paralelamente al trabajo de conformación de chapa, el departamento eléctrico se encargó de rehacer todo el cableado de HV y de control, garantizando un funcionamiento más fiable y seguro","396":"Si queréis ver el resultado oficial… os va a tocar sufrir un poco la intriga, porque lo dejamos en secreto hasta el día de la jornada de automoción. 

Nos encontraréis en la zona del circuito, rodando con nuestro kart y hablando con vosotros."},"conclusion":"Gracias a este proyecto hemos podido aplicar de forma práctica todos los conocimientos adquiridos durante el grado, mejorando nuestras habilidades tanto técnicas como de trabajo en equipo. Además nos ha permitido enfrentarnos a problemas reales, aprender a resolverlos y adaptarnos a las dificultades","new_project_image":{"Illuminate\\Http\\UploadedFile":"/tmp/phpHZ7pOh"}} 
[2026-05-10 08:10:00] production.ERROR: Error Login Microsoft: Client error: `POST https://login.microsoftonline.com/common/oauth2/v2.0/token` resulted in a `400 Bad Request` response:
{"error":"invalid_grant","error_description":"AADSTS54005: OAuth2 Authorization code was already redeemed, please retry  (truncated...)
  
[2026-05-10 09:02:21] production.INFO: UPLOAD IMAGE REQUEST {"_token":"6TW8EcmHwny7qfdTmolGxMdHq89FcBnDkXlToE53","_method":"PUT","title":"Peugeot 106 restauración","abstract":"Realizamos una restauración y puesta a punto completa de motor y todos los elementos auxiliares del vehículo también elementos de tracción y dirección , actualizaremos todo el sistema operativo  y de infoentretenimiento de el vehículo (haciéndolo de esta manera más moderno ) . Realizaremos una restauración completa de chapa y pintura adaptando un toque deportivo ensanchando la carrocería y bajando la suspensión del vehículo con modificaciones para un alto rendimiento en circuito","videoURL":null,"new_image_fase":"initial","action":"upload_image","conclusion":null,"photoName":{"Illuminate\\Http\\UploadedFile":"/tmp/phpxTuGly"},"new_project_image":{"Illuminate\\Http\\UploadedFile":"/tmp/phpILLCtN"}} 
[2026-05-10 09:13:46] production.INFO: UPLOAD IMAGE REQUEST {"_token":"6TW8EcmHwny7qfdTmolGxMdHq89FcBnDkXlToE53","_method":"PUT","title":"Peugeot 106 restauración","abstract":"Realizamos una restauración y puesta a punto completa de motor y todos los elementos auxiliares del vehículo también elementos de tracción y dirección , actualizaremos todo el sistema operativo  y de infoentretenimiento de el vehículo (haciéndolo de esta manera más moderno ) . Realizaremos una restauración completa de chapa y pintura adaptando un toque deportivo ensanchando la carrocería y bajando la suspensión del vehículo con modificaciones para un alto rendimiento en circuito","videoURL":null,"new_image_fase":"header","action":"upload_image","conclusion":null,"new_project_image":{"Illuminate\\Http\\UploadedFile":"/tmp/phprC0HkS"}} 
[2026-05-10 09:35:27] production.INFO: UPLOAD IMAGE REQUEST {"_token":"6TW8EcmHwny7qfdTmolGxMdHq89FcBnDkXlToE53","_method":"PUT","title":"Peugeot 106 restauración","abstract":"Realizamos una restauración y puesta a punto completa de motor y todos los elementos auxiliares del vehículo también elementos de tracción y dirección , actualizaremos todo el sistema operativo  y de infoentretenimiento de el vehículo (haciéndolo de esta manera más moderno ) . Realizaremos una restauración completa de chapa y pintura adaptando un toque deportivo ensanchando la carrocería y bajando la suspensión del vehículo con modificaciones para un alto rendimiento en circuito","videoURL":null,"new_image_fase":"header","action":"upload_image","conclusion":null,"new_project_image":{"Illuminate\\Http\\UploadedFile":"/tmp/phpp9rFck"}} 
[2026-05-10 09:35:41] production.INFO: UPLOAD IMAGE REQUEST {"_token":"6TW8EcmHwny7qfdTmolGxMdHq89FcBnDkXlToE53","_method":"PUT","title":"Peugeot 106 restauración","abstract":"Realizamos una restauración y puesta a punto completa de motor y todos los elementos auxiliares del vehículo también elementos de tracción y dirección , actualizaremos todo el sistema operativo  y de infoentretenimiento de el vehículo (haciéndolo de esta manera más moderno ) . Realizaremos una restauración completa de chapa y pintura adaptando un toque deportivo ensanchando la carrocería y bajando la suspensión del vehículo con modificaciones para un alto rendimiento en circuito","videoURL":null,"new_image_fase":"header","action":"upload_image","conclusion":null,"new_project_image":{"Illuminate\\Http\\UploadedFile":"/tmp/phpBXpxPf"}} 
[2026-05-10 09:35:53] production.INFO: UPLOAD IMAGE REQUEST {"_token":"6TW8EcmHwny7qfdTmolGxMdHq89FcBnDkXlToE53","_method":"PUT","title":"Peugeot 106 restauración","abstract":"Realizamos una restauración y puesta a punto completa de motor y todos los elementos auxiliares del vehículo también elementos de tracción y dirección , actualizaremos todo el sistema operativo  y de infoentretenimiento de el vehículo (haciéndolo de esta manera más moderno ) . Realizaremos una restauración completa de chapa y pintura adaptando un toque deportivo ensanchando la carrocería y bajando la suspensión del vehículo con modificaciones para un alto rendimiento en circuito","videoURL":null,"new_image_fase":"initial","action":"upload_image","conclusion":null,"new_project_image":{"Illuminate\\Http\\UploadedFile":"/tmp/phpktmohG"}} 
[2026-05-10 09:39:46] production.INFO: UPLOAD IMAGE REQUEST {"_token":"6TW8EcmHwny7qfdTmolGxMdHq89FcBnDkXlToE53","_method":"PUT","title":"Peugeot 106 restauración","abstract":"Realizamos una restauración y puesta a punto completa de motor y todos los elementos auxiliares del vehículo también elementos de tracción y dirección , actualizaremos todo el sistema operativo  y de infoentretenimiento de el vehículo (haciéndolo de esta manera más moderno ) . Realizaremos una restauración completa de chapa y pintura adaptando un toque deportivo ensanchando la carrocería y bajando la suspensión del vehículo con modificaciones para un alto rendimiento en circuito","videoURL":null,"new_image_fase":"header","action":"upload_image","image_descriptions":{"402":null},"conclusion":null,"new_project_image":{"Illuminate\\Http\\UploadedFile":"/tmp/phpiFhT17"}} 
[2026-05-10 09:40:03] production.INFO: UPLOAD IMAGE REQUEST {"_token":"6TW8EcmHwny7qfdTmolGxMdHq89FcBnDkXlToE53","_method":"PUT","title":"Peugeot 106 restauración","abstract":"Realizamos una restauración y puesta a punto completa de motor y todos los elementos auxiliares del vehículo también elementos de tracción y dirección , actualizaremos todo el sistema operativo  y de infoentretenimiento de el vehículo (haciéndolo de esta manera más moderno ) . Realizaremos una restauración completa de chapa y pintura adaptando un toque deportivo ensanchando la carrocería y bajando la suspensión del vehículo con modificaciones para un alto rendimiento en circuito","videoURL":null,"new_image_fase":"procedimiento_1","action":"upload_image","image_descriptions":{"402":null},"conclusion":null,"new_project_image":{"Illuminate\\Http\\UploadedFile":"/tmp/php3a1fLh"}} 
[2026-05-10 09:40:25] production.INFO: UPLOAD IMAGE REQUEST {"_token":"6TW8EcmHwny7qfdTmolGxMdHq89FcBnDkXlToE53","_method":"PUT","title":"Peugeot 106 restauración","abstract":"Realizamos una restauración y puesta a punto completa de motor y todos los elementos auxiliares del vehículo también elementos de tracción y dirección , actualizaremos todo el sistema operativo  y de infoentretenimiento de el vehículo (haciéndolo de esta manera más moderno ) . Realizaremos una restauración completa de chapa y pintura adaptando un toque deportivo ensanchando la carrocería y bajando la suspensión del vehículo con modificaciones para un alto rendimiento en circuito","videoURL":null,"new_image_fase":"procedimiento_2","action":"upload_image","image_descriptions":{"402":null,"404":null},"conclusion":null,"new_project_image":{"Illuminate\\Http\\UploadedFile":"/tmp/phpGHACqG"}} 
[2026-05-10 09:40:44] production.INFO: UPLOAD IMAGE REQUEST {"_token":"6TW8EcmHwny7qfdTmolGxMdHq89FcBnDkXlToE53","_method":"PUT","title":"Peugeot 106 restauración","abstract":"Realizamos una restauración y puesta a punto completa de motor y todos los elementos auxiliares del vehículo también elementos de tracción y dirección , actualizaremos todo el sistema operativo  y de infoentretenimiento de el vehículo (haciéndolo de esta manera más moderno ) . Realizaremos una restauración completa de chapa y pintura adaptando un toque deportivo ensanchando la carrocería y bajando la suspensión del vehículo con modificaciones para un alto rendimiento en circuito","videoURL":null,"new_image_fase":"procedimiento_3","action":"upload_image","image_descriptions":{"402":null,"404":null,"405":null},"conclusion":null,"new_project_image":{"Illuminate\\Http\\UploadedFile":"/tmp/phpWAjULW"}} 
[2026-05-10 09:50:25] production.INFO: UPLOAD IMAGE REQUEST {"_token":"6TW8EcmHwny7qfdTmolGxMdHq89FcBnDkXlToE53","_method":"PUT","title":"Peugeot 106 restauración","abstract":"Realizamos una restauración y puesta a punto completa de motor y todos los elementos auxiliares del vehículo también elementos de tracción y dirección , actualizaremos todo el sistema operativo  y de infoentretenimiento de el vehículo (haciéndolo de esta manera más moderno ) . Realizaremos una restauración completa de chapa y pintura adaptando un toque deportivo ensanchando la carrocería y bajando la suspensión del vehículo con modificaciones para un alto rendimiento en circuito","videoURL":null,"new_image_fase":"header","action":"upload_image","image_descriptions":{"402":null,"404":null,"405":null,"406":null},"conclusion":null,"new_project_image":{"Illuminate\\Http\\UploadedFile":"/tmp/phpKY5E5T"}} 
[2026-05-10 09:51:15] production.INFO: UPLOAD IMAGE REQUEST {"_token":"6TW8EcmHwny7qfdTmolGxMdHq89FcBnDkXlToE53","_method":"PUT","title":"Peugeot 106 restauración","abstract":"Realizamos una restauración y puesta a punto completa de motor y todos los elementos auxiliares del vehículo también elementos de tracción y dirección , actualizaremos todo el sistema operativo  y de infoentretenimiento de el vehículo (haciéndolo de esta manera más moderno ) . Realizaremos una restauración completa de chapa y pintura adaptando un toque deportivo ensanchando la carrocería y bajando la suspensión del vehículo con modificaciones para un alto rendimiento en circuito","videoURL":null,"new_image_fase":"header","action":"upload_image","image_descriptions":{"402":null,"404":null,"405":null,"406":null},"conclusion":null,"new_project_image":{"Illuminate\\Http\\UploadedFile":"/tmp/phpJWyHOI"}} 
[2026-05-10 09:51:26] production.INFO: UPLOAD IMAGE REQUEST {"_token":"6TW8EcmHwny7qfdTmolGxMdHq89FcBnDkXlToE53","_method":"PUT","title":"Peugeot 106 restauración","abstract":"Realizamos una restauración y puesta a punto completa de motor y todos los elementos auxiliares del vehículo también elementos de tracción y dirección , actualizaremos todo el sistema operativo  y de infoentretenimiento de el vehículo (haciéndolo de esta manera más moderno ) . Realizaremos una restauración completa de chapa y pintura adaptando un toque deportivo ensanchando la carrocería y bajando la suspensión del vehículo con modificaciones para un alto rendimiento en circuito","videoURL":null,"new_image_fase":"final","action":"upload_image","image_descriptions":{"402":null,"404":null,"405":null,"406":null},"conclusion":null,"new_project_image":{"Illuminate\\Http\\UploadedFile":"/tmp/php75Wx4h"}} 
[2026-05-10 11:36:28] production.INFO: UPLOAD IMAGE REQUEST {"_token":"3IHLcWBlgncC5bD2ykDYXEsH31hoK3CkmOAf12sb","_method":"PUT","title":"Equipo 2 La tanqueta","abstract":"Somos un equipo de Monlautech y hemos fabricado un kart eléctrico con la intención de que se asemeje a un tanque siguiendo la temática de autos locos","tipos":["3","4","6"],"videoURL":null,"new_image_fase":"header","action":"upload_image","conclusion":"tvkg","photoName":{"Illuminate\\Http\\UploadedFile":"/tmp/phpoV4iZI"},"new_project_image":{"Illuminate\\Http\\UploadedFile":"/tmp/phpoMsRBS"}} 
[2026-05-10 11:41:43] production.ERROR: SQLSTATE[22001]: String data, right truncated: 1406 Data too long for column 'Linkedin' at row 1 (Connection: mysql, SQL: update `students` set `introduction` = Soy estudiante de Electromecánica, me motiva mucho seguir aprendiendo cada dia y adquirir conocimientos sobre el mundo de la automoción. Tengo experiencia previa en Automocion. Soy una persona responsable, organizada, autodidacta y trabajo en equipo, `Linkedin` = https://www.linkedin.com/in/kathe-morales-60117418b?utm_source=share_via&utm_content=profile&utm_medium=member_android, `postal_code` = 08917, `city` = Badalona where `idStudent` = 186) {"userId":988,"exception":"[object] (Illuminate\\Database\\QueryException(code: 22001): SQLSTATE[22001]: String data, right truncated: 1406 Data too long for column 'Linkedin' at row 1 (Connection: mysql, SQL: update `students` set `introduction` = Soy estudiante de Electromecánica, me motiva mucho seguir aprendiendo cada dia y adquirir conocimientos sobre el mundo de la automoción. Tengo experiencia previa en Automocion. Soy una persona responsable, organizada, autodidacta y trabajo en equipo, `Linkedin` = https://www.linkedin.com/in/kathe-morales-60117418b?utm_source=share_via&utm_content=profile&utm_medium=member_android, `postal_code` = 08917, `city` = Badalona where `idStudent` = 186) at /var/www/jornada-automocion-api/vendor/laravel/framework/src/Illuminate/Database/Connection.php:825)
[stacktrace]
#0 /var/www/jornada-automocion-api/vendor/laravel/framework/src/Illuminate/Database/Connection.php(779): Illuminate\\Database\\Connection->runQueryCallback()
#1 /var/www/jornada-automocion-api/vendor/laravel/framework/src/Illuminate/Database/Connection.php(584): Illuminate\\Database\\Connection->run()
#2 /var/www/jornada-automocion-api/vendor/laravel/framework/src/Illuminate/Database/Connection.php(536): Illuminate\\Database\\Connection->affectingStatement()
#3 /var/www/jornada-automocion-api/vendor/laravel/framework/src/Illuminate/Database/Query/Builder.php(3830): Illuminate\\Database\\Connection->update()
#4 /var/www/jornada-automocion-api/vendor/laravel/framework/src/Illuminate/Database/Eloquent/Builder.php(1175): Illuminate\\Database\\Query\\Builder->update()
#5 /var/www/jornada-automocion-api/vendor/laravel/framework/src/Illuminate/Database/Eloquent/Model.php(1239): Illuminate\\Database\\Eloquent\\Builder->update()
#6 /var/www/jornada-automocion-api/vendor/laravel/framework/src/Illuminate/Database/Eloquent/Model.php(1156): Illuminate\\Database\\Eloquent\\Model->performUpdate()
#7 /var/www/jornada-automocion-api/app/Http/Controllers/StudentController.php(387): Illuminate\\Database\\Eloquent\\Model->save()
#8 /var/www/jornada-automocion-api/vendor/laravel/framework/src/Illuminate/Routing/ControllerDispatcher.php(47): App\\Http\\Controllers\\StudentController->updateProfile()
#9 /var/www/jornada-automocion-api/vendor/laravel/framework/src/Illuminate/Routing/Route.php(266): Illuminate\\Routing\\ControllerDispatcher->dispatch()
#10 /var/www/jornada-automocion-api/vendor/laravel/framework/src/Illuminate/Routing/Route.php(212): Illuminate\\Routing\\Route->runController()
#11 /var/www/jornada-automocion-api/vendor/laravel/framework/src/Illuminate/Routing/Router.php(808): Illuminate\\Routing\\Route->run()
#12 /var/www/jornada-automocion-api/vendor/laravel/framework/src/Illuminate/Pipeline/Pipeline.php(170): Illuminate\\Routing\\Router->Illuminate\\Routing\\{closure}()
#13 /var/www/jornada-automocion-api/app/Http/Middleware/RoleMiddleware.php(25): Illuminate\\Pipeline\\Pipeline->Illuminate\\Pipeline\\{closure}()
#14 /var/www/jornada-automocion-api/vendor/laravel/framework/src/Illuminate/Pipeline/Pipeline.php(209): App\\Http\\Middleware\\RoleMiddleware->handle()
#15 /var/www/jornada-automocion-api/vendor/laravel/framework/src/Illuminate/Routing/Middleware/SubstituteBindings.php(51): Illuminate\\Pipeline\\Pipeline->Illuminate\\Pipeline\\{closure}()
#16 /var/www/jornada-automocion-api/vendor/laravel/framework/src/Illuminate/Pipeline/Pipeline.php(209): Illuminate\\Routing\\Middleware\\SubstituteBindings->handle()
#17 /var/www/jornada-automocion-api/vendor/laravel/framework/src/Illuminate/Foundation/Http/Middleware/VerifyCsrfToken.php(88): Illuminate\\Pipeline\\Pipeline->Illuminate\\Pipeline\\{closure}()
#18 /var/www/jornada-automocion-api/vendor/laravel/framework/src/Illuminate/Pipeline/Pipeline.php(209): Illuminate\\Foundation\\Http\\Middleware\\VerifyCsrfToken->handle()
#19 /var/www/jornada-automocion-api/vendor/laravel/framework/src/Illuminate/View/Middleware/ShareErrorsFromSession.php(49): Illuminate\\Pipeline\\Pipeline->Illuminate\\Pipeline\\{closure}()
#20 /var/www/jornada-automocion-api/vendor/laravel/framework/src/Illuminate/Pipeline/Pipeline.php(209): Illuminate\\View\\Middleware\\ShareErrorsFromSession->handle()
#21 /var/www/jornada-automocion-api/vendor/laravel/framework/src/Illuminate/Session/Middleware/StartSession.php(121): Illuminate\\Pipeline\\Pipeline->Illuminate\\Pipeline\\{closure}()
#22 /var/www/jornada-automocion-api/vendor/laravel/framework/src/Illuminate/Session/Middleware/StartSession.php(64): Illuminate\\Session\\Middleware\\StartSession->handleStatefulRequest()
#23 /var/www/jornada-automocion-api/vendor/laravel/framework/src/Illuminate/Pipeline/Pipeline.php(209): Illuminate\\Session\\Middleware\\StartSession->handle()
#24 /var/www/jornada-automocion-api/vendor/laravel/framework/src/Illuminate/Cookie/Middleware/AddQueuedCookiesToResponse.php(37): Illuminate\\Pipeline\\Pipeline->Illuminate\\Pipeline\\{closure}()
#25 /var/www/jornada-automocion-api/vendor/laravel/framework/src/Illuminate/Pipeline/Pipeline.php(209): Illuminate\\Cookie\\Middleware\\AddQueuedCookiesToResponse->handle()
#26 /var/www/jornada-automocion-api/vendor/laravel/framework/src/Illuminate/Cookie/Middleware/EncryptCookies.php(75): Illuminate\\Pipeline\\Pipeline->Illuminate\\Pipeline\\{closure}()
#27 /var/www/jornada-automocion-api/vendor/laravel/framework/src/Illuminate/Pipeline/Pipeline.php(209): Illuminate\\Cookie\\Middleware\\EncryptCookies->handle()
#28 /var/www/jornada-automocion-api/vendor/laravel/framework/src/Illuminate/Pipeline/Pipeline.php(127): Illuminate\\Pipeline\\Pipeline->Illuminate\\Pipeline\\{closure}()
#29 /var/www/jornada-automocion-api/vendor/laravel/framework/src/Illuminate/Routing/Router.php(807): Illuminate\\Pipeline\\Pipeline->then()
#30 /var/www/jornada-automocion-api/vendor/laravel/framework/src/Illuminate/Routing/Router.php(786): Illuminate\\Routing\\Router->runRouteWithinStack()
#31 /var/www/jornada-automocion-api/vendor/laravel/framework/src/Illuminate/Routing/Router.php(750): Illuminate\\Routing\\Router->runRoute()
#32 /var/www/jornada-automocion-api/vendor/laravel/framework/src/Illuminate/Routing/Router.php(739): Illuminate\\Routing\\Router->dispatchToRoute()
#33 /var/www/jornada-automocion-api/vendor/laravel/framework/src/Illuminate/Foundation/Http/Kernel.php(201): Illuminate\\Routing\\Router->dispatch()
#34 /var/www/jornada-automocion-api/vendor/laravel/framework/src/Illuminate/Pipeline/Pipeline.php(170): Illuminate\\Foundation\\Http\\Kernel->Illuminate\\Foundation\\Http\\{closure}()
#35 /var/www/jornada-automocion-api/vendor/livewire/livewire/src/Features/SupportDisablingBackButtonCache/DisableBackButtonCacheMiddleware.php(19): Illuminate\\Pipeline\\Pipeline->Illuminate\\Pipeline\\{closure}()
#36 /var/www/jornada-automocion-api/vendor/laravel/framework/src/Illuminate/Pipeline/Pipeline.php(209): Livewire\\Features\\SupportDisablingBackButtonCache\\DisableBackButtonCacheMiddleware->handle()
#37 /var/www/jornada-automocion-api/vendor/laravel/framework/src/Illuminate/Foundation/Http/Middleware/TransformsRequest.php(21): Illuminate\\Pipeline\\Pipeline->Illuminate\\Pipeline\\{closure}()
#38 /var/www/jornada-automocion-api/vendor/laravel/framework/src/Illuminate/Foundation/Http/Middleware/ConvertEmptyStringsToNull.php(31): Illuminate\\Foundation\\Http\\Middleware\\TransformsRequest->handle()
#39 /var/www/jornada-automocion-api/vendor/laravel/framework/src/Illuminate/Pipeline/Pipeline.php(209): Illuminate\\Foundation\\Http\\Middleware\\ConvertEmptyStringsToNull->handle()
#40 /var/www/jornada-automocion-api/vendor/laravel/framework/src/Illuminate/Foundation/Http/Middleware/TransformsRequest.php(21): Illuminate\\Pipeline\\Pipeline->Illuminate\\Pipeline\\{closure}()
#41 /var/www/jornada-automocion-api/vendor/laravel/framework/src/Illuminate/Foundation/Http/Middleware/TrimStrings.php(51): Illuminate\\Foundation\\Http\\Middleware\\TransformsRequest->handle()
#42 /var/www/jornada-automocion-api/vendor/laravel/framework/src/Illuminate/Pipeline/Pipeline.php(209): Illuminate\\Foundation\\Http\\Middleware\\TrimStrings->handle()
#43 /var/www/jornada-automocion-api/vendor/laravel/framework/src/Illuminate/Http/Middleware/ValidatePostSize.php(27): Illuminate\\Pipeline\\Pipeline->Illuminate\\Pipeline\\{closure}()
#44 /var/www/jornada-automocion-api/vendor/laravel/framework/src/Illuminate/Pipeline/Pipeline.php(209): Illuminate\\Http\\Middleware\\ValidatePostSize->handle()
#45 /var/www/jornada-automocion-api/vendor/laravel/framework/src/Illuminate/Foundation/Http/Middleware/PreventRequestsDuringMaintenance.php(110): Illuminate\\Pipeline\\Pipeline->Illuminate\\Pipeline\\{closure}()
#46 /var/www/jornada-automocion-api/vendor/laravel/framework/src/Illuminate/Pipeline/Pipeline.php(209): Illuminate\\Foundation\\Http\\Middleware\\PreventRequestsDuringMaintenance->handle()
#47 /var/www/jornada-automocion-api/vendor/laravel/framework/src/Illuminate/Http/Middleware/HandleCors.php(49): Illuminate\\Pipeline\\Pipeline->Illuminate\\Pipeline\\{closure}()
#48 /var/www/jornada-automocion-api/vendor/laravel/framework/src/Illuminate/Pipeline/Pipeline.php(209): Illuminate\\Http\\Middleware\\HandleCors->handle()
#49 /var/www/jornada-automocion-api/vendor/laravel/framework/src/Illuminate/Http/Middleware/TrustProxies.php(58): Illuminate\\Pipeline\\Pipeline->Illuminate\\Pipeline\\{closure}()
#50 /var/www/jornada-automocion-api/vendor/laravel/framework/src/Illuminate/Pipeline/Pipeline.php(209): Illuminate\\Http\\Middleware\\TrustProxies->handle()
#51 /var/www/jornada-automocion-api/vendor/laravel/framework/src/Illuminate/Foundation/Http/Middleware/InvokeDeferredCallbacks.php(22): Illuminate\\Pipeline\\Pipeline->Illuminate\\Pipeline\\{closure}()
#52 /var/www/jornada-automocion-api/vendor/laravel/framework/src/Illuminate/Pipeline/Pipeline.php(209): Illuminate\\Foundation\\Http\\Middleware\\InvokeDeferredCallbacks->handle()
#53 /var/www/jornada-automocion-api/vendor/laravel/framework/src/Illuminate/Pipeline/Pipeline.php(127): Illuminate\\Pipeline\\Pipeline->Illuminate\\Pipeline\\{closure}()
#54 /var/www/jornada-automocion-api/vendor/laravel/framework/src/Illuminate/Foundation/Http/Kernel.php(176): Illuminate\\Pipeline\\Pipeline->then()
#55 /var/www/jornada-automocion-api/vendor/laravel/framework/src/Illuminate/Foundation/Http/Kernel.php(145): Illuminate\\Foundation\\Http\\Kernel->sendRequestThroughRouter()
#56 /var/www/jornada-automocion-api/vendor/laravel/framework/src/Illuminate/Foundation/Application.php(1220): Illuminate\\Foundation\\Http\\Kernel->handle()
#57 /var/www/jornada-automocion-api/public/index.php(17): Illuminate\\Foundation\\Application->handleRequest()
#58 {main}

[previous exception] [object] (PDOException(code: 22001): SQLSTATE[22001]: String data, right truncated: 1406 Data too long for column 'Linkedin' at row 1 at /var/www/jornada-automocion-api/vendor/laravel/framework/src/Illuminate/Database/Connection.php:596)
[stacktrace]
#0 /var/www/jornada-automocion-api/vendor/laravel/framework/src/Illuminate/Database/Connection.php(596): PDOStatement->execute()
#1 /var/www/jornada-automocion-api/vendor/laravel/framework/src/Illuminate/Database/Connection.php(812): Illuminate\\Database\\Connection->Illuminate\\Database\\{closure}()
#2 /var/www/jornada-automocion-api/vendor/laravel/framework/src/Illuminate/Database/Connection.php(779): Illuminate\\Database\\Connection->runQueryCallback()
#3 /var/www/jornada-automocion-api/vendor/laravel/framework/src/Illuminate/Database/Connection.php(584): Illuminate\\Database\\Connection->run()
#4 /var/www/jornada-automocion-api/vendor/laravel/framework/src/Illuminate/Database/Connection.php(536): Illuminate\\Database\\Connection->affectingStatement()
#5 /var/www/jornada-automocion-api/vendor/laravel/framework/src/Illuminate/Database/Query/Builder.php(3830): Illuminate\\Database\\Connection->update()
#6 /var/www/jornada-automocion-api/vendor/laravel/framework/src/Illuminate/Database/Eloquent/Builder.php(1175): Illuminate\\Database\\Query\\Builder->update()
#7 /var/www/jornada-automocion-api/vendor/laravel/framework/src/Illuminate/Database/Eloquent/Model.php(1239): Illuminate\\Database\\Eloquent\\Builder->update()
#8 /var/www/jornada-automocion-api/vendor/laravel/framework/src/Illuminate/Database/Eloquent/Model.php(1156): Illuminate\\Database\\Eloquent\\Model->performUpdate()
#9 /var/www/jornada-automocion-api/app/Http/Controllers/StudentController.php(387): Illuminate\\Database\\Eloquent\\Model->save()
#10 /var/www/jornada-automocion-api/vendor/laravel/framework/src/Illuminate/Routing/ControllerDispatcher.php(47): App\\Http\\Controllers\\StudentController->updateProfile()
#11 /var/www/jornada-automocion-api/vendor/laravel/framework/src/Illuminate/Routing/Route.php(266): Illuminate\\Routing\\ControllerDispatcher->dispatch()
#12 /var/www/jornada-automocion-api/vendor/laravel/framework/src/Illuminate/Routing/Route.php(212): Illuminate\\Routing\\Route->runController()
#13 /var/www/jornada-automocion-api/vendor/laravel/framework/src/Illuminate/Routing/Router.php(808): Illuminate\\Routing\\Route->run()
#14 /var/www/jornada-automocion-api/vendor/laravel/framework/src/Illuminate/Pipeline/Pipeline.php(170): Illuminate\\Routing\\Router->Illuminate\\Routing\\{closure}()
#15 /var/www/jornada-automocion-api/app/Http/Middleware/RoleMiddleware.php(25): Illuminate\\Pipeline\\Pipeline->Illuminate\\Pipeline\\{closure}()
#16 /var/www/jornada-automocion-api/vendor/laravel/framework/src/Illuminate/Pipeline/Pipeline.php(209): App\\Http\\Middleware\\RoleMiddleware->handle()
#17 /var/www/jornada-automocion-api/vendor/laravel/framework/src/Illuminate/Routing/Middleware/SubstituteBindings.php(51): Illuminate\\Pipeline\\Pipeline->Illuminate\\Pipeline\\{closure}()
#18 /var/www/jornada-automocion-api/vendor/laravel/framework/src/Illuminate/Pipeline/Pipeline.php(209): Illuminate\\Routing\\Middleware\\SubstituteBindings->handle()
#19 /var/www/jornada-automocion-api/vendor/laravel/framework/src/Illuminate/Foundation/Http/Middleware/VerifyCsrfToken.php(88): Illuminate\\Pipeline\\Pipeline->Illuminate\\Pipeline\\{closure}()
#20 /var/www/jornada-automocion-api/vendor/laravel/framework/src/Illuminate/Pipeline/Pipeline.php(209): Illuminate\\Foundation\\Http\\Middleware\\VerifyCsrfToken->handle()
#21 /var/www/jornada-automocion-api/vendor/laravel/framework/src/Illuminate/View/Middleware/ShareErrorsFromSession.php(49): Illuminate\\Pipeline\\Pipeline->Illuminate\\Pipeline\\{closure}()
#22 /var/www/jornada-automocion-api/vendor/laravel/framework/src/Illuminate/Pipeline/Pipeline.php(209): Illuminate\\View\\Middleware\\ShareErrorsFromSession->handle()
#23 /var/www/jornada-automocion-api/vendor/laravel/framework/src/Illuminate/Session/Middleware/StartSession.php(121): Illuminate\\Pipeline\\Pipeline->Illuminate\\Pipeline\\{closure}()
#24 /var/www/jornada-automocion-api/vendor/laravel/framework/src/Illuminate/Session/Middleware/StartSession.php(64): Illuminate\\Session\\Middleware\\StartSession->handleStatefulRequest()
#25 /var/www/jornada-automocion-api/vendor/laravel/framework/src/Illuminate/Pipeline/Pipeline.php(209): Illuminate\\Session\\Middleware\\StartSession->handle()
#26 /var/www/jornada-automocion-api/vendor/laravel/framework/src/Illuminate/Cookie/Middleware/AddQueuedCookiesToResponse.php(37): Illuminate\\Pipeline\\Pipeline->Illuminate\\Pipeline\\{closure}()
#27 /var/www/jornada-automocion-api/vendor/laravel/framework/src/Illuminate/Pipeline/Pipeline.php(209): Illuminate\\Cookie\\Middleware\\AddQueuedCookiesToResponse->handle()
#28 /var/www/jornada-automocion-api/vendor/laravel/framework/src/Illuminate/Cookie/Middleware/EncryptCookies.php(75): Illuminate\\Pipeline\\Pipeline->Illuminate\\Pipeline\\{closure}()
#29 /var/www/jornada-automocion-api/vendor/laravel/framework/src/Illuminate/Pipeline/Pipeline.php(209): Illuminate\\Cookie\\Middleware\\EncryptCookies->handle()
#30 /var/www/jornada-automocion-api/vendor/laravel/framework/src/Illuminate/Pipeline/Pipeline.php(127): Illuminate\\Pipeline\\Pipeline->Illuminate\\Pipeline\\{closure}()
#31 /var/www/jornada-automocion-api/vendor/laravel/framework/src/Illuminate/Routing/Router.php(807): Illuminate\\Pipeline\\Pipeline->then()
#32 /var/www/jornada-automocion-api/vendor/laravel/framework/src/Illuminate/Routing/Router.php(786): Illuminate\\Routing\\Router->runRouteWithinStack()
#33 /var/www/jornada-automocion-api/vendor/laravel/framework/src/Illuminate/Routing/Router.php(750): Illuminate\\Routing\\Router->runRoute()
#34 /var/www/jornada-automocion-api/vendor/laravel/framework/src/Illuminate/Routing/Router.php(739): Illuminate\\Routing\\Router->dispatchToRoute()
#35 /var/www/jornada-automocion-api/vendor/laravel/framework/src/Illuminate/Foundation/Http/Kernel.php(201): Illuminate\\Routing\\Router->dispatch()
#36 /var/www/jornada-automocion-api/vendor/laravel/framework/src/Illuminate/Pipeline/Pipeline.php(170): Illuminate\\Foundation\\Http\\Kernel->Illuminate\\Foundation\\Http\\{closure}()
#37 /var/www/jornada-automocion-api/vendor/livewire/livewire/src/Features/SupportDisablingBackButtonCache/DisableBackButtonCacheMiddleware.php(19): Illuminate\\Pipeline\\Pipeline->Illuminate\\Pipeline\\{closure}()
#38 /var/www/jornada-automocion-api/vendor/laravel/framework/src/Illuminate/Pipeline/Pipeline.php(209): Livewire\\Features\\SupportDisablingBackButtonCache\\DisableBackButtonCacheMiddleware->handle()
#39 /var/www/jornada-automocion-api/vendor/laravel/framework/src/Illuminate/Foundation/Http/Middleware/TransformsRequest.php(21): Illuminate\\Pipeline\\Pipeline->Illuminate\\Pipeline\\{closure}()
#40 /var/www/jornada-automocion-api/vendor/laravel/framework/src/Illuminate/Foundation/Http/Middleware/ConvertEmptyStringsToNull.php(31): Illuminate\\Foundation\\Http\\Middleware\\TransformsRequest->handle()
#41 /var/www/jornada-automocion-api/vendor/laravel/framework/src/Illuminate/Pipeline/Pipeline.php(209): Illuminate\\Foundation\\Http\\Middleware\\ConvertEmptyStringsToNull->handle()
#42 /var/www/jornada-automocion-api/vendor/laravel/framework/src/Illuminate/Foundation/Http/Middleware/TransformsRequest.php(21): Illuminate\\Pipeline\\Pipeline->Illuminate\\Pipeline\\{closure}()
#43 /var/www/jornada-automocion-api/vendor/laravel/framework/src/Illuminate/Foundation/Http/Middleware/TrimStrings.php(51): Illuminate\\Foundation\\Http\\Middleware\\TransformsRequest->handle()
#44 /var/www/jornada-automocion-api/vendor/laravel/framework/src/Illuminate/Pipeline/Pipeline.php(209): Illuminate\\Foundation\\Http\\Middleware\\TrimStrings->handle()
#45 /var/www/jornada-automocion-api/vendor/laravel/framework/src/Illuminate/Http/Middleware/ValidatePostSize.php(27): Illuminate\\Pipeline\\Pipeline->Illuminate\\Pipeline\\{closure}()
#46 /var/www/jornada-automocion-api/vendor/laravel/framework/src/Illuminate/Pipeline/Pipeline.php(209): Illuminate\\Http\\Middleware\\ValidatePostSize->handle()
#47 /var/www/jornada-automocion-api/vendor/laravel/framework/src/Illuminate/Foundation/Http/Middleware/PreventRequestsDuringMaintenance.php(110): Illuminate\\Pipeline\\Pipeline->Illuminate\\Pipeline\\{closure}()
#48 /var/www/jornada-automocion-api/vendor/laravel/framework/src/Illuminate/Pipeline/Pipeline.php(209): Illuminate\\Foundation\\Http\\Middleware\\PreventRequestsDuringMaintenance->handle()
#49 /var/www/jornada-automocion-api/vendor/laravel/framework/src/Illuminate/Http/Middleware/HandleCors.php(49): Illuminate\\Pipeline\\Pipeline->Illuminate\\Pipeline\\{closure}()
#50 /var/www/jornada-automocion-api/vendor/laravel/framework/src/Illuminate/Pipeline/Pipeline.php(209): Illuminate\\Http\\Middleware\\HandleCors->handle()
#51 /var/www/jornada-automocion-api/vendor/laravel/framework/src/Illuminate/Http/Middleware/TrustProxies.php(58): Illuminate\\Pipeline\\Pipeline->Illuminate\\Pipeline\\{closure}()
#52 /var/www/jornada-automocion-api/vendor/laravel/framework/src/Illuminate/Pipeline/Pipeline.php(209): Illuminate\\Http\\Middleware\\TrustProxies->handle()
#53 /var/www/jornada-automocion-api/vendor/laravel/framework/src/Illuminate/Foundation/Http/Middleware/InvokeDeferredCallbacks.php(22): Illuminate\\Pipeline\\Pipeline->Illuminate\\Pipeline\\{closure}()
#54 /var/www/jornada-automocion-api/vendor/laravel/framework/src/Illuminate/Pipeline/Pipeline.php(209): Illuminate\\Foundation\\Http\\Middleware\\InvokeDeferredCallbacks->handle()
#55 /var/www/jornada-automocion-api/vendor/laravel/framework/src/Illuminate/Pipeline/Pipeline.php(127): Illuminate\\Pipeline\\Pipeline->Illuminate\\Pipeline\\{closure}()
#56 /var/www/jornada-automocion-api/vendor/laravel/framework/src/Illuminate/Foundation/Http/Kernel.php(176): Illuminate\\Pipeline\\Pipeline->then()
#57 /var/www/jornada-automocion-api/vendor/laravel/framework/src/Illuminate/Foundation/Http/Kernel.php(145): Illuminate\\Foundation\\Http\\Kernel->sendRequestThroughRouter()
#58 /var/www/jornada-automocion-api/vendor/laravel/framework/src/Illuminate/Foundation/Application.php(1220): Illuminate\\Foundation\\Http\\Kernel->handle()
#59 /var/www/jornada-automocion-api/public/index.php(17): Illuminate\\Foundation\\Application->handleRequest()
#60 {main}
"} 
[2026-05-10 11:55:06] production.ERROR: SQLSTATE[22001]: String data, right truncated: 1406 Data too long for column 'Linkedin' at row 1 (Connection: mysql, SQL: update `students` set `introduction` = Soy estudiante de Electromecánica, me motiva mucho seguir aprendiendo cada dia y adquirir conocimientos sobre el mundo de la automoción. Tengo experiencia previa en Automocion. Soy una persona responsable, organizada, autodidacta y trabajo en equipo., `Linkedin` = https://www.linkedin.com/in/kathe-morales-60117418b?utm_source=share_via&utm_content=profile&utm_medium=member_android, `postal_code` = 08917, `city` = Badalona where `idStudent` = 186) {"userId":988,"exception":"[object] (Illuminate\\Database\\QueryException(code: 22001): SQLSTATE[22001]: String data, right truncated: 1406 Data too long for column 'Linkedin' at row 1 (Connection: mysql, SQL: update `students` set `introduction` = Soy estudiante de Electromecánica, me motiva mucho seguir aprendiendo cada dia y adquirir conocimientos sobre el mundo de la automoción. Tengo experiencia previa en Automocion. Soy una persona responsable, organizada, autodidacta y trabajo en equipo., `Linkedin` = https://www.linkedin.com/in/kathe-morales-60117418b?utm_source=share_via&utm_content=profile&utm_medium=member_android, `postal_code` = 08917, `city` = Badalona where `idStudent` = 186) at /var/www/jornada-automocion-api/vendor/laravel/framework/src/Illuminate/Database/Connection.php:825)
[stacktrace]
#0 /var/www/jornada-automocion-api/vendor/laravel/framework/src/Illuminate/Database/Connection.php(779): Illuminate\\Database\\Connection->runQueryCallback()
#1 /var/www/jornada-automocion-api/vendor/laravel/framework/src/Illuminate/Database/Connection.php(584): Illuminate\\Database\\Connection->run()
#2 /var/www/jornada-automocion-api/vendor/laravel/framework/src/Illuminate/Database/Connection.php(536): Illuminate\\Database\\Connection->affectingStatement()
#3 /var/www/jornada-automocion-api/vendor/laravel/framework/src/Illuminate/Database/Query/Builder.php(3830): Illuminate\\Database\\Connection->update()
#4 /var/www/jornada-automocion-api/vendor/laravel/framework/src/Illuminate/Database/Eloquent/Builder.php(1175): Illuminate\\Database\\Query\\Builder->update()
#5 /var/www/jornada-automocion-api/vendor/laravel/framework/src/Illuminate/Database/Eloquent/Model.php(1239): Illuminate\\Database\\Eloquent\\Builder->update()
#6 /var/www/jornada-automocion-api/vendor/laravel/framework/src/Illuminate/Database/Eloquent/Model.php(1156): Illuminate\\Database\\Eloquent\\Model->performUpdate()
#7 /var/www/jornada-automocion-api/app/Http/Controllers/StudentController.php(387): Illuminate\\Database\\Eloquent\\Model->save()
#8 /var/www/jornada-automocion-api/vendor/laravel/framework/src/Illuminate/Routing/ControllerDispatcher.php(47): App\\Http\\Controllers\\StudentController->updateProfile()
#9 /var/www/jornada-automocion-api/vendor/laravel/framework/src/Illuminate/Routing/Route.php(266): Illuminate\\Routing\\ControllerDispatcher->dispatch()
#10 /var/www/jornada-automocion-api/vendor/laravel/framework/src/Illuminate/Routing/Route.php(212): Illuminate\\Routing\\Route->runController()
#11 /var/www/jornada-automocion-api/vendor/laravel/framework/src/Illuminate/Routing/Router.php(808): Illuminate\\Routing\\Route->run()
#12 /var/www/jornada-automocion-api/vendor/laravel/framework/src/Illuminate/Pipeline/Pipeline.php(170): Illuminate\\Routing\\Router->Illuminate\\Routing\\{closure}()
#13 /var/www/jornada-automocion-api/app/Http/Middleware/RoleMiddleware.php(25): Illuminate\\Pipeline\\Pipeline->Illuminate\\Pipeline\\{closure}()
#14 /var/www/jornada-automocion-api/vendor/laravel/framework/src/Illuminate/Pipeline/Pipeline.php(209): App\\Http\\Middleware\\RoleMiddleware->handle()
#15 /var/www/jornada-automocion-api/vendor/laravel/framework/src/Illuminate/Routing/Middleware/SubstituteBindings.php(51): Illuminate\\Pipeline\\Pipeline->Illuminate\\Pipeline\\{closure}()
#16 /var/www/jornada-automocion-api/vendor/laravel/framework/src/Illuminate/Pipeline/Pipeline.php(209): Illuminate\\Routing\\Middleware\\SubstituteBindings->handle()
#17 /var/www/jornada-automocion-api/vendor/laravel/framework/src/Illuminate/Foundation/Http/Middleware/VerifyCsrfToken.php(88): Illuminate\\Pipeline\\Pipeline->Illuminate\\Pipeline\\{closure}()
#18 /var/www/jornada-automocion-api/vendor/laravel/framework/src/Illuminate/Pipeline/Pipeline.php(209): Illuminate\\Foundation\\Http\\Middleware\\VerifyCsrfToken->handle()
#19 /var/www/jornada-automocion-api/vendor/laravel/framework/src/Illuminate/View/Middleware/ShareErrorsFromSession.php(49): Illuminate\\Pipeline\\Pipeline->Illuminate\\Pipeline\\{closure}()
#20 /var/www/jornada-automocion-api/vendor/laravel/framework/src/Illuminate/Pipeline/Pipeline.php(209): Illuminate\\View\\Middleware\\ShareErrorsFromSession->handle()
#21 /var/www/jornada-automocion-api/vendor/laravel/framework/src/Illuminate/Session/Middleware/StartSession.php(121): Illuminate\\Pipeline\\Pipeline->Illuminate\\Pipeline\\{closure}()
#22 /var/www/jornada-automocion-api/vendor/laravel/framework/src/Illuminate/Session/Middleware/StartSession.php(64): Illuminate\\Session\\Middleware\\StartSession->handleStatefulRequest()
#23 /var/www/jornada-automocion-api/vendor/laravel/framework/src/Illuminate/Pipeline/Pipeline.php(209): Illuminate\\Session\\Middleware\\StartSession->handle()
#24 /var/www/jornada-automocion-api/vendor/laravel/framework/src/Illuminate/Cookie/Middleware/AddQueuedCookiesToResponse.php(37): Illuminate\\Pipeline\\Pipeline->Illuminate\\Pipeline\\{closure}()
#25 /var/www/jornada-automocion-api/vendor/laravel/framework/src/Illuminate/Pipeline/Pipeline.php(209): Illuminate\\Cookie\\Middleware\\AddQueuedCookiesToResponse->handle()
#26 /var/www/jornada-automocion-api/vendor/laravel/framework/src/Illuminate/Cookie/Middleware/EncryptCookies.php(75): Illuminate\\Pipeline\\Pipeline->Illuminate\\Pipeline\\{closure}()
#27 /var/www/jornada-automocion-api/vendor/laravel/framework/src/Illuminate/Pipeline/Pipeline.php(209): Illuminate\\Cookie\\Middleware\\EncryptCookies->handle()
#28 /var/www/jornada-automocion-api/vendor/laravel/framework/src/Illuminate/Pipeline/Pipeline.php(127): Illuminate\\Pipeline\\Pipeline->Illuminate\\Pipeline\\{closure}()
#29 /var/www/jornada-automocion-api/vendor/laravel/framework/src/Illuminate/Routing/Router.php(807): Illuminate\\Pipeline\\Pipeline->then()
#30 /var/www/jornada-automocion-api/vendor/laravel/framework/src/Illuminate/Routing/Router.php(786): Illuminate\\Routing\\Router->runRouteWithinStack()
#31 /var/www/jornada-automocion-api/vendor/laravel/framework/src/Illuminate/Routing/Router.php(750): Illuminate\\Routing\\Router->runRoute()
#32 /var/www/jornada-automocion-api/vendor/laravel/framework/src/Illuminate/Routing/Router.php(739): Illuminate\\Routing\\Router->dispatchToRoute()
#33 /var/www/jornada-automocion-api/vendor/laravel/framework/src/Illuminate/Foundation/Http/Kernel.php(201): Illuminate\\Routing\\Router->dispatch()
#34 /var/www/jornada-automocion-api/vendor/laravel/framework/src/Illuminate/Pipeline/Pipeline.php(170): Illuminate\\Foundation\\Http\\Kernel->Illuminate\\Foundation\\Http\\{closure}()
#35 /var/www/jornada-automocion-api/vendor/livewire/livewire/src/Features/SupportDisablingBackButtonCache/DisableBackButtonCacheMiddleware.php(19): Illuminate\\Pipeline\\Pipeline->Illuminate\\Pipeline\\{closure}()
#36 /var/www/jornada-automocion-api/vendor/laravel/framework/src/Illuminate/Pipeline/Pipeline.php(209): Livewire\\Features\\SupportDisablingBackButtonCache\\DisableBackButtonCacheMiddleware->handle()
#37 /var/www/jornada-automocion-api/vendor/laravel/framework/src/Illuminate/Foundation/Http/Middleware/TransformsRequest.php(21): Illuminate\\Pipeline\\Pipeline->Illuminate\\Pipeline\\{closure}()
#38 /var/www/jornada-automocion-api/vendor/laravel/framework/src/Illuminate/Foundation/Http/Middleware/ConvertEmptyStringsToNull.php(31): Illuminate\\Foundation\\Http\\Middleware\\TransformsRequest->handle()
#39 /var/www/jornada-automocion-api/vendor/laravel/framework/src/Illuminate/Pipeline/Pipeline.php(209): Illuminate\\Foundation\\Http\\Middleware\\ConvertEmptyStringsToNull->handle()
#40 /var/www/jornada-automocion-api/vendor/laravel/framework/src/Illuminate/Foundation/Http/Middleware/TransformsRequest.php(21): Illuminate\\Pipeline\\Pipeline->Illuminate\\Pipeline\\{closure}()
#41 /var/www/jornada-automocion-api/vendor/laravel/framework/src/Illuminate/Foundation/Http/Middleware/TrimStrings.php(51): Illuminate\\Foundation\\Http\\Middleware\\TransformsRequest->handle()
#42 /var/www/jornada-automocion-api/vendor/laravel/framework/src/Illuminate/Pipeline/Pipeline.php(209): Illuminate\\Foundation\\Http\\Middleware\\TrimStrings->handle()
#43 /var/www/jornada-automocion-api/vendor/laravel/framework/src/Illuminate/Http/Middleware/ValidatePostSize.php(27): Illuminate\\Pipeline\\Pipeline->Illuminate\\Pipeline\\{closure}()
#44 /var/www/jornada-automocion-api/vendor/laravel/framework/src/Illuminate/Pipeline/Pipeline.php(209): Illuminate\\Http\\Middleware\\ValidatePostSize->handle()
#45 /var/www/jornada-automocion-api/vendor/laravel/framework/src/Illuminate/Foundation/Http/Middleware/PreventRequestsDuringMaintenance.php(110): Illuminate\\Pipeline\\Pipeline->Illuminate\\Pipeline\\{closure}()
#46 /var/www/jornada-automocion-api/vendor/laravel/framework/src/Illuminate/Pipeline/Pipeline.php(209): Illuminate\\Foundation\\Http\\Middleware\\PreventRequestsDuringMaintenance->handle()
#47 /var/www/jornada-automocion-api/vendor/laravel/framework/src/Illuminate/Http/Middleware/HandleCors.php(49): Illuminate\\Pipeline\\Pipeline->Illuminate\\Pipeline\\{closure}()
#48 /var/www/jornada-automocion-api/vendor/laravel/framework/src/Illuminate/Pipeline/Pipeline.php(209): Illuminate\\Http\\Middleware\\HandleCors->handle()
#49 /var/www/jornada-automocion-api/vendor/laravel/framework/src/Illuminate/Http/Middleware/TrustProxies.php(58): Illuminate\\Pipeline\\Pipeline->Illuminate\\Pipeline\\{closure}()
#50 /var/www/jornada-automocion-api/vendor/laravel/framework/src/Illuminate/Pipeline/Pipeline.php(209): Illuminate\\Http\\Middleware\\TrustProxies->handle()
#51 /var/www/jornada-automocion-api/vendor/laravel/framework/src/Illuminate/Foundation/Http/Middleware/InvokeDeferredCallbacks.php(22): Illuminate\\Pipeline\\Pipeline->Illuminate\\Pipeline\\{closure}()
#52 /var/www/jornada-automocion-api/vendor/laravel/framework/src/Illuminate/Pipeline/Pipeline.php(209): Illuminate\\Foundation\\Http\\Middleware\\InvokeDeferredCallbacks->handle()
#53 /var/www/jornada-automocion-api/vendor/laravel/framework/src/Illuminate/Pipeline/Pipeline.php(127): Illuminate\\Pipeline\\Pipeline->Illuminate\\Pipeline\\{closure}()
#54 /var/www/jornada-automocion-api/vendor/laravel/framework/src/Illuminate/Foundation/Http/Kernel.php(176): Illuminate\\Pipeline\\Pipeline->then()
#55 /var/www/jornada-automocion-api/vendor/laravel/framework/src/Illuminate/Foundation/Http/Kernel.php(145): Illuminate\\Foundation\\Http\\Kernel->sendRequestThroughRouter()
#56 /var/www/jornada-automocion-api/vendor/laravel/framework/src/Illuminate/Foundation/Application.php(1220): Illuminate\\Foundation\\Http\\Kernel->handle()
#57 /var/www/jornada-automocion-api/public/index.php(17): Illuminate\\Foundation\\Application->handleRequest()
#58 {main}

[previous exception] [object] (PDOException(code: 22001): SQLSTATE[22001]: String data, right truncated: 1406 Data too long for column 'Linkedin' at row 1 at /var/www/jornada-automocion-api/vendor/laravel/framework/src/Illuminate/Database/Connection.php:596)
[stacktrace]
#0 /var/www/jornada-automocion-api/vendor/laravel/framework/src/Illuminate/Database/Connection.php(596): PDOStatement->execute()
#1 /var/www/jornada-automocion-api/vendor/laravel/framework/src/Illuminate/Database/Connection.php(812): Illuminate\\Database\\Connection->Illuminate\\Database\\{closure}()
#2 /var/www/jornada-automocion-api/vendor/laravel/framework/src/Illuminate/Database/Connection.php(779): Illuminate\\Database\\Connection->runQueryCallback()
#3 /var/www/jornada-automocion-api/vendor/laravel/framework/src/Illuminate/Database/Connection.php(584): Illuminate\\Database\\Connection->run()
#4 /var/www/jornada-automocion-api/vendor/laravel/framework/src/Illuminate/Database/Connection.php(536): Illuminate\\Database\\Connection->affectingStatement()
#5 /var/www/jornada-automocion-api/vendor/laravel/framework/src/Illuminate/Database/Query/Builder.php(3830): Illuminate\\Database\\Connection->update()
#6 /var/www/jornada-automocion-api/vendor/laravel/framework/src/Illuminate/Database/Eloquent/Builder.php(1175): Illuminate\\Database\\Query\\Builder->update()
#7 /var/www/jornada-automocion-api/vendor/laravel/framework/src/Illuminate/Database/Eloquent/Model.php(1239): Illuminate\\Database\\Eloquent\\Builder->update()
#8 /var/www/jornada-automocion-api/vendor/laravel/framework/src/Illuminate/Database/Eloquent/Model.php(1156): Illuminate\\Database\\Eloquent\\Model->performUpdate()
#9 /var/www/jornada-automocion-api/app/Http/Controllers/StudentController.php(387): Illuminate\\Database\\Eloquent\\Model->save()
#10 /var/www/jornada-automocion-api/vendor/laravel/framework/src/Illuminate/Routing/ControllerDispatcher.php(47): App\\Http\\Controllers\\StudentController->updateProfile()
#11 /var/www/jornada-automocion-api/vendor/laravel/framework/src/Illuminate/Routing/Route.php(266): Illuminate\\Routing\\ControllerDispatcher->dispatch()
#12 /var/www/jornada-automocion-api/vendor/laravel/framework/src/Illuminate/Routing/Route.php(212): Illuminate\\Routing\\Route->runController()
#13 /var/www/jornada-automocion-api/vendor/laravel/framework/src/Illuminate/Routing/Router.php(808): Illuminate\\Routing\\Route->run()
#14 /var/www/jornada-automocion-api/vendor/laravel/framework/src/Illuminate/Pipeline/Pipeline.php(170): Illuminate\\Routing\\Router->Illuminate\\Routing\\{closure}()
#15 /var/www/jornada-automocion-api/app/Http/Middleware/RoleMiddleware.php(25): Illuminate\\Pipeline\\Pipeline->Illuminate\\Pipeline\\{closure}()
#16 /var/www/jornada-automocion-api/vendor/laravel/framework/src/Illuminate/Pipeline/Pipeline.php(209): App\\Http\\Middleware\\RoleMiddleware->handle()
#17 /var/www/jornada-automocion-api/vendor/laravel/framework/src/Illuminate/Routing/Middleware/SubstituteBindings.php(51): Illuminate\\Pipeline\\Pipeline->Illuminate\\Pipeline\\{closure}()
#18 /var/www/jornada-automocion-api/vendor/laravel/framework/src/Illuminate/Pipeline/Pipeline.php(209): Illuminate\\Routing\\Middleware\\SubstituteBindings->handle()
#19 /var/www/jornada-automocion-api/vendor/laravel/framework/src/Illuminate/Foundation/Http/Middleware/VerifyCsrfToken.php(88): Illuminate\\Pipeline\\Pipeline->Illuminate\\Pipeline\\{closure}()
#20 /var/www/jornada-automocion-api/vendor/laravel/framework/src/Illuminate/Pipeline/Pipeline.php(209): Illuminate\\Foundation\\Http\\Middleware\\VerifyCsrfToken->handle()
#21 /var/www/jornada-automocion-api/vendor/laravel/framework/src/Illuminate/View/Middleware/ShareErrorsFromSession.php(49): Illuminate\\Pipeline\\Pipeline->Illuminate\\Pipeline\\{closure}()
#22 /var/www/jornada-automocion-api/vendor/laravel/framework/src/Illuminate/Pipeline/Pipeline.php(209): Illuminate\\View\\Middleware\\ShareErrorsFromSession->handle()
#23 /var/www/jornada-automocion-api/vendor/laravel/framework/src/Illuminate/Session/Middleware/StartSession.php(121): Illuminate\\Pipeline\\Pipeline->Illuminate\\Pipeline\\{closure}()
#24 /var/www/jornada-automocion-api/vendor/laravel/framework/src/Illuminate/Session/Middleware/StartSession.php(64): Illuminate\\Session\\Middleware\\StartSession->handleStatefulRequest()
#25 /var/www/jornada-automocion-api/vendor/laravel/framework/src/Illuminate/Pipeline/Pipeline.php(209): Illuminate\\Session\\Middleware\\StartSession->handle()
#26 /var/www/jornada-automocion-api/vendor/laravel/framework/src/Illuminate/Cookie/Middleware/AddQueuedCookiesToResponse.php(37): Illuminate\\Pipeline\\Pipeline->Illuminate\\Pipeline\\{closure}()
#27 /var/www/jornada-automocion-api/vendor/laravel/framework/src/Illuminate/Pipeline/Pipeline.php(209): Illuminate\\Cookie\\Middleware\\AddQueuedCookiesToResponse->handle()
#28 /var/www/jornada-automocion-api/vendor/laravel/framework/src/Illuminate/Cookie/Middleware/EncryptCookies.php(75): Illuminate\\Pipeline\\Pipeline->Illuminate\\Pipeline\\{closure}()
#29 /var/www/jornada-automocion-api/vendor/laravel/framework/src/Illuminate/Pipeline/Pipeline.php(209): Illuminate\\Cookie\\Middleware\\EncryptCookies->handle()
#30 /var/www/jornada-automocion-api/vendor/laravel/framework/src/Illuminate/Pipeline/Pipeline.php(127): Illuminate\\Pipeline\\Pipeline->Illuminate\\Pipeline\\{closure}()
#31 /var/www/jornada-automocion-api/vendor/laravel/framework/src/Illuminate/Routing/Router.php(807): Illuminate\\Pipeline\\Pipeline->then()
#32 /var/www/jornada-automocion-api/vendor/laravel/framework/src/Illuminate/Routing/Router.php(786): Illuminate\\Routing\\Router->runRouteWithinStack()
#33 /var/www/jornada-automocion-api/vendor/laravel/framework/src/Illuminate/Routing/Router.php(750): Illuminate\\Routing\\Router->runRoute()
#34 /var/www/jornada-automocion-api/vendor/laravel/framework/src/Illuminate/Routing/Router.php(739): Illuminate\\Routing\\Router->dispatchToRoute()
#35 /var/www/jornada-automocion-api/vendor/laravel/framework/src/Illuminate/Foundation/Http/Kernel.php(201): Illuminate\\Routing\\Router->dispatch()
#36 /var/www/jornada-automocion-api/vendor/laravel/framework/src/Illuminate/Pipeline/Pipeline.php(170): Illuminate\\Foundation\\Http\\Kernel->Illuminate\\Foundation\\Http\\{closure}()
#37 /var/www/jornada-automocion-api/vendor/livewire/livewire/src/Features/SupportDisablingBackButtonCache/DisableBackButtonCacheMiddleware.php(19): Illuminate\\Pipeline\\Pipeline->Illuminate\\Pipeline\\{closure}()
#38 /var/www/jornada-automocion-api/vendor/laravel/framework/src/Illuminate/Pipeline/Pipeline.php(209): Livewire\\Features\\SupportDisablingBackButtonCache\\DisableBackButtonCacheMiddleware->handle()
#39 /var/www/jornada-automocion-api/vendor/laravel/framework/src/Illuminate/Foundation/Http/Middleware/TransformsRequest.php(21): Illuminate\\Pipeline\\Pipeline->Illuminate\\Pipeline\\{closure}()
#40 /var/www/jornada-automocion-api/vendor/laravel/framework/src/Illuminate/Foundation/Http/Middleware/ConvertEmptyStringsToNull.php(31): Illuminate\\Foundation\\Http\\Middleware\\TransformsRequest->handle()
#41 /var/www/jornada-automocion-api/vendor/laravel/framework/src/Illuminate/Pipeline/Pipeline.php(209): Illuminate\\Foundation\\Http\\Middleware\\ConvertEmptyStringsToNull->handle()
#42 /var/www/jornada-automocion-api/vendor/laravel/framework/src/Illuminate/Foundation/Http/Middleware/TransformsRequest.php(21): Illuminate\\Pipeline\\Pipeline->Illuminate\\Pipeline\\{closure}()
#43 /var/www/jornada-automocion-api/vendor/laravel/framework/src/Illuminate/Foundation/Http/Middleware/TrimStrings.php(51): Illuminate\\Foundation\\Http\\Middleware\\TransformsRequest->handle()
#44 /var/www/jornada-automocion-api/vendor/laravel/framework/src/Illuminate/Pipeline/Pipeline.php(209): Illuminate\\Foundation\\Http\\Middleware\\TrimStrings->handle()
#45 /var/www/jornada-automocion-api/vendor/laravel/framework/src/Illuminate/Http/Middleware/ValidatePostSize.php(27): Illuminate\\Pipeline\\Pipeline->Illuminate\\Pipeline\\{closure}()
#46 /var/www/jornada-automocion-api/vendor/laravel/framework/src/Illuminate/Pipeline/Pipeline.php(209): Illuminate\\Http\\Middleware\\ValidatePostSize->handle()
#47 /var/www/jornada-automocion-api/vendor/laravel/framework/src/Illuminate/Foundation/Http/Middleware/PreventRequestsDuringMaintenance.php(110): Illuminate\\Pipeline\\Pipeline->Illuminate\\Pipeline\\{closure}()
#48 /var/www/jornada-automocion-api/vendor/laravel/framework/src/Illuminate/Pipeline/Pipeline.php(209): Illuminate\\Foundation\\Http\\Middleware\\PreventRequestsDuringMaintenance->handle()
#49 /var/www/jornada-automocion-api/vendor/laravel/framework/src/Illuminate/Http/Middleware/HandleCors.php(49): Illuminate\\Pipeline\\Pipeline->Illuminate\\Pipeline\\{closure}()
#50 /var/www/jornada-automocion-api/vendor/laravel/framework/src/Illuminate/Pipeline/Pipeline.php(209): Illuminate\\Http\\Middleware\\HandleCors->handle()
#51 /var/www/jornada-automocion-api/vendor/laravel/framework/src/Illuminate/Http/Middleware/TrustProxies.php(58): Illuminate\\Pipeline\\Pipeline->Illuminate\\Pipeline\\{closure}()
#52 /var/www/jornada-automocion-api/vendor/laravel/framework/src/Illuminate/Pipeline/Pipeline.php(209): Illuminate\\Http\\Middleware\\TrustProxies->handle()
#53 /var/www/jornada-automocion-api/vendor/laravel/framework/src/Illuminate/Foundation/Http/Middleware/InvokeDeferredCallbacks.php(22): Illuminate\\Pipeline\\Pipeline->Illuminate\\Pipeline\\{closure}()
#54 /var/www/jornada-automocion-api/vendor/laravel/framework/src/Illuminate/Pipeline/Pipeline.php(209): Illuminate\\Foundation\\Http\\Middleware\\InvokeDeferredCallbacks->handle()
#55 /var/www/jornada-automocion-api/vendor/laravel/framework/src/Illuminate/Pipeline/Pipeline.php(127): Illuminate\\Pipeline\\Pipeline->Illuminate\\Pipeline\\{closure}()
#56 /var/www/jornada-automocion-api/vendor/laravel/framework/src/Illuminate/Foundation/Http/Kernel.php(176): Illuminate\\Pipeline\\Pipeline->then()
#57 /var/www/jornada-automocion-api/vendor/laravel/framework/src/Illuminate/Foundation/Http/Kernel.php(145): Illuminate\\Foundation\\Http\\Kernel->sendRequestThroughRouter()
#58 /var/www/jornada-automocion-api/vendor/laravel/framework/src/Illuminate/Foundation/Application.php(1220): Illuminate\\Foundation\\Http\\Kernel->handle()
#59 /var/www/jornada-automocion-api/public/index.php(17): Illuminate\\Foundation\\Application->handleRequest()
#60 {main}
"} 
[2026-05-10 11:55:28] production.ERROR: SQLSTATE[22001]: String data, right truncated: 1406 Data too long for column 'Linkedin' at row 1 (Connection: mysql, SQL: update `students` set `introduction` = Soy estudiante de Electromecánica, me motiva mucho seguir aprendiendo cada dia y adquirir conocimientos sobre el mundo de la automoción. Tengo experiencia previa en Automocion. Soy una persona responsable, organizada, autodidacta y trabajo en equipo., `Linkedin` = https://www.linkedin.com/in/kathe-morales-60117418b?utm_source=share_via&utm_content=profile&utm_medium=member_android, `postal_code` = 08917, `city` = Badalona where `idStudent` = 186) {"userId":988,"exception":"[object] (Illuminate\\Database\\QueryException(code: 22001): SQLSTATE[22001]: String data, right truncated: 1406 Data too long for column 'Linkedin' at row 1 (Connection: mysql, SQL: update `students` set `introduction` = Soy estudiante de Electromecánica, me motiva mucho seguir aprendiendo cada dia y adquirir conocimientos sobre el mundo de la automoción. Tengo experiencia previa en Automocion. Soy una persona responsable, organizada, autodidacta y trabajo en equipo., `Linkedin` = https://www.linkedin.com/in/kathe-morales-60117418b?utm_source=share_via&utm_content=profile&utm_medium=member_android, `postal_code` = 08917, `city` = Badalona where `idStudent` = 186) at /var/www/jornada-automocion-api/vendor/laravel/framework/src/Illuminate/Database/Connection.php:825)
[stacktrace]
#0 /var/www/jornada-automocion-api/vendor/laravel/framework/src/Illuminate/Database/Connection.php(779): Illuminate\\Database\\Connection->runQueryCallback()
#1 /var/www/jornada-automocion-api/vendor/laravel/framework/src/Illuminate/Database/Connection.php(584): Illuminate\\Database\\Connection->run()
#2 /var/www/jornada-automocion-api/vendor/laravel/framework/src/Illuminate/Database/Connection.php(536): Illuminate\\Database\\Connection->affectingStatement()
#3 /var/www/jornada-automocion-api/vendor/laravel/framework/src/Illuminate/Database/Query/Builder.php(3830): Illuminate\\Database\\Connection->update()
#4 /var/www/jornada-automocion-api/vendor/laravel/framework/src/Illuminate/Database/Eloquent/Builder.php(1175): Illuminate\\Database\\Query\\Builder->update()
#5 /var/www/jornada-automocion-api/vendor/laravel/framework/src/Illuminate/Database/Eloquent/Model.php(1239): Illuminate\\Database\\Eloquent\\Builder->update()
#6 /var/www/jornada-automocion-api/vendor/laravel/framework/src/Illuminate/Database/Eloquent/Model.php(1156): Illuminate\\Database\\Eloquent\\Model->performUpdate()
#7 /var/www/jornada-automocion-api/app/Http/Controllers/StudentController.php(387): Illuminate\\Database\\Eloquent\\Model->save()
#8 /var/www/jornada-automocion-api/vendor/laravel/framework/src/Illuminate/Routing/ControllerDispatcher.php(47): App\\Http\\Controllers\\StudentController->updateProfile()
#9 /var/www/jornada-automocion-api/vendor/laravel/framework/src/Illuminate/Routing/Route.php(266): Illuminate\\Routing\\ControllerDispatcher->dispatch()
#10 /var/www/jornada-automocion-api/vendor/laravel/framework/src/Illuminate/Routing/Route.php(212): Illuminate\\Routing\\Route->runController()
#11 /var/www/jornada-automocion-api/vendor/laravel/framework/src/Illuminate/Routing/Router.php(808): Illuminate\\Routing\\Route->run()
#12 /var/www/jornada-automocion-api/vendor/laravel/framework/src/Illuminate/Pipeline/Pipeline.php(170): Illuminate\\Routing\\Router->Illuminate\\Routing\\{closure}()
#13 /var/www/jornada-automocion-api/app/Http/Middleware/RoleMiddleware.php(25): Illuminate\\Pipeline\\Pipeline->Illuminate\\Pipeline\\{closure}()
#14 /var/www/jornada-automocion-api/vendor/laravel/framework/src/Illuminate/Pipeline/Pipeline.php(209): App\\Http\\Middleware\\RoleMiddleware->handle()
#15 /var/www/jornada-automocion-api/vendor/laravel/framework/src/Illuminate/Routing/Middleware/SubstituteBindings.php(51): Illuminate\\Pipeline\\Pipeline->Illuminate\\Pipeline\\{closure}()
#16 /var/www/jornada-automocion-api/vendor/laravel/framework/src/Illuminate/Pipeline/Pipeline.php(209): Illuminate\\Routing\\Middleware\\SubstituteBindings->handle()
#17 /var/www/jornada-automocion-api/vendor/laravel/framework/src/Illuminate/Foundation/Http/Middleware/VerifyCsrfToken.php(88): Illuminate\\Pipeline\\Pipeline->Illuminate\\Pipeline\\{closure}()
#18 /var/www/jornada-automocion-api/vendor/laravel/framework/src/Illuminate/Pipeline/Pipeline.php(209): Illuminate\\Foundation\\Http\\Middleware\\VerifyCsrfToken->handle()
#19 /var/www/jornada-automocion-api/vendor/laravel/framework/src/Illuminate/View/Middleware/ShareErrorsFromSession.php(49): Illuminate\\Pipeline\\Pipeline->Illuminate\\Pipeline\\{closure}()
#20 /var/www/jornada-automocion-api/vendor/laravel/framework/src/Illuminate/Pipeline/Pipeline.php(209): Illuminate\\View\\Middleware\\ShareErrorsFromSession->handle()
#21 /var/www/jornada-automocion-api/vendor/laravel/framework/src/Illuminate/Session/Middleware/StartSession.php(121): Illuminate\\Pipeline\\Pipeline->Illuminate\\Pipeline\\{closure}()
#22 /var/www/jornada-automocion-api/vendor/laravel/framework/src/Illuminate/Session/Middleware/StartSession.php(64): Illuminate\\Session\\Middleware\\StartSession->handleStatefulRequest()
#23 /var/www/jornada-automocion-api/vendor/laravel/framework/src/Illuminate/Pipeline/Pipeline.php(209): Illuminate\\Session\\Middleware\\StartSession->handle()
#24 /var/www/jornada-automocion-api/vendor/laravel/framework/src/Illuminate/Cookie/Middleware/AddQueuedCookiesToResponse.php(37): Illuminate\\Pipeline\\Pipeline->Illuminate\\Pipeline\\{closure}()
#25 /var/www/jornada-automocion-api/vendor/laravel/framework/src/Illuminate/Pipeline/Pipeline.php(209): Illuminate\\Cookie\\Middleware\\AddQueuedCookiesToResponse->handle()
#26 /var/www/jornada-automocion-api/vendor/laravel/framework/src/Illuminate/Cookie/Middleware/EncryptCookies.php(75): Illuminate\\Pipeline\\Pipeline->Illuminate\\Pipeline\\{closure}()
#27 /var/www/jornada-automocion-api/vendor/laravel/framework/src/Illuminate/Pipeline/Pipeline.php(209): Illuminate\\Cookie\\Middleware\\EncryptCookies->handle()
#28 /var/www/jornada-automocion-api/vendor/laravel/framework/src/Illuminate/Pipeline/Pipeline.php(127): Illuminate\\Pipeline\\Pipeline->Illuminate\\Pipeline\\{closure}()
#29 /var/www/jornada-automocion-api/vendor/laravel/framework/src/Illuminate/Routing/Router.php(807): Illuminate\\Pipeline\\Pipeline->then()
#30 /var/www/jornada-automocion-api/vendor/laravel/framework/src/Illuminate/Routing/Router.php(786): Illuminate\\Routing\\Router->runRouteWithinStack()
#31 /var/www/jornada-automocion-api/vendor/laravel/framework/src/Illuminate/Routing/Router.php(750): Illuminate\\Routing\\Router->runRoute()
#32 /var/www/jornada-automocion-api/vendor/laravel/framework/src/Illuminate/Routing/Router.php(739): Illuminate\\Routing\\Router->dispatchToRoute()
#33 /var/www/jornada-automocion-api/vendor/laravel/framework/src/Illuminate/Foundation/Http/Kernel.php(201): Illuminate\\Routing\\Router->dispatch()
#34 /var/www/jornada-automocion-api/vendor/laravel/framework/src/Illuminate/Pipeline/Pipeline.php(170): Illuminate\\Foundation\\Http\\Kernel->Illuminate\\Foundation\\Http\\{closure}()
#35 /var/www/jornada-automocion-api/vendor/livewire/livewire/src/Features/SupportDisablingBackButtonCache/DisableBackButtonCacheMiddleware.php(19): Illuminate\\Pipeline\\Pipeline->Illuminate\\Pipeline\\{closure}()
#36 /var/www/jornada-automocion-api/vendor/laravel/framework/src/Illuminate/Pipeline/Pipeline.php(209): Livewire\\Features\\SupportDisablingBackButtonCache\\DisableBackButtonCacheMiddleware->handle()
#37 /var/www/jornada-automocion-api/vendor/laravel/framework/src/Illuminate/Foundation/Http/Middleware/TransformsRequest.php(21): Illuminate\\Pipeline\\Pipeline->Illuminate\\Pipeline\\{closure}()
#38 /var/www/jornada-automocion-api/vendor/laravel/framework/src/Illuminate/Foundation/Http/Middleware/ConvertEmptyStringsToNull.php(31): Illuminate\\Foundation\\Http\\Middleware\\TransformsRequest->handle()
#39 /var/www/jornada-automocion-api/vendor/laravel/framework/src/Illuminate/Pipeline/Pipeline.php(209): Illuminate\\Foundation\\Http\\Middleware\\ConvertEmptyStringsToNull->handle()
#40 /var/www/jornada-automocion-api/vendor/laravel/framework/src/Illuminate/Foundation/Http/Middleware/TransformsRequest.php(21): Illuminate\\Pipeline\\Pipeline->Illuminate\\Pipeline\\{closure}()
#41 /var/www/jornada-automocion-api/vendor/laravel/framework/src/Illuminate/Foundation/Http/Middleware/TrimStrings.php(51): Illuminate\\Foundation\\Http\\Middleware\\TransformsRequest->handle()
#42 /var/www/jornada-automocion-api/vendor/laravel/framework/src/Illuminate/Pipeline/Pipeline.php(209): Illuminate\\Foundation\\Http\\Middleware\\TrimStrings->handle()
#43 /var/www/jornada-automocion-api/vendor/laravel/framework/src/Illuminate/Http/Middleware/ValidatePostSize.php(27): Illuminate\\Pipeline\\Pipeline->Illuminate\\Pipeline\\{closure}()
#44 /var/www/jornada-automocion-api/vendor/laravel/framework/src/Illuminate/Pipeline/Pipeline.php(209): Illuminate\\Http\\Middleware\\ValidatePostSize->handle()
#45 /var/www/jornada-automocion-api/vendor/laravel/framework/src/Illuminate/Foundation/Http/Middleware/PreventRequestsDuringMaintenance.php(110): Illuminate\\Pipeline\\Pipeline->Illuminate\\Pipeline\\{closure}()
#46 /var/www/jornada-automocion-api/vendor/laravel/framework/src/Illuminate/Pipeline/Pipeline.php(209): Illuminate\\Foundation\\Http\\Middleware\\PreventRequestsDuringMaintenance->handle()
#47 /var/www/jornada-automocion-api/vendor/laravel/framework/src/Illuminate/Http/Middleware/HandleCors.php(49): Illuminate\\Pipeline\\Pipeline->Illuminate\\Pipeline\\{closure}()
#48 /var/www/jornada-automocion-api/vendor/laravel/framework/src/Illuminate/Pipeline/Pipeline.php(209): Illuminate\\Http\\Middleware\\HandleCors->handle()
#49 /var/www/jornada-automocion-api/vendor/laravel/framework/src/Illuminate/Http/Middleware/TrustProxies.php(58): Illuminate\\Pipeline\\Pipeline->Illuminate\\Pipeline\\{closure}()
#50 /var/www/jornada-automocion-api/vendor/laravel/framework/src/Illuminate/Pipeline/Pipeline.php(209): Illuminate\\Http\\Middleware\\TrustProxies->handle()
#51 /var/www/jornada-automocion-api/vendor/laravel/framework/src/Illuminate/Foundation/Http/Middleware/InvokeDeferredCallbacks.php(22): Illuminate\\Pipeline\\Pipeline->Illuminate\\Pipeline\\{closure}()
#52 /var/www/jornada-automocion-api/vendor/laravel/framework/src/Illuminate/Pipeline/Pipeline.php(209): Illuminate\\Foundation\\Http\\Middleware\\InvokeDeferredCallbacks->handle()
#53 /var/www/jornada-automocion-api/vendor/laravel/framework/src/Illuminate/Pipeline/Pipeline.php(127): Illuminate\\Pipeline\\Pipeline->Illuminate\\Pipeline\\{closure}()
#54 /var/www/jornada-automocion-api/vendor/laravel/framework/src/Illuminate/Foundation/Http/Kernel.php(176): Illuminate\\Pipeline\\Pipeline->then()
#55 /var/www/jornada-automocion-api/vendor/laravel/framework/src/Illuminate/Foundation/Http/Kernel.php(145): Illuminate\\Foundation\\Http\\Kernel->sendRequestThroughRouter()
#56 /var/www/jornada-automocion-api/vendor/laravel/framework/src/Illuminate/Foundation/Application.php(1220): Illuminate\\Foundation\\Http\\Kernel->handle()
#57 /var/www/jornada-automocion-api/public/index.php(17): Illuminate\\Foundation\\Application->handleRequest()
#58 {main}

[previous exception] [object] (PDOException(code: 22001): SQLSTATE[22001]: String data, right truncated: 1406 Data too long for column 'Linkedin' at row 1 at /var/www/jornada-automocion-api/vendor/laravel/framework/src/Illuminate/Database/Connection.php:596)
[stacktrace]
#0 /var/www/jornada-automocion-api/vendor/laravel/framework/src/Illuminate/Database/Connection.php(596): PDOStatement->execute()
#1 /var/www/jornada-automocion-api/vendor/laravel/framework/src/Illuminate/Database/Connection.php(812): Illuminate\\Database\\Connection->Illuminate\\Database\\{closure}()
#2 /var/www/jornada-automocion-api/vendor/laravel/framework/src/Illuminate/Database/Connection.php(779): Illuminate\\Database\\Connection->runQueryCallback()
#3 /var/www/jornada-automocion-api/vendor/laravel/framework/src/Illuminate/Database/Connection.php(584): Illuminate\\Database\\Connection->run()
#4 /var/www/jornada-automocion-api/vendor/laravel/framework/src/Illuminate/Database/Connection.php(536): Illuminate\\Database\\Connection->affectingStatement()
#5 /var/www/jornada-automocion-api/vendor/laravel/framework/src/Illuminate/Database/Query/Builder.php(3830): Illuminate\\Database\\Connection->update()
#6 /var/www/jornada-automocion-api/vendor/laravel/framework/src/Illuminate/Database/Eloquent/Builder.php(1175): Illuminate\\Database\\Query\\Builder->update()
#7 /var/www/jornada-automocion-api/vendor/laravel/framework/src/Illuminate/Database/Eloquent/Model.php(1239): Illuminate\\Database\\Eloquent\\Builder->update()
#8 /var/www/jornada-automocion-api/vendor/laravel/framework/src/Illuminate/Database/Eloquent/Model.php(1156): Illuminate\\Database\\Eloquent\\Model->performUpdate()
#9 /var/www/jornada-automocion-api/app/Http/Controllers/StudentController.php(387): Illuminate\\Database\\Eloquent\\Model->save()
#10 /var/www/jornada-automocion-api/vendor/laravel/framework/src/Illuminate/Routing/ControllerDispatcher.php(47): App\\Http\\Controllers\\StudentController->updateProfile()
#11 /var/www/jornada-automocion-api/vendor/laravel/framework/src/Illuminate/Routing/Route.php(266): Illuminate\\Routing\\ControllerDispatcher->dispatch()
#12 /var/www/jornada-automocion-api/vendor/laravel/framework/src/Illuminate/Routing/Route.php(212): Illuminate\\Routing\\Route->runController()
#13 /var/www/jornada-automocion-api/vendor/laravel/framework/src/Illuminate/Routing/Router.php(808): Illuminate\\Routing\\Route->run()
#14 /var/www/jornada-automocion-api/vendor/laravel/framework/src/Illuminate/Pipeline/Pipeline.php(170): Illuminate\\Routing\\Router->Illuminate\\Routing\\{closure}()
#15 /var/www/jornada-automocion-api/app/Http/Middleware/RoleMiddleware.php(25): Illuminate\\Pipeline\\Pipeline->Illuminate\\Pipeline\\{closure}()
#16 /var/www/jornada-automocion-api/vendor/laravel/framework/src/Illuminate/Pipeline/Pipeline.php(209): App\\Http\\Middleware\\RoleMiddleware->handle()
#17 /var/www/jornada-automocion-api/vendor/laravel/framework/src/Illuminate/Routing/Middleware/SubstituteBindings.php(51): Illuminate\\Pipeline\\Pipeline->Illuminate\\Pipeline\\{closure}()
#18 /var/www/jornada-automocion-api/vendor/laravel/framework/src/Illuminate/Pipeline/Pipeline.php(209): Illuminate\\Routing\\Middleware\\SubstituteBindings->handle()
#19 /var/www/jornada-automocion-api/vendor/laravel/framework/src/Illuminate/Foundation/Http/Middleware/VerifyCsrfToken.php(88): Illuminate\\Pipeline\\Pipeline->Illuminate\\Pipeline\\{closure}()
#20 /var/www/jornada-automocion-api/vendor/laravel/framework/src/Illuminate/Pipeline/Pipeline.php(209): Illuminate\\Foundation\\Http\\Middleware\\VerifyCsrfToken->handle()
#21 /var/www/jornada-automocion-api/vendor/laravel/framework/src/Illuminate/View/Middleware/ShareErrorsFromSession.php(49): Illuminate\\Pipeline\\Pipeline->Illuminate\\Pipeline\\{closure}()
#22 /var/www/jornada-automocion-api/vendor/laravel/framework/src/Illuminate/Pipeline/Pipeline.php(209): Illuminate\\View\\Middleware\\ShareErrorsFromSession->handle()
#23 /var/www/jornada-automocion-api/vendor/laravel/framework/src/Illuminate/Session/Middleware/StartSession.php(121): Illuminate\\Pipeline\\Pipeline->Illuminate\\Pipeline\\{closure}()
#24 /var/www/jornada-automocion-api/vendor/laravel/framework/src/Illuminate/Session/Middleware/StartSession.php(64): Illuminate\\Session\\Middleware\\StartSession->handleStatefulRequest()
#25 /var/www/jornada-automocion-api/vendor/laravel/framework/src/Illuminate/Pipeline/Pipeline.php(209): Illuminate\\Session\\Middleware\\StartSession->handle()
#26 /var/www/jornada-automocion-api/vendor/laravel/framework/src/Illuminate/Cookie/Middleware/AddQueuedCookiesToResponse.php(37): Illuminate\\Pipeline\\Pipeline->Illuminate\\Pipeline\\{closure}()
#27 /var/www/jornada-automocion-api/vendor/laravel/framework/src/Illuminate/Pipeline/Pipeline.php(209): Illuminate\\Cookie\\Middleware\\AddQueuedCookiesToResponse->handle()
#28 /var/www/jornada-automocion-api/vendor/laravel/framework/src/Illuminate/Cookie/Middleware/EncryptCookies.php(75): Illuminate\\Pipeline\\Pipeline->Illuminate\\Pipeline\\{closure}()
#29 /var/www/jornada-automocion-api/vendor/laravel/framework/src/Illuminate/Pipeline/Pipeline.php(209): Illuminate\\Cookie\\Middleware\\EncryptCookies->handle()
#30 /var/www/jornada-automocion-api/vendor/laravel/framework/src/Illuminate/Pipeline/Pipeline.php(127): Illuminate\\Pipeline\\Pipeline->Illuminate\\Pipeline\\{closure}()
#31 /var/www/jornada-automocion-api/vendor/laravel/framework/src/Illuminate/Routing/Router.php(807): Illuminate\\Pipeline\\Pipeline->then()
#32 /var/www/jornada-automocion-api/vendor/laravel/framework/src/Illuminate/Routing/Router.php(786): Illuminate\\Routing\\Router->runRouteWithinStack()
#33 /var/www/jornada-automocion-api/vendor/laravel/framework/src/Illuminate/Routing/Router.php(750): Illuminate\\Routing\\Router->runRoute()
#34 /var/www/jornada-automocion-api/vendor/laravel/framework/src/Illuminate/Routing/Router.php(739): Illuminate\\Routing\\Router->dispatchToRoute()
#35 /var/www/jornada-automocion-api/vendor/laravel/framework/src/Illuminate/Foundation/Http/Kernel.php(201): Illuminate\\Routing\\Router->dispatch()
#36 /var/www/jornada-automocion-api/vendor/laravel/framework/src/Illuminate/Pipeline/Pipeline.php(170): Illuminate\\Foundation\\Http\\Kernel->Illuminate\\Foundation\\Http\\{closure}()
#37 /var/www/jornada-automocion-api/vendor/livewire/livewire/src/Features/SupportDisablingBackButtonCache/DisableBackButtonCacheMiddleware.php(19): Illuminate\\Pipeline\\Pipeline->Illuminate\\Pipeline\\{closure}()
#38 /var/www/jornada-automocion-api/vendor/laravel/framework/src/Illuminate/Pipeline/Pipeline.php(209): Livewire\\Features\\SupportDisablingBackButtonCache\\DisableBackButtonCacheMiddleware->handle()
#39 /var/www/jornada-automocion-api/vendor/laravel/framework/src/Illuminate/Foundation/Http/Middleware/TransformsRequest.php(21): Illuminate\\Pipeline\\Pipeline->Illuminate\\Pipeline\\{closure}()
#40 /var/www/jornada-automocion-api/vendor/laravel/framework/src/Illuminate/Foundation/Http/Middleware/ConvertEmptyStringsToNull.php(31): Illuminate\\Foundation\\Http\\Middleware\\TransformsRequest->handle()
#41 /var/www/jornada-automocion-api/vendor/laravel/framework/src/Illuminate/Pipeline/Pipeline.php(209): Illuminate\\Foundation\\Http\\Middleware\\ConvertEmptyStringsToNull->handle()
#42 /var/www/jornada-automocion-api/vendor/laravel/framework/src/Illuminate/Foundation/Http/Middleware/TransformsRequest.php(21): Illuminate\\Pipeline\\Pipeline->Illuminate\\Pipeline\\{closure}()
#43 /var/www/jornada-automocion-api/vendor/laravel/framework/src/Illuminate/Foundation/Http/Middleware/TrimStrings.php(51): Illuminate\\Foundation\\Http\\Middleware\\TransformsRequest->handle()
#44 /var/www/jornada-automocion-api/vendor/laravel/framework/src/Illuminate/Pipeline/Pipeline.php(209): Illuminate\\Foundation\\Http\\Middleware\\TrimStrings->handle()
#45 /var/www/jornada-automocion-api/vendor/laravel/framework/src/Illuminate/Http/Middleware/ValidatePostSize.php(27): Illuminate\\Pipeline\\Pipeline->Illuminate\\Pipeline\\{closure}()
#46 /var/www/jornada-automocion-api/vendor/laravel/framework/src/Illuminate/Pipeline/Pipeline.php(209): Illuminate\\Http\\Middleware\\ValidatePostSize->handle()
#47 /var/www/jornada-automocion-api/vendor/laravel/framework/src/Illuminate/Foundation/Http/Middleware/PreventRequestsDuringMaintenance.php(110): Illuminate\\Pipeline\\Pipeline->Illuminate\\Pipeline\\{closure}()
#48 /var/www/jornada-automocion-api/vendor/laravel/framework/src/Illuminate/Pipeline/Pipeline.php(209): Illuminate\\Foundation\\Http\\Middleware\\PreventRequestsDuringMaintenance->handle()
#49 /var/www/jornada-automocion-api/vendor/laravel/framework/src/Illuminate/Http/Middleware/HandleCors.php(49): Illuminate\\Pipeline\\Pipeline->Illuminate\\Pipeline\\{closure}()
#50 /var/www/jornada-automocion-api/vendor/laravel/framework/src/Illuminate/Pipeline/Pipeline.php(209): Illuminate\\Http\\Middleware\\HandleCors->handle()
#51 /var/www/jornada-automocion-api/vendor/laravel/framework/src/Illuminate/Http/Middleware/TrustProxies.php(58): Illuminate\\Pipeline\\Pipeline->Illuminate\\Pipeline\\{closure}()
#52 /var/www/jornada-automocion-api/vendor/laravel/framework/src/Illuminate/Pipeline/Pipeline.php(209): Illuminate\\Http\\Middleware\\TrustProxies->handle()
#53 /var/www/jornada-automocion-api/vendor/laravel/framework/src/Illuminate/Foundation/Http/Middleware/InvokeDeferredCallbacks.php(22): Illuminate\\Pipeline\\Pipeline->Illuminate\\Pipeline\\{closure}()
#54 /var/www/jornada-automocion-api/vendor/laravel/framework/src/Illuminate/Pipeline/Pipeline.php(209): Illuminate\\Foundation\\Http\\Middleware\\InvokeDeferredCallbacks->handle()
#55 /var/www/jornada-automocion-api/vendor/laravel/framework/src/Illuminate/Pipeline/Pipeline.php(127): Illuminate\\Pipeline\\Pipeline->Illuminate\\Pipeline\\{closure}()
#56 /var/www/jornada-automocion-api/vendor/laravel/framework/src/Illuminate/Foundation/Http/Kernel.php(176): Illuminate\\Pipeline\\Pipeline->then()
#57 /var/www/jornada-automocion-api/vendor/laravel/framework/src/Illuminate/Foundation/Http/Kernel.php(145): Illuminate\\Foundation\\Http\\Kernel->sendRequestThroughRouter()
#58 /var/www/jornada-automocion-api/vendor/laravel/framework/src/Illuminate/Foundation/Application.php(1220): Illuminate\\Foundation\\Http\\Kernel->handle()
#59 /var/www/jornada-automocion-api/public/index.php(17): Illuminate\\Foundation\\Application->handleRequest()
#60 {main}
"} 
[2026-05-10 11:56:03] production.ERROR: SQLSTATE[22001]: String data, right truncated: 1406 Data too long for column 'Linkedin' at row 1 (Connection: mysql, SQL: update `students` set `introduction` = Soy estudiante de Electromecánica, me motiva mucho seguir aprendiendo cada dia y adquirir conocimientos sobre el mundo de la automoción. Tengo experiencia previa en Automocion. Soy una persona responsable, organizada, autodidacta y trabajo en equipo., `Linkedin` = https://www.linkedin.com/in/kathe-morales-60117418b?utm_source=share_via&utm_content=profile&utm_medium=member_android, `postal_code` = 08917, `city` = Badalona where `idStudent` = 186) {"userId":988,"exception":"[object] (Illuminate\\Database\\QueryException(code: 22001): SQLSTATE[22001]: String data, right truncated: 1406 Data too long for column 'Linkedin' at row 1 (Connection: mysql, SQL: update `students` set `introduction` = Soy estudiante de Electromecánica, me motiva mucho seguir aprendiendo cada dia y adquirir conocimientos sobre el mundo de la automoción. Tengo experiencia previa en Automocion. Soy una persona responsable, organizada, autodidacta y trabajo en equipo., `Linkedin` = https://www.linkedin.com/in/kathe-morales-60117418b?utm_source=share_via&utm_content=profile&utm_medium=member_android, `postal_code` = 08917, `city` = Badalona where `idStudent` = 186) at /var/www/jornada-automocion-api/vendor/laravel/framework/src/Illuminate/Database/Connection.php:825)
[stacktrace]
#0 /var/www/jornada-automocion-api/vendor/laravel/framework/src/Illuminate/Database/Connection.php(779): Illuminate\\Database\\Connection->runQueryCallback()
#1 /var/www/jornada-automocion-api/vendor/laravel/framework/src/Illuminate/Database/Connection.php(584): Illuminate\\Database\\Connection->run()
#2 /var/www/jornada-automocion-api/vendor/laravel/framework/src/Illuminate/Database/Connection.php(536): Illuminate\\Database\\Connection->affectingStatement()
#3 /var/www/jornada-automocion-api/vendor/laravel/framework/src/Illuminate/Database/Query/Builder.php(3830): Illuminate\\Database\\Connection->update()
#4 /var/www/jornada-automocion-api/vendor/laravel/framework/src/Illuminate/Database/Eloquent/Builder.php(1175): Illuminate\\Database\\Query\\Builder->update()
#5 /var/www/jornada-automocion-api/vendor/laravel/framework/src/Illuminate/Database/Eloquent/Model.php(1239): Illuminate\\Database\\Eloquent\\Builder->update()
#6 /var/www/jornada-automocion-api/vendor/laravel/framework/src/Illuminate/Database/Eloquent/Model.php(1156): Illuminate\\Database\\Eloquent\\Model->performUpdate()
#7 /var/www/jornada-automocion-api/app/Http/Controllers/StudentController.php(387): Illuminate\\Database\\Eloquent\\Model->save()
#8 /var/www/jornada-automocion-api/vendor/laravel/framework/src/Illuminate/Routing/ControllerDispatcher.php(47): App\\Http\\Controllers\\StudentController->updateProfile()
#9 /var/www/jornada-automocion-api/vendor/laravel/framework/src/Illuminate/Routing/Route.php(266): Illuminate\\Routing\\ControllerDispatcher->dispatch()
#10 /var/www/jornada-automocion-api/vendor/laravel/framework/src/Illuminate/Routing/Route.php(212): Illuminate\\Routing\\Route->runController()
#11 /var/www/jornada-automocion-api/vendor/laravel/framework/src/Illuminate/Routing/Router.php(808): Illuminate\\Routing\\Route->run()
#12 /var/www/jornada-automocion-api/vendor/laravel/framework/src/Illuminate/Pipeline/Pipeline.php(170): Illuminate\\Routing\\Router->Illuminate\\Routing\\{closure}()
#13 /var/www/jornada-automocion-api/app/Http/Middleware/RoleMiddleware.php(25): Illuminate\\Pipeline\\Pipeline->Illuminate\\Pipeline\\{closure}()
#14 /var/www/jornada-automocion-api/vendor/laravel/framework/src/Illuminate/Pipeline/Pipeline.php(209): App\\Http\\Middleware\\RoleMiddleware->handle()
#15 /var/www/jornada-automocion-api/vendor/laravel/framework/src/Illuminate/Routing/Middleware/SubstituteBindings.php(51): Illuminate\\Pipeline\\Pipeline->Illuminate\\Pipeline\\{closure}()
#16 /var/www/jornada-automocion-api/vendor/laravel/framework/src/Illuminate/Pipeline/Pipeline.php(209): Illuminate\\Routing\\Middleware\\SubstituteBindings->handle()
#17 /var/www/jornada-automocion-api/vendor/laravel/framework/src/Illuminate/Foundation/Http/Middleware/VerifyCsrfToken.php(88): Illuminate\\Pipeline\\Pipeline->Illuminate\\Pipeline\\{closure}()
#18 /var/www/jornada-automocion-api/vendor/laravel/framework/src/Illuminate/Pipeline/Pipeline.php(209): Illuminate\\Foundation\\Http\\Middleware\\VerifyCsrfToken->handle()
#19 /var/www/jornada-automocion-api/vendor/laravel/framework/src/Illuminate/View/Middleware/ShareErrorsFromSession.php(49): Illuminate\\Pipeline\\Pipeline->Illuminate\\Pipeline\\{closure}()
#20 /var/www/jornada-automocion-api/vendor/laravel/framework/src/Illuminate/Pipeline/Pipeline.php(209): Illuminate\\View\\Middleware\\ShareErrorsFromSession->handle()
#21 /var/www/jornada-automocion-api/vendor/laravel/framework/src/Illuminate/Session/Middleware/StartSession.php(121): Illuminate\\Pipeline\\Pipeline->Illuminate\\Pipeline\\{closure}()
#22 /var/www/jornada-automocion-api/vendor/laravel/framework/src/Illuminate/Session/Middleware/StartSession.php(64): Illuminate\\Session\\Middleware\\StartSession->handleStatefulRequest()
#23 /var/www/jornada-automocion-api/vendor/laravel/framework/src/Illuminate/Pipeline/Pipeline.php(209): Illuminate\\Session\\Middleware\\StartSession->handle()
#24 /var/www/jornada-automocion-api/vendor/laravel/framework/src/Illuminate/Cookie/Middleware/AddQueuedCookiesToResponse.php(37): Illuminate\\Pipeline\\Pipeline->Illuminate\\Pipeline\\{closure}()
#25 /var/www/jornada-automocion-api/vendor/laravel/framework/src/Illuminate/Pipeline/Pipeline.php(209): Illuminate\\Cookie\\Middleware\\AddQueuedCookiesToResponse->handle()
#26 /var/www/jornada-automocion-api/vendor/laravel/framework/src/Illuminate/Cookie/Middleware/EncryptCookies.php(75): Illuminate\\Pipeline\\Pipeline->Illuminate\\Pipeline\\{closure}()
#27 /var/www/jornada-automocion-api/vendor/laravel/framework/src/Illuminate/Pipeline/Pipeline.php(209): Illuminate\\Cookie\\Middleware\\EncryptCookies->handle()
#28 /var/www/jornada-automocion-api/vendor/laravel/framework/src/Illuminate/Pipeline/Pipeline.php(127): Illuminate\\Pipeline\\Pipeline->Illuminate\\Pipeline\\{closure}()
#29 /var/www/jornada-automocion-api/vendor/laravel/framework/src/Illuminate/Routing/Router.php(807): Illuminate\\Pipeline\\Pipeline->then()
#30 /var/www/jornada-automocion-api/vendor/laravel/framework/src/Illuminate/Routing/Router.php(786): Illuminate\\Routing\\Router->runRouteWithinStack()
#31 /var/www/jornada-automocion-api/vendor/laravel/framework/src/Illuminate/Routing/Router.php(750): Illuminate\\Routing\\Router->runRoute()
#32 /var/www/jornada-automocion-api/vendor/laravel/framework/src/Illuminate/Routing/Router.php(739): Illuminate\\Routing\\Router->dispatchToRoute()
#33 /var/www/jornada-automocion-api/vendor/laravel/framework/src/Illuminate/Foundation/Http/Kernel.php(201): Illuminate\\Routing\\Router->dispatch()
#34 /var/www/jornada-automocion-api/vendor/laravel/framework/src/Illuminate/Pipeline/Pipeline.php(170): Illuminate\\Foundation\\Http\\Kernel->Illuminate\\Foundation\\Http\\{closure}()
#35 /var/www/jornada-automocion-api/vendor/livewire/livewire/src/Features/SupportDisablingBackButtonCache/DisableBackButtonCacheMiddleware.php(19): Illuminate\\Pipeline\\Pipeline->Illuminate\\Pipeline\\{closure}()
#36 /var/www/jornada-automocion-api/vendor/laravel/framework/src/Illuminate/Pipeline/Pipeline.php(209): Livewire\\Features\\SupportDisablingBackButtonCache\\DisableBackButtonCacheMiddleware->handle()
#37 /var/www/jornada-automocion-api/vendor/laravel/framework/src/Illuminate/Foundation/Http/Middleware/TransformsRequest.php(21): Illuminate\\Pipeline\\Pipeline->Illuminate\\Pipeline\\{closure}()
#38 /var/www/jornada-automocion-api/vendor/laravel/framework/src/Illuminate/Foundation/Http/Middleware/ConvertEmptyStringsToNull.php(31): Illuminate\\Foundation\\Http\\Middleware\\TransformsRequest->handle()
#39 /var/www/jornada-automocion-api/vendor/laravel/framework/src/Illuminate/Pipeline/Pipeline.php(209): Illuminate\\Foundation\\Http\\Middleware\\ConvertEmptyStringsToNull->handle()
#40 /var/www/jornada-automocion-api/vendor/laravel/framework/src/Illuminate/Foundation/Http/Middleware/TransformsRequest.php(21): Illuminate\\Pipeline\\Pipeline->Illuminate\\Pipeline\\{closure}()
#41 /var/www/jornada-automocion-api/vendor/laravel/framework/src/Illuminate/Foundation/Http/Middleware/TrimStrings.php(51): Illuminate\\Foundation\\Http\\Middleware\\TransformsRequest->handle()
#42 /var/www/jornada-automocion-api/vendor/laravel/framework/src/Illuminate/Pipeline/Pipeline.php(209): Illuminate\\Foundation\\Http\\Middleware\\TrimStrings->handle()
#43 /var/www/jornada-automocion-api/vendor/laravel/framework/src/Illuminate/Http/Middleware/ValidatePostSize.php(27): Illuminate\\Pipeline\\Pipeline->Illuminate\\Pipeline\\{closure}()
#44 /var/www/jornada-automocion-api/vendor/laravel/framework/src/Illuminate/Pipeline/Pipeline.php(209): Illuminate\\Http\\Middleware\\ValidatePostSize->handle()
#45 /var/www/jornada-automocion-api/vendor/laravel/framework/src/Illuminate/Foundation/Http/Middleware/PreventRequestsDuringMaintenance.php(110): Illuminate\\Pipeline\\Pipeline->Illuminate\\Pipeline\\{closure}()
#46 /var/www/jornada-automocion-api/vendor/laravel/framework/src/Illuminate/Pipeline/Pipeline.php(209): Illuminate\\Foundation\\Http\\Middleware\\PreventRequestsDuringMaintenance->handle()
#47 /var/www/jornada-automocion-api/vendor/laravel/framework/src/Illuminate/Http/Middleware/HandleCors.php(49): Illuminate\\Pipeline\\Pipeline->Illuminate\\Pipeline\\{closure}()
#48 /var/www/jornada-automocion-api/vendor/laravel/framework/src/Illuminate/Pipeline/Pipeline.php(209): Illuminate\\Http\\Middleware\\HandleCors->handle()
#49 /var/www/jornada-automocion-api/vendor/laravel/framework/src/Illuminate/Http/Middleware/TrustProxies.php(58): Illuminate\\Pipeline\\Pipeline->Illuminate\\Pipeline\\{closure}()
#50 /var/www/jornada-automocion-api/vendor/laravel/framework/src/Illuminate/Pipeline/Pipeline.php(209): Illuminate\\Http\\Middleware\\TrustProxies->handle()
#51 /var/www/jornada-automocion-api/vendor/laravel/framework/src/Illuminate/Foundation/Http/Middleware/InvokeDeferredCallbacks.php(22): Illuminate\\Pipeline\\Pipeline->Illuminate\\Pipeline\\{closure}()
#52 /var/www/jornada-automocion-api/vendor/laravel/framework/src/Illuminate/Pipeline/Pipeline.php(209): Illuminate\\Foundation\\Http\\Middleware\\InvokeDeferredCallbacks->handle()
#53 /var/www/jornada-automocion-api/vendor/laravel/framework/src/Illuminate/Pipeline/Pipeline.php(127): Illuminate\\Pipeline\\Pipeline->Illuminate\\Pipeline\\{closure}()
#54 /var/www/jornada-automocion-api/vendor/laravel/framework/src/Illuminate/Foundation/Http/Kernel.php(176): Illuminate\\Pipeline\\Pipeline->then()
#55 /var/www/jornada-automocion-api/vendor/laravel/framework/src/Illuminate/Foundation/Http/Kernel.php(145): Illuminate\\Foundation\\Http\\Kernel->sendRequestThroughRouter()
#56 /var/www/jornada-automocion-api/vendor/laravel/framework/src/Illuminate/Foundation/Application.php(1220): Illuminate\\Foundation\\Http\\Kernel->handle()
#57 /var/www/jornada-automocion-api/public/index.php(17): Illuminate\\Foundation\\Application->handleRequest()
#58 {main}

[previous exception] [object] (PDOException(code: 22001): SQLSTATE[22001]: String data, right truncated: 1406 Data too long for column 'Linkedin' at row 1 at /var/www/jornada-automocion-api/vendor/laravel/framework/src/Illuminate/Database/Connection.php:596)
[stacktrace]
#0 /var/www/jornada-automocion-api/vendor/laravel/framework/src/Illuminate/Database/Connection.php(596): PDOStatement->execute()
#1 /var/www/jornada-automocion-api/vendor/laravel/framework/src/Illuminate/Database/Connection.php(812): Illuminate\\Database\\Connection->Illuminate\\Database\\{closure}()
#2 /var/www/jornada-automocion-api/vendor/laravel/framework/src/Illuminate/Database/Connection.php(779): Illuminate\\Database\\Connection->runQueryCallback()
#3 /var/www/jornada-automocion-api/vendor/laravel/framework/src/Illuminate/Database/Connection.php(584): Illuminate\\Database\\Connection->run()
#4 /var/www/jornada-automocion-api/vendor/laravel/framework/src/Illuminate/Database/Connection.php(536): Illuminate\\Database\\Connection->affectingStatement()
#5 /var/www/jornada-automocion-api/vendor/laravel/framework/src/Illuminate/Database/Query/Builder.php(3830): Illuminate\\Database\\Connection->update()
#6 /var/www/jornada-automocion-api/vendor/laravel/framework/src/Illuminate/Database/Eloquent/Builder.php(1175): Illuminate\\Database\\Query\\Builder->update()
#7 /var/www/jornada-automocion-api/vendor/laravel/framework/src/Illuminate/Database/Eloquent/Model.php(1239): Illuminate\\Database\\Eloquent\\Builder->update()
#8 /var/www/jornada-automocion-api/vendor/laravel/framework/src/Illuminate/Database/Eloquent/Model.php(1156): Illuminate\\Database\\Eloquent\\Model->performUpdate()
#9 /var/www/jornada-automocion-api/app/Http/Controllers/StudentController.php(387): Illuminate\\Database\\Eloquent\\Model->save()
#10 /var/www/jornada-automocion-api/vendor/laravel/framework/src/Illuminate/Routing/ControllerDispatcher.php(47): App\\Http\\Controllers\\StudentController->updateProfile()
#11 /var/www/jornada-automocion-api/vendor/laravel/framework/src/Illuminate/Routing/Route.php(266): Illuminate\\Routing\\ControllerDispatcher->dispatch()
#12 /var/www/jornada-automocion-api/vendor/laravel/framework/src/Illuminate/Routing/Route.php(212): Illuminate\\Routing\\Route->runController()
#13 /var/www/jornada-automocion-api/vendor/laravel/framework/src/Illuminate/Routing/Router.php(808): Illuminate\\Routing\\Route->run()
#14 /var/www/jornada-automocion-api/vendor/laravel/framework/src/Illuminate/Pipeline/Pipeline.php(170): Illuminate\\Routing\\Router->Illuminate\\Routing\\{closure}()
#15 /var/www/jornada-automocion-api/app/Http/Middleware/RoleMiddleware.php(25): Illuminate\\Pipeline\\Pipeline->Illuminate\\Pipeline\\{closure}()
#16 /var/www/jornada-automocion-api/vendor/laravel/framework/src/Illuminate/Pipeline/Pipeline.php(209): App\\Http\\Middleware\\RoleMiddleware->handle()
#17 /var/www/jornada-automocion-api/vendor/laravel/framework/src/Illuminate/Routing/Middleware/SubstituteBindings.php(51): Illuminate\\Pipeline\\Pipeline->Illuminate\\Pipeline\\{closure}()
#18 /var/www/jornada-automocion-api/vendor/laravel/framework/src/Illuminate/Pipeline/Pipeline.php(209): Illuminate\\Routing\\Middleware\\SubstituteBindings->handle()
#19 /var/www/jornada-automocion-api/vendor/laravel/framework/src/Illuminate/Foundation/Http/Middleware/VerifyCsrfToken.php(88): Illuminate\\Pipeline\\Pipeline->Illuminate\\Pipeline\\{closure}()
#20 /var/www/jornada-automocion-api/vendor/laravel/framework/src/Illuminate/Pipeline/Pipeline.php(209): Illuminate\\Foundation\\Http\\Middleware\\VerifyCsrfToken->handle()
#21 /var/www/jornada-automocion-api/vendor/laravel/framework/src/Illuminate/View/Middleware/ShareErrorsFromSession.php(49): Illuminate\\Pipeline\\Pipeline->Illuminate\\Pipeline\\{closure}()
#22 /var/www/jornada-automocion-api/vendor/laravel/framework/src/Illuminate/Pipeline/Pipeline.php(209): Illuminate\\View\\Middleware\\ShareErrorsFromSession->handle()
#23 /var/www/jornada-automocion-api/vendor/laravel/framework/src/Illuminate/Session/Middleware/StartSession.php(121): Illuminate\\Pipeline\\Pipeline->Illuminate\\Pipeline\\{closure}()
#24 /var/www/jornada-automocion-api/vendor/laravel/framework/src/Illuminate/Session/Middleware/StartSession.php(64): Illuminate\\Session\\Middleware\\StartSession->handleStatefulRequest()
#25 /var/www/jornada-automocion-api/vendor/laravel/framework/src/Illuminate/Pipeline/Pipeline.php(209): Illuminate\\Session\\Middleware\\StartSession->handle()
#26 /var/www/jornada-automocion-api/vendor/laravel/framework/src/Illuminate/Cookie/Middleware/AddQueuedCookiesToResponse.php(37): Illuminate\\Pipeline\\Pipeline->Illuminate\\Pipeline\\{closure}()
#27 /var/www/jornada-automocion-api/vendor/laravel/framework/src/Illuminate/Pipeline/Pipeline.php(209): Illuminate\\Cookie\\Middleware\\AddQueuedCookiesToResponse->handle()
#28 /var/www/jornada-automocion-api/vendor/laravel/framework/src/Illuminate/Cookie/Middleware/EncryptCookies.php(75): Illuminate\\Pipeline\\Pipeline->Illuminate\\Pipeline\\{closure}()
#29 /var/www/jornada-automocion-api/vendor/laravel/framework/src/Illuminate/Pipeline/Pipeline.php(209): Illuminate\\Cookie\\Middleware\\EncryptCookies->handle()
#30 /var/www/jornada-automocion-api/vendor/laravel/framework/src/Illuminate/Pipeline/Pipeline.php(127): Illuminate\\Pipeline\\Pipeline->Illuminate\\Pipeline\\{closure}()
#31 /var/www/jornada-automocion-api/vendor/laravel/framework/src/Illuminate/Routing/Router.php(807): Illuminate\\Pipeline\\Pipeline->then()
#32 /var/www/jornada-automocion-api/vendor/laravel/framework/src/Illuminate/Routing/Router.php(786): Illuminate\\Routing\\Router->runRouteWithinStack()
#33 /var/www/jornada-automocion-api/vendor/laravel/framework/src/Illuminate/Routing/Router.php(750): Illuminate\\Routing\\Router->runRoute()
#34 /var/www/jornada-automocion-api/vendor/laravel/framework/src/Illuminate/Routing/Router.php(739): Illuminate\\Routing\\Router->dispatchToRoute()
#35 /var/www/jornada-automocion-api/vendor/laravel/framework/src/Illuminate/Foundation/Http/Kernel.php(201): Illuminate\\Routing\\Router->dispatch()
#36 /var/www/jornada-automocion-api/vendor/laravel/framework/src/Illuminate/Pipeline/Pipeline.php(170): Illuminate\\Foundation\\Http\\Kernel->Illuminate\\Foundation\\Http\\{closure}()
#37 /var/www/jornada-automocion-api/vendor/livewire/livewire/src/Features/SupportDisablingBackButtonCache/DisableBackButtonCacheMiddleware.php(19): Illuminate\\Pipeline\\Pipeline->Illuminate\\Pipeline\\{closure}()
#38 /var/www/jornada-automocion-api/vendor/laravel/framework/src/Illuminate/Pipeline/Pipeline.php(209): Livewire\\Features\\SupportDisablingBackButtonCache\\DisableBackButtonCacheMiddleware->handle()
#39 /var/www/jornada-automocion-api/vendor/laravel/framework/src/Illuminate/Foundation/Http/Middleware/TransformsRequest.php(21): Illuminate\\Pipeline\\Pipeline->Illuminate\\Pipeline\\{closure}()
#40 /var/www/jornada-automocion-api/vendor/laravel/framework/src/Illuminate/Foundation/Http/Middleware/ConvertEmptyStringsToNull.php(31): Illuminate\\Foundation\\Http\\Middleware\\TransformsRequest->handle()
#41 /var/www/jornada-automocion-api/vendor/laravel/framework/src/Illuminate/Pipeline/Pipeline.php(209): Illuminate\\Foundation\\Http\\Middleware\\ConvertEmptyStringsToNull->handle()
#42 /var/www/jornada-automocion-api/vendor/laravel/framework/src/Illuminate/Foundation/Http/Middleware/TransformsRequest.php(21): Illuminate\\Pipeline\\Pipeline->Illuminate\\Pipeline\\{closure}()
#43 /var/www/jornada-automocion-api/vendor/laravel/framework/src/Illuminate/Foundation/Http/Middleware/TrimStrings.php(51): Illuminate\\Foundation\\Http\\Middleware\\TransformsRequest->handle()
#44 /var/www/jornada-automocion-api/vendor/laravel/framework/src/Illuminate/Pipeline/Pipeline.php(209): Illuminate\\Foundation\\Http\\Middleware\\TrimStrings->handle()
#45 /var/www/jornada-automocion-api/vendor/laravel/framework/src/Illuminate/Http/Middleware/ValidatePostSize.php(27): Illuminate\\Pipeline\\Pipeline->Illuminate\\Pipeline\\{closure}()
#46 /var/www/jornada-automocion-api/vendor/laravel/framework/src/Illuminate/Pipeline/Pipeline.php(209): Illuminate\\Http\\Middleware\\ValidatePostSize->handle()
#47 /var/www/jornada-automocion-api/vendor/laravel/framework/src/Illuminate/Foundation/Http/Middleware/PreventRequestsDuringMaintenance.php(110): Illuminate\\Pipeline\\Pipeline->Illuminate\\Pipeline\\{closure}()
#48 /var/www/jornada-automocion-api/vendor/laravel/framework/src/Illuminate/Pipeline/Pipeline.php(209): Illuminate\\Foundation\\Http\\Middleware\\PreventRequestsDuringMaintenance->handle()
#49 /var/www/jornada-automocion-api/vendor/laravel/framework/src/Illuminate/Http/Middleware/HandleCors.php(49): Illuminate\\Pipeline\\Pipeline->Illuminate\\Pipeline\\{closure}()
#50 /var/www/jornada-automocion-api/vendor/laravel/framework/src/Illuminate/Pipeline/Pipeline.php(209): Illuminate\\Http\\Middleware\\HandleCors->handle()
#51 /var/www/jornada-automocion-api/vendor/laravel/framework/src/Illuminate/Http/Middleware/TrustProxies.php(58): Illuminate\\Pipeline\\Pipeline->Illuminate\\Pipeline\\{closure}()
#52 /var/www/jornada-automocion-api/vendor/laravel/framework/src/Illuminate/Pipeline/Pipeline.php(209): Illuminate\\Http\\Middleware\\TrustProxies->handle()
#53 /var/www/jornada-automocion-api/vendor/laravel/framework/src/Illuminate/Foundation/Http/Middleware/InvokeDeferredCallbacks.php(22): Illuminate\\Pipeline\\Pipeline->Illuminate\\Pipeline\\{closure}()
#54 /var/www/jornada-automocion-api/vendor/laravel/framework/src/Illuminate/Pipeline/Pipeline.php(209): Illuminate\\Foundation\\Http\\Middleware\\InvokeDeferredCallbacks->handle()
#55 /var/www/jornada-automocion-api/vendor/laravel/framework/src/Illuminate/Pipeline/Pipeline.php(127): Illuminate\\Pipeline\\Pipeline->Illuminate\\Pipeline\\{closure}()
#56 /var/www/jornada-automocion-api/vendor/laravel/framework/src/Illuminate/Foundation/Http/Kernel.php(176): Illuminate\\Pipeline\\Pipeline->then()
#57 /var/www/jornada-automocion-api/vendor/laravel/framework/src/Illuminate/Foundation/Http/Kernel.php(145): Illuminate\\Foundation\\Http\\Kernel->sendRequestThroughRouter()
#58 /var/www/jornada-automocion-api/vendor/laravel/framework/src/Illuminate/Foundation/Application.php(1220): Illuminate\\Foundation\\Http\\Kernel->handle()
#59 /var/www/jornada-automocion-api/public/index.php(17): Illuminate\\Foundation\\Application->handleRequest()
#60 {main}
"} 
[2026-05-10 11:56:50] production.ERROR: SQLSTATE[22001]: String data, right truncated: 1406 Data too long for column 'Linkedin' at row 1 (Connection: mysql, SQL: update `students` set `introduction` = Soy estudiante de Electromecánica, me motiva mucho seguir aprendiendo cada dia y adquirir conocimientos sobre el mundo de la automoción. Tengo experiencia previa en Automocion. Soy una persona responsable, organizada, autodidacta y trabajo en equipo., `Linkedin` = https://www.linkedin.com/in/kathe-morales-60117418b?utm_source=share_via&utm_content=profile&utm_medium=member_android, `postal_code` = 08917, `city` = Badalona where `idStudent` = 186) {"userId":988,"exception":"[object] (Illuminate\\Database\\QueryException(code: 22001): SQLSTATE[22001]: String data, right truncated: 1406 Data too long for column 'Linkedin' at row 1 (Connection: mysql, SQL: update `students` set `introduction` = Soy estudiante de Electromecánica, me motiva mucho seguir aprendiendo cada dia y adquirir conocimientos sobre el mundo de la automoción. Tengo experiencia previa en Automocion. Soy una persona responsable, organizada, autodidacta y trabajo en equipo., `Linkedin` = https://www.linkedin.com/in/kathe-morales-60117418b?utm_source=share_via&utm_content=profile&utm_medium=member_android, `postal_code` = 08917, `city` = Badalona where `idStudent` = 186) at /var/www/jornada-automocion-api/vendor/laravel/framework/src/Illuminate/Database/Connection.php:825)
[stacktrace]
#0 /var/www/jornada-automocion-api/vendor/laravel/framework/src/Illuminate/Database/Connection.php(779): Illuminate\\Database\\Connection->runQueryCallback()
#1 /var/www/jornada-automocion-api/vendor/laravel/framework/src/Illuminate/Database/Connection.php(584): Illuminate\\Database\\Connection->run()
#2 /var/www/jornada-automocion-api/vendor/laravel/framework/src/Illuminate/Database/Connection.php(536): Illuminate\\Database\\Connection->affectingStatement()
#3 /var/www/jornada-automocion-api/vendor/laravel/framework/src/Illuminate/Database/Query/Builder.php(3830): Illuminate\\Database\\Connection->update()
#4 /var/www/jornada-automocion-api/vendor/laravel/framework/src/Illuminate/Database/Eloquent/Builder.php(1175): Illuminate\\Database\\Query\\Builder->update()
#5 /var/www/jornada-automocion-api/vendor/laravel/framework/src/Illuminate/Database/Eloquent/Model.php(1239): Illuminate\\Database\\Eloquent\\Builder->update()
#6 /var/www/jornada-automocion-api/vendor/laravel/framework/src/Illuminate/Database/Eloquent/Model.php(1156): Illuminate\\Database\\Eloquent\\Model->performUpdate()
#7 /var/www/jornada-automocion-api/app/Http/Controllers/StudentController.php(387): Illuminate\\Database\\Eloquent\\Model->save()
#8 /var/www/jornada-automocion-api/vendor/laravel/framework/src/Illuminate/Routing/ControllerDispatcher.php(47): App\\Http\\Controllers\\StudentController->updateProfile()
#9 /var/www/jornada-automocion-api/vendor/laravel/framework/src/Illuminate/Routing/Route.php(266): Illuminate\\Routing\\ControllerDispatcher->dispatch()
#10 /var/www/jornada-automocion-api/vendor/laravel/framework/src/Illuminate/Routing/Route.php(212): Illuminate\\Routing\\Route->runController()
#11 /var/www/jornada-automocion-api/vendor/laravel/framework/src/Illuminate/Routing/Router.php(808): Illuminate\\Routing\\Route->run()
#12 /var/www/jornada-automocion-api/vendor/laravel/framework/src/Illuminate/Pipeline/Pipeline.php(170): Illuminate\\Routing\\Router->Illuminate\\Routing\\{closure}()
#13 /var/www/jornada-automocion-api/app/Http/Middleware/RoleMiddleware.php(25): Illuminate\\Pipeline\\Pipeline->Illuminate\\Pipeline\\{closure}()
#14 /var/www/jornada-automocion-api/vendor/laravel/framework/src/Illuminate/Pipeline/Pipeline.php(209): App\\Http\\Middleware\\RoleMiddleware->handle()
#15 /var/www/jornada-automocion-api/vendor/laravel/framework/src/Illuminate/Routing/Middleware/SubstituteBindings.php(51): Illuminate\\Pipeline\\Pipeline->Illuminate\\Pipeline\\{closure}()
#16 /var/www/jornada-automocion-api/vendor/laravel/framework/src/Illuminate/Pipeline/Pipeline.php(209): Illuminate\\Routing\\Middleware\\SubstituteBindings->handle()
#17 /var/www/jornada-automocion-api/vendor/laravel/framework/src/Illuminate/Foundation/Http/Middleware/VerifyCsrfToken.php(88): Illuminate\\Pipeline\\Pipeline->Illuminate\\Pipeline\\{closure}()
#18 /var/www/jornada-automocion-api/vendor/laravel/framework/src/Illuminate/Pipeline/Pipeline.php(209): Illuminate\\Foundation\\Http\\Middleware\\VerifyCsrfToken->handle()
#19 /var/www/jornada-automocion-api/vendor/laravel/framework/src/Illuminate/View/Middleware/ShareErrorsFromSession.php(49): Illuminate\\Pipeline\\Pipeline->Illuminate\\Pipeline\\{closure}()
#20 /var/www/jornada-automocion-api/vendor/laravel/framework/src/Illuminate/Pipeline/Pipeline.php(209): Illuminate\\View\\Middleware\\ShareErrorsFromSession->handle()
#21 /var/www/jornada-automocion-api/vendor/laravel/framework/src/Illuminate/Session/Middleware/StartSession.php(121): Illuminate\\Pipeline\\Pipeline->Illuminate\\Pipeline\\{closure}()
#22 /var/www/jornada-automocion-api/vendor/laravel/framework/src/Illuminate/Session/Middleware/StartSession.php(64): Illuminate\\Session\\Middleware\\StartSession->handleStatefulRequest()
#23 /var/www/jornada-automocion-api/vendor/laravel/framework/src/Illuminate/Pipeline/Pipeline.php(209): Illuminate\\Session\\Middleware\\StartSession->handle()
#24 /var/www/jornada-automocion-api/vendor/laravel/framework/src/Illuminate/Cookie/Middleware/AddQueuedCookiesToResponse.php(37): Illuminate\\Pipeline\\Pipeline->Illuminate\\Pipeline\\{closure}()
#25 /var/www/jornada-automocion-api/vendor/laravel/framework/src/Illuminate/Pipeline/Pipeline.php(209): Illuminate\\Cookie\\Middleware\\AddQueuedCookiesToResponse->handle()
#26 /var/www/jornada-automocion-api/vendor/laravel/framework/src/Illuminate/Cookie/Middleware/EncryptCookies.php(75): Illuminate\\Pipeline\\Pipeline->Illuminate\\Pipeline\\{closure}()
#27 /var/www/jornada-automocion-api/vendor/laravel/framework/src/Illuminate/Pipeline/Pipeline.php(209): Illuminate\\Cookie\\Middleware\\EncryptCookies->handle()
#28 /var/www/jornada-automocion-api/vendor/laravel/framework/src/Illuminate/Pipeline/Pipeline.php(127): Illuminate\\Pipeline\\Pipeline->Illuminate\\Pipeline\\{closure}()
#29 /var/www/jornada-automocion-api/vendor/laravel/framework/src/Illuminate/Routing/Router.php(807): Illuminate\\Pipeline\\Pipeline->then()
#30 /var/www/jornada-automocion-api/vendor/laravel/framework/src/Illuminate/Routing/Router.php(786): Illuminate\\Routing\\Router->runRouteWithinStack()
#31 /var/www/jornada-automocion-api/vendor/laravel/framework/src/Illuminate/Routing/Router.php(750): Illuminate\\Routing\\Router->runRoute()
#32 /var/www/jornada-automocion-api/vendor/laravel/framework/src/Illuminate/Routing/Router.php(739): Illuminate\\Routing\\Router->dispatchToRoute()
#33 /var/www/jornada-automocion-api/vendor/laravel/framework/src/Illuminate/Foundation/Http/Kernel.php(201): Illuminate\\Routing\\Router->dispatch()
#34 /var/www/jornada-automocion-api/vendor/laravel/framework/src/Illuminate/Pipeline/Pipeline.php(170): Illuminate\\Foundation\\Http\\Kernel->Illuminate\\Foundation\\Http\\{closure}()
#35 /var/www/jornada-automocion-api/vendor/livewire/livewire/src/Features/SupportDisablingBackButtonCache/DisableBackButtonCacheMiddleware.php(19): Illuminate\\Pipeline\\Pipeline->Illuminate\\Pipeline\\{closure}()
#36 /var/www/jornada-automocion-api/vendor/laravel/framework/src/Illuminate/Pipeline/Pipeline.php(209): Livewire\\Features\\SupportDisablingBackButtonCache\\DisableBackButtonCacheMiddleware->handle()
#37 /var/www/jornada-automocion-api/vendor/laravel/framework/src/Illuminate/Foundation/Http/Middleware/TransformsRequest.php(21): Illuminate\\Pipeline\\Pipeline->Illuminate\\Pipeline\\{closure}()
#38 /var/www/jornada-automocion-api/vendor/laravel/framework/src/Illuminate/Foundation/Http/Middleware/ConvertEmptyStringsToNull.php(31): Illuminate\\Foundation\\Http\\Middleware\\TransformsRequest->handle()
#39 /var/www/jornada-automocion-api/vendor/laravel/framework/src/Illuminate/Pipeline/Pipeline.php(209): Illuminate\\Foundation\\Http\\Middleware\\ConvertEmptyStringsToNull->handle()
#40 /var/www/jornada-automocion-api/vendor/laravel/framework/src/Illuminate/Foundation/Http/Middleware/TransformsRequest.php(21): Illuminate\\Pipeline\\Pipeline->Illuminate\\Pipeline\\{closure}()
#41 /var/www/jornada-automocion-api/vendor/laravel/framework/src/Illuminate/Foundation/Http/Middleware/TrimStrings.php(51): Illuminate\\Foundation\\Http\\Middleware\\TransformsRequest->handle()
#42 /var/www/jornada-automocion-api/vendor/laravel/framework/src/Illuminate/Pipeline/Pipeline.php(209): Illuminate\\Foundation\\Http\\Middleware\\TrimStrings->handle()
#43 /var/www/jornada-automocion-api/vendor/laravel/framework/src/Illuminate/Http/Middleware/ValidatePostSize.php(27): Illuminate\\Pipeline\\Pipeline->Illuminate\\Pipeline\\{closure}()
#44 /var/www/jornada-automocion-api/vendor/laravel/framework/src/Illuminate/Pipeline/Pipeline.php(209): Illuminate\\Http\\Middleware\\ValidatePostSize->handle()
#45 /var/www/jornada-automocion-api/vendor/laravel/framework/src/Illuminate/Foundation/Http/Middleware/PreventRequestsDuringMaintenance.php(110): Illuminate\\Pipeline\\Pipeline->Illuminate\\Pipeline\\{closure}()
#46 /var/www/jornada-automocion-api/vendor/laravel/framework/src/Illuminate/Pipeline/Pipeline.php(209): Illuminate\\Foundation\\Http\\Middleware\\PreventRequestsDuringMaintenance->handle()
#47 /var/www/jornada-automocion-api/vendor/laravel/framework/src/Illuminate/Http/Middleware/HandleCors.php(49): Illuminate\\Pipeline\\Pipeline->Illuminate\\Pipeline\\{closure}()
#48 /var/www/jornada-automocion-api/vendor/laravel/framework/src/Illuminate/Pipeline/Pipeline.php(209): Illuminate\\Http\\Middleware\\HandleCors->handle()
#49 /var/www/jornada-automocion-api/vendor/laravel/framework/src/Illuminate/Http/Middleware/TrustProxies.php(58): Illuminate\\Pipeline\\Pipeline->Illuminate\\Pipeline\\{closure}()
#50 /var/www/jornada-automocion-api/vendor/laravel/framework/src/Illuminate/Pipeline/Pipeline.php(209): Illuminate\\Http\\Middleware\\TrustProxies->handle()
#51 /var/www/jornada-automocion-api/vendor/laravel/framework/src/Illuminate/Foundation/Http/Middleware/InvokeDeferredCallbacks.php(22): Illuminate\\Pipeline\\Pipeline->Illuminate\\Pipeline\\{closure}()
#52 /var/www/jornada-automocion-api/vendor/laravel/framework/src/Illuminate/Pipeline/Pipeline.php(209): Illuminate\\Foundation\\Http\\Middleware\\InvokeDeferredCallbacks->handle()
#53 /var/www/jornada-automocion-api/vendor/laravel/framework/src/Illuminate/Pipeline/Pipeline.php(127): Illuminate\\Pipeline\\Pipeline->Illuminate\\Pipeline\\{closure}()
#54 /var/www/jornada-automocion-api/vendor/laravel/framework/src/Illuminate/Foundation/Http/Kernel.php(176): Illuminate\\Pipeline\\Pipeline->then()
#55 /var/www/jornada-automocion-api/vendor/laravel/framework/src/Illuminate/Foundation/Http/Kernel.php(145): Illuminate\\Foundation\\Http\\Kernel->sendRequestThroughRouter()
#56 /var/www/jornada-automocion-api/vendor/laravel/framework/src/Illuminate/Foundation/Application.php(1220): Illuminate\\Foundation\\Http\\Kernel->handle()
#57 /var/www/jornada-automocion-api/public/index.php(17): Illuminate\\Foundation\\Application->handleRequest()
#58 {main}

[previous exception] [object] (PDOException(code: 22001): SQLSTATE[22001]: String data, right truncated: 1406 Data too long for column 'Linkedin' at row 1 at /var/www/jornada-automocion-api/vendor/laravel/framework/src/Illuminate/Database/Connection.php:596)
[stacktrace]
#0 /var/www/jornada-automocion-api/vendor/laravel/framework/src/Illuminate/Database/Connection.php(596): PDOStatement->execute()
#1 /var/www/jornada-automocion-api/vendor/laravel/framework/src/Illuminate/Database/Connection.php(812): Illuminate\\Database\\Connection->Illuminate\\Database\\{closure}()
#2 /var/www/jornada-automocion-api/vendor/laravel/framework/src/Illuminate/Database/Connection.php(779): Illuminate\\Database\\Connection->runQueryCallback()
#3 /var/www/jornada-automocion-api/vendor/laravel/framework/src/Illuminate/Database/Connection.php(584): Illuminate\\Database\\Connection->run()
#4 /var/www/jornada-automocion-api/vendor/laravel/framework/src/Illuminate/Database/Connection.php(536): Illuminate\\Database\\Connection->affectingStatement()
#5 /var/www/jornada-automocion-api/vendor/laravel/framework/src/Illuminate/Database/Query/Builder.php(3830): Illuminate\\Database\\Connection->update()
#6 /var/www/jornada-automocion-api/vendor/laravel/framework/src/Illuminate/Database/Eloquent/Builder.php(1175): Illuminate\\Database\\Query\\Builder->update()
#7 /var/www/jornada-automocion-api/vendor/laravel/framework/src/Illuminate/Database/Eloquent/Model.php(1239): Illuminate\\Database\\Eloquent\\Builder->update()
#8 /var/www/jornada-automocion-api/vendor/laravel/framework/src/Illuminate/Database/Eloquent/Model.php(1156): Illuminate\\Database\\Eloquent\\Model->performUpdate()
#9 /var/www/jornada-automocion-api/app/Http/Controllers/StudentController.php(387): Illuminate\\Database\\Eloquent\\Model->save()
#10 /var/www/jornada-automocion-api/vendor/laravel/framework/src/Illuminate/Routing/ControllerDispatcher.php(47): App\\Http\\Controllers\\StudentController->updateProfile()
#11 /var/www/jornada-automocion-api/vendor/laravel/framework/src/Illuminate/Routing/Route.php(266): Illuminate\\Routing\\ControllerDispatcher->dispatch()
#12 /var/www/jornada-automocion-api/vendor/laravel/framework/src/Illuminate/Routing/Route.php(212): Illuminate\\Routing\\Route->runController()
#13 /var/www/jornada-automocion-api/vendor/laravel/framework/src/Illuminate/Routing/Router.php(808): Illuminate\\Routing\\Route->run()
#14 /var/www/jornada-automocion-api/vendor/laravel/framework/src/Illuminate/Pipeline/Pipeline.php(170): Illuminate\\Routing\\Router->Illuminate\\Routing\\{closure}()
#15 /var/www/jornada-automocion-api/app/Http/Middleware/RoleMiddleware.php(25): Illuminate\\Pipeline\\Pipeline->Illuminate\\Pipeline\\{closure}()
#16 /var/www/jornada-automocion-api/vendor/laravel/framework/src/Illuminate/Pipeline/Pipeline.php(209): App\\Http\\Middleware\\RoleMiddleware->handle()
#17 /var/www/jornada-automocion-api/vendor/laravel/framework/src/Illuminate/Routing/Middleware/SubstituteBindings.php(51): Illuminate\\Pipeline\\Pipeline->Illuminate\\Pipeline\\{closure}()
#18 /var/www/jornada-automocion-api/vendor/laravel/framework/src/Illuminate/Pipeline/Pipeline.php(209): Illuminate\\Routing\\Middleware\\SubstituteBindings->handle()
#19 /var/www/jornada-automocion-api/vendor/laravel/framework/src/Illuminate/Foundation/Http/Middleware/VerifyCsrfToken.php(88): Illuminate\\Pipeline\\Pipeline->Illuminate\\Pipeline\\{closure}()
#20 /var/www/jornada-automocion-api/vendor/laravel/framework/src/Illuminate/Pipeline/Pipeline.php(209): Illuminate\\Foundation\\Http\\Middleware\\VerifyCsrfToken->handle()
#21 /var/www/jornada-automocion-api/vendor/laravel/framework/src/Illuminate/View/Middleware/ShareErrorsFromSession.php(49): Illuminate\\Pipeline\\Pipeline->Illuminate\\Pipeline\\{closure}()
#22 /var/www/jornada-automocion-api/vendor/laravel/framework/src/Illuminate/Pipeline/Pipeline.php(209): Illuminate\\View\\Middleware\\ShareErrorsFromSession->handle()
#23 /var/www/jornada-automocion-api/vendor/laravel/framework/src/Illuminate/Session/Middleware/StartSession.php(121): Illuminate\\Pipeline\\Pipeline->Illuminate\\Pipeline\\{closure}()
#24 /var/www/jornada-automocion-api/vendor/laravel/framework/src/Illuminate/Session/Middleware/StartSession.php(64): Illuminate\\Session\\Middleware\\StartSession->handleStatefulRequest()
#25 /var/www/jornada-automocion-api/vendor/laravel/framework/src/Illuminate/Pipeline/Pipeline.php(209): Illuminate\\Session\\Middleware\\StartSession->handle()
#26 /var/www/jornada-automocion-api/vendor/laravel/framework/src/Illuminate/Cookie/Middleware/AddQueuedCookiesToResponse.php(37): Illuminate\\Pipeline\\Pipeline->Illuminate\\Pipeline\\{closure}()
#27 /var/www/jornada-automocion-api/vendor/laravel/framework/src/Illuminate/Pipeline/Pipeline.php(209): Illuminate\\Cookie\\Middleware\\AddQueuedCookiesToResponse->handle()
#28 /var/www/jornada-automocion-api/vendor/laravel/framework/src/Illuminate/Cookie/Middleware/EncryptCookies.php(75): Illuminate\\Pipeline\\Pipeline->Illuminate\\Pipeline\\{closure}()
#29 /var/www/jornada-automocion-api/vendor/laravel/framework/src/Illuminate/Pipeline/Pipeline.php(209): Illuminate\\Cookie\\Middleware\\EncryptCookies->handle()
#30 /var/www/jornada-automocion-api/vendor/laravel/framework/src/Illuminate/Pipeline/Pipeline.php(127): Illuminate\\Pipeline\\Pipeline->Illuminate\\Pipeline\\{closure}()
#31 /var/www/jornada-automocion-api/vendor/laravel/framework/src/Illuminate/Routing/Router.php(807): Illuminate\\Pipeline\\Pipeline->then()
#32 /var/www/jornada-automocion-api/vendor/laravel/framework/src/Illuminate/Routing/Router.php(786): Illuminate\\Routing\\Router->runRouteWithinStack()
#33 /var/www/jornada-automocion-api/vendor/laravel/framework/src/Illuminate/Routing/Router.php(750): Illuminate\\Routing\\Router->runRoute()
#34 /var/www/jornada-automocion-api/vendor/laravel/framework/src/Illuminate/Routing/Router.php(739): Illuminate\\Routing\\Router->dispatchToRoute()
#35 /var/www/jornada-automocion-api/vendor/laravel/framework/src/Illuminate/Foundation/Http/Kernel.php(201): Illuminate\\Routing\\Router->dispatch()
#36 /var/www/jornada-automocion-api/vendor/laravel/framework/src/Illuminate/Pipeline/Pipeline.php(170): Illuminate\\Foundation\\Http\\Kernel->Illuminate\\Foundation\\Http\\{closure}()
#37 /var/www/jornada-automocion-api/vendor/livewire/livewire/src/Features/SupportDisablingBackButtonCache/DisableBackButtonCacheMiddleware.php(19): Illuminate\\Pipeline\\Pipeline->Illuminate\\Pipeline\\{closure}()
#38 /var/www/jornada-automocion-api/vendor/laravel/framework/src/Illuminate/Pipeline/Pipeline.php(209): Livewire\\Features\\SupportDisablingBackButtonCache\\DisableBackButtonCacheMiddleware->handle()
#39 /var/www/jornada-automocion-api/vendor/laravel/framework/src/Illuminate/Foundation/Http/Middleware/TransformsRequest.php(21): Illuminate\\Pipeline\\Pipeline->Illuminate\\Pipeline\\{closure}()
#40 /var/www/jornada-automocion-api/vendor/laravel/framework/src/Illuminate/Foundation/Http/Middleware/ConvertEmptyStringsToNull.php(31): Illuminate\\Foundation\\Http\\Middleware\\TransformsRequest->handle()
#41 /var/www/jornada-automocion-api/vendor/laravel/framework/src/Illuminate/Pipeline/Pipeline.php(209): Illuminate\\Foundation\\Http\\Middleware\\ConvertEmptyStringsToNull->handle()
#42 /var/www/jornada-automocion-api/vendor/laravel/framework/src/Illuminate/Foundation/Http/Middleware/TransformsRequest.php(21): Illuminate\\Pipeline\\Pipeline->Illuminate\\Pipeline\\{closure}()
#43 /var/www/jornada-automocion-api/vendor/laravel/framework/src/Illuminate/Foundation/Http/Middleware/TrimStrings.php(51): Illuminate\\Foundation\\Http\\Middleware\\TransformsRequest->handle()
#44 /var/www/jornada-automocion-api/vendor/laravel/framework/src/Illuminate/Pipeline/Pipeline.php(209): Illuminate\\Foundation\\Http\\Middleware\\TrimStrings->handle()
#45 /var/www/jornada-automocion-api/vendor/laravel/framework/src/Illuminate/Http/Middleware/ValidatePostSize.php(27): Illuminate\\Pipeline\\Pipeline->Illuminate\\Pipeline\\{closure}()
#46 /var/www/jornada-automocion-api/vendor/laravel/framework/src/Illuminate/Pipeline/Pipeline.php(209): Illuminate\\Http\\Middleware\\ValidatePostSize->handle()
#47 /var/www/jornada-automocion-api/vendor/laravel/framework/src/Illuminate/Foundation/Http/Middleware/PreventRequestsDuringMaintenance.php(110): Illuminate\\Pipeline\\Pipeline->Illuminate\\Pipeline\\{closure}()
#48 /var/www/jornada-automocion-api/vendor/laravel/framework/src/Illuminate/Pipeline/Pipeline.php(209): Illuminate\\Foundation\\Http\\Middleware\\PreventRequestsDuringMaintenance->handle()
#49 /var/www/jornada-automocion-api/vendor/laravel/framework/src/Illuminate/Http/Middleware/HandleCors.php(49): Illuminate\\Pipeline\\Pipeline->Illuminate\\Pipeline\\{closure}()
#50 /var/www/jornada-automocion-api/vendor/laravel/framework/src/Illuminate/Pipeline/Pipeline.php(209): Illuminate\\Http\\Middleware\\HandleCors->handle()
#51 /var/www/jornada-automocion-api/vendor/laravel/framework/src/Illuminate/Http/Middleware/TrustProxies.php(58): Illuminate\\Pipeline\\Pipeline->Illuminate\\Pipeline\\{closure}()
#52 /var/www/jornada-automocion-api/vendor/laravel/framework/src/Illuminate/Pipeline/Pipeline.php(209): Illuminate\\Http\\Middleware\\TrustProxies->handle()
#53 /var/www/jornada-automocion-api/vendor/laravel/framework/src/Illuminate/Foundation/Http/Middleware/InvokeDeferredCallbacks.php(22): Illuminate\\Pipeline\\Pipeline->Illuminate\\Pipeline\\{closure}()
#54 /var/www/jornada-automocion-api/vendor/laravel/framework/src/Illuminate/Pipeline/Pipeline.php(209): Illuminate\\Foundation\\Http\\Middleware\\InvokeDeferredCallbacks->handle()
#55 /var/www/jornada-automocion-api/vendor/laravel/framework/src/Illuminate/Pipeline/Pipeline.php(127): Illuminate\\Pipeline\\Pipeline->Illuminate\\Pipeline\\{closure}()
#56 /var/www/jornada-automocion-api/vendor/laravel/framework/src/Illuminate/Foundation/Http/Kernel.php(176): Illuminate\\Pipeline\\Pipeline->then()
#57 /var/www/jornada-automocion-api/vendor/laravel/framework/src/Illuminate/Foundation/Http/Kernel.php(145): Illuminate\\Foundation\\Http\\Kernel->sendRequestThroughRouter()
#58 /var/www/jornada-automocion-api/vendor/laravel/framework/src/Illuminate/Foundation/Application.php(1220): Illuminate\\Foundation\\Http\\Kernel->handle()
#59 /var/www/jornada-automocion-api/public/index.php(17): Illuminate\\Foundation\\Application->handleRequest()
#60 {main}
"} 
[2026-05-10 12:19:58] production.INFO: UPLOAD IMAGE REQUEST {"_token":"REl8kiXLBYJSobgOYnlHs2IqpHxl8B0t4On4fTFT","_method":"PUT","title":"Opel Vectra C GTS","abstract":"Proyecto puesta a punto,mantenimiento completo,cambio de liquidos,pastillas y discos,suspensión,distribución y correa auxiliar,escape artesanal,bujias y bobinas,pintar tapa de balancines y cambio de junta,limpieza inyectores y mariposa,bomba lavaparabrisas,aire acondicionado,silentblocks, carplay.","tipos":["1","2","6"],"videoURL":"https://youtu.be/k7KrEck4Cg0","new_image_fase":"header","action":"upload_image","conclusion":null,"new_project_image":{"Illuminate\\Http\\UploadedFile":"/tmp/phpce0BXv"}} 
[2026-05-10 12:35:08] production.INFO: UPLOAD IMAGE REQUEST {"_token":"REl8kiXLBYJSobgOYnlHs2IqpHxl8B0t4On4fTFT","_method":"PUT","title":"Opel Vectra C GTS","abstract":"Proyecto puesta a punto,mantenimiento completo,cambio de liquidos,pastillas y discos,suspensión,distribución y correa auxiliar,escape artesanal,bujias y bobinas,pintar tapa de balancines y cambio de junta,limpieza inyectores y mariposa,bomba lavaparabrisas,aire acondicionado,silentblocks, carplay.","tipos":["1","2","6"],"videoURL":"https://youtu.be/k7KrEck4Cg0","new_image_fase":"header","action":"upload_image","conclusion":null,"new_project_image":{"Illuminate\\Http\\UploadedFile":"/tmp/phpCrr5pE"}} 
[2026-05-10 12:40:49] production.INFO: UPLOAD IMAGE REQUEST {"_token":"REl8kiXLBYJSobgOYnlHs2IqpHxl8B0t4On4fTFT","_method":"PUT","title":"Opel Vectra C GTS","abstract":"Proyecto puesta a punto,mantenimiento completo,cambio de liquidos,pastillas y discos,suspensión,distribución y correa auxiliar,escape artesanal,bujias y bobinas,pintar tapa de balancines y cambio de junta,limpieza inyectores y mariposa,bomba lavaparabrisas,aire acondicionado,silentblocks, carplay.","tipos":["1","2","6"],"videoURL":"https://youtu.be/k7KrEck4Cg0","new_image_fase":"initial","action":"upload_image","conclusion":null,"new_project_image":{"Illuminate\\Http\\UploadedFile":"/tmp/php1Fie1U"}} 
[2026-05-10 13:07:02] production.ERROR: Missing required parameter for [Route: projects.show] [URI: projects/{project}] [Missing parameter: project]. (View: /var/www/jornada-automocion-api/resources/views/students/show.blade.php) {"userId":190,"exception":"[object] (Illuminate\\View\\ViewException(code: 0): Missing required parameter for [Route: projects.show] [URI: projects/{project}] [Missing parameter: project]. (View: /var/www/jornada-automocion-api/resources/views/students/show.blade.php) at /var/www/jornada-automocion-api/vendor/laravel/framework/src/Illuminate/Routing/Exceptions/UrlGenerationException.php:35)
[stacktrace]
#0 /var/www/jornada-automocion-api/vendor/livewire/livewire/src/Mechanisms/ExtendBlade/ExtendedCompilerEngine.php(58): Illuminate\\View\\Engines\\CompilerEngine->handleViewException()
#1 /var/www/jornada-automocion-api/vendor/laravel/framework/src/Illuminate/View/Engines/PhpEngine.php(60): Livewire\\Mechanisms\\ExtendBlade\\ExtendedCompilerEngine->handleViewException()
#2 /var/www/jornada-automocion-api/vendor/livewire/livewire/src/Mechanisms/ExtendBlade/ExtendedCompilerEngine.php(22): Illuminate\\View\\Engines\\PhpEngine->evaluatePath()
#3 /var/www/jornada-automocion-api/vendor/laravel/framework/src/Illuminate/View/Engines/CompilerEngine.php(75): Livewire\\Mechanisms\\ExtendBlade\\ExtendedCompilerEngine->evaluatePath()
#4 /var/www/jornada-automocion-api/vendor/livewire/livewire/src/Mechanisms/ExtendBlade/ExtendedCompilerEngine.php(10): Illuminate\\View\\Engines\\CompilerEngine->get()
#5 /var/www/jornada-automocion-api/vendor/laravel/framework/src/Illuminate/View/View.php(209): Livewire\\Mechanisms\\ExtendBlade\\ExtendedCompilerEngine->get()
#6 /var/www/jornada-automocion-api/vendor/laravel/framework/src/Illuminate/View/View.php(192): Illuminate\\View\\View->getContents()
#7 /var/www/jornada-automocion-api/vendor/laravel/framework/src/Illuminate/View/View.php(161): Illuminate\\View\\View->renderContents()
#8 /var/www/jornada-automocion-api/vendor/laravel/framework/src/Illuminate/Http/Response.php(79): Illuminate\\View\\View->render()
#9 /var/www/jornada-automocion-api/vendor/laravel/framework/src/Illuminate/Http/Response.php(35): Illuminate\\Http\\Response->setContent()
#10 /var/www/jornada-automocion-api/vendor/laravel/framework/src/Illuminate/Routing/Router.php(920): Illuminate\\Http\\Response->__construct()
#11 /var/www/jornada-automocion-api/vendor/laravel/framework/src/Illuminate/Routing/Router.php(887): Illuminate\\Routing\\Router::toResponse()
#12 /var/www/jornada-automocion-api/vendor/laravel/framework/src/Illuminate/Routing/Router.php(807): Illuminate\\Routing\\Router->prepareResponse()
#13 /var/www/jornada-automocion-api/vendor/laravel/framework/src/Illuminate/Pipeline/Pipeline.php(170): Illuminate\\Routing\\Router->Illuminate\\Routing\\{closure}()
#14 /var/www/jornada-automocion-api/app/Http/Middleware/CheckUserStatus.php(17): Illuminate\\Pipeline\\Pipeline->Illuminate\\Pipeline\\{closure}()
#15 /var/www/jornada-automocion-api/vendor/laravel/framework/src/Illuminate/Pipeline/Pipeline.php(209): App\\Http\\Middleware\\CheckUserStatus->handle()
#16 /var/www/jornada-automocion-api/vendor/laravel/framework/src/Illuminate/Routing/Middleware/SubstituteBindings.php(51): Illuminate\\Pipeline\\Pipeline->Illuminate\\Pipeline\\{closure}()
#17 /var/www/jornada-automocion-api/vendor/laravel/framework/src/Illuminate/Pipeline/Pipeline.php(209): Illuminate\\Routing\\Middleware\\SubstituteBindings->handle()
#18 /var/www/jornada-automocion-api/vendor/laravel/framework/src/Illuminate/Auth/Middleware/Authenticate.php(64): Illuminate\\Pipeline\\Pipeline->Illuminate\\Pipeline\\{closure}()
#19 /var/www/jornada-automocion-api/vendor/laravel/framework/src/Illuminate/Pipeline/Pipeline.php(209): Illuminate\\Auth\\Middleware\\Authenticate->handle()
#20 /var/www/jornada-automocion-api/vendor/laravel/framework/src/Illuminate/Foundation/Http/Middleware/VerifyCsrfToken.php(88): Illuminate\\Pipeline\\Pipeline->Illuminate\\Pipeline\\{closure}()
#21 /var/www/jornada-automocion-api/vendor/laravel/framework/src/Illuminate/Pipeline/Pipeline.php(209): Illuminate\\Foundation\\Http\\Middleware\\VerifyCsrfToken->handle()
#22 /var/www/jornada-automocion-api/vendor/laravel/framework/src/Illuminate/View/Middleware/ShareErrorsFromSession.php(49): Illuminate\\Pipeline\\Pipeline->Illuminate\\Pipeline\\{closure}()
#23 /var/www/jornada-automocion-api/vendor/laravel/framework/src/Illuminate/Pipeline/Pipeline.php(209): Illuminate\\View\\Middleware\\ShareErrorsFromSession->handle()
#24 /var/www/jornada-automocion-api/vendor/laravel/framework/src/Illuminate/Session/Middleware/StartSession.php(121): Illuminate\\Pipeline\\Pipeline->Illuminate\\Pipeline\\{closure}()
#25 /var/www/jornada-automocion-api/vendor/laravel/framework/src/Illuminate/Session/Middleware/StartSession.php(64): Illuminate\\Session\\Middleware\\StartSession->handleStatefulRequest()
#26 /var/www/jornada-automocion-api/vendor/laravel/framework/src/Illuminate/Pipeline/Pipeline.php(209): Illuminate\\Session\\Middleware\\StartSession->handle()
#27 /var/www/jornada-automocion-api/vendor/laravel/framework/src/Illuminate/Cookie/Middleware/AddQueuedCookiesToResponse.php(37): Illuminate\\Pipeline\\Pipeline->Illuminate\\Pipeline\\{closure}()
#28 /var/www/jornada-automocion-api/vendor/laravel/framework/src/Illuminate/Pipeline/Pipeline.php(209): Illuminate\\Cookie\\Middleware\\AddQueuedCookiesToResponse->handle()
#29 /var/www/jornada-automocion-api/vendor/laravel/framework/src/Illuminate/Cookie/Middleware/EncryptCookies.php(75): Illuminate\\Pipeline\\Pipeline->Illuminate\\Pipeline\\{closure}()
#30 /var/www/jornada-automocion-api/vendor/laravel/framework/src/Illuminate/Pipeline/Pipeline.php(209): Illuminate\\Cookie\\Middleware\\EncryptCookies->handle()
#31 /var/www/jornada-automocion-api/vendor/laravel/framework/src/Illuminate/Pipeline/Pipeline.php(127): Illuminate\\Pipeline\\Pipeline->Illuminate\\Pipeline\\{closure}()
#32 /var/www/jornada-automocion-api/vendor/laravel/framework/src/Illuminate/Routing/Router.php(807): Illuminate\\Pipeline\\Pipeline->then()
#33 /var/www/jornada-automocion-api/vendor/laravel/framework/src/Illuminate/Routing/Router.php(786): Illuminate\\Routing\\Router->runRouteWithinStack()
#34 /var/www/jornada-automocion-api/vendor/laravel/framework/src/Illuminate/Routing/Router.php(750): Illuminate\\Routing\\Router->runRoute()
#35 /var/www/jornada-automocion-api/vendor/laravel/framework/src/Illuminate/Routing/Router.php(739): Illuminate\\Routing\\Router->dispatchToRoute()
#36 /var/www/jornada-automocion-api/vendor/laravel/framework/src/Illuminate/Foundation/Http/Kernel.php(201): Illuminate\\Routing\\Router->dispatch()
#37 /var/www/jornada-automocion-api/vendor/laravel/framework/src/Illuminate/Pipeline/Pipeline.php(170): Illuminate\\Foundation\\Http\\Kernel->Illuminate\\Foundation\\Http\\{closure}()
#38 /var/www/jornada-automocion-api/vendor/livewire/livewire/src/Features/SupportDisablingBackButtonCache/DisableBackButtonCacheMiddleware.php(19): Illuminate\\Pipeline\\Pipeline->Illuminate\\Pipeline\\{closure}()
#39 /var/www/jornada-automocion-api/vendor/laravel/framework/src/Illuminate/Pipeline/Pipeline.php(209): Livewire\\Features\\SupportDisablingBackButtonCache\\DisableBackButtonCacheMiddleware->handle()
#40 /var/www/jornada-automocion-api/vendor/laravel/framework/src/Illuminate/Foundation/Http/Middleware/TransformsRequest.php(21): Illuminate\\Pipeline\\Pipeline->Illuminate\\Pipeline\\{closure}()
#41 /var/www/jornada-automocion-api/vendor/laravel/framework/src/Illuminate/Foundation/Http/Middleware/ConvertEmptyStringsToNull.php(31): Illuminate\\Foundation\\Http\\Middleware\\TransformsRequest->handle()
#42 /var/www/jornada-automocion-api/vendor/laravel/framework/src/Illuminate/Pipeline/Pipeline.php(209): Illuminate\\Foundation\\Http\\Middleware\\ConvertEmptyStringsToNull->handle()
#43 /var/www/jornada-automocion-api/vendor/laravel/framework/src/Illuminate/Foundation/Http/Middleware/TransformsRequest.php(21): Illuminate\\Pipeline\\Pipeline->Illuminate\\Pipeline\\{closure}()
#44 /var/www/jornada-automocion-api/vendor/laravel/framework/src/Illuminate/Foundation/Http/Middleware/TrimStrings.php(51): Illuminate\\Foundation\\Http\\Middleware\\TransformsRequest->handle()
#45 /var/www/jornada-automocion-api/vendor/laravel/framework/src/Illuminate/Pipeline/Pipeline.php(209): Illuminate\\Foundation\\Http\\Middleware\\TrimStrings->handle()
#46 /var/www/jornada-automocion-api/vendor/laravel/framework/src/Illuminate/Http/Middleware/ValidatePostSize.php(27): Illuminate\\Pipeline\\Pipeline->Illuminate\\Pipeline\\{closure}()
#47 /var/www/jornada-automocion-api/vendor/laravel/framework/src/Illuminate/Pipeline/Pipeline.php(209): Illuminate\\Http\\Middleware\\ValidatePostSize->handle()
#48 /var/www/jornada-automocion-api/vendor/laravel/framework/src/Illuminate/Foundation/Http/Middleware/PreventRequestsDuringMaintenance.php(110): Illuminate\\Pipeline\\Pipeline->Illuminate\\Pipeline\\{closure}()
#49 /var/www/jornada-automocion-api/vendor/laravel/framework/src/Illuminate/Pipeline/Pipeline.php(209): Illuminate\\Foundation\\Http\\Middleware\\PreventRequestsDuringMaintenance->handle()
#50 /var/www/jornada-automocion-api/vendor/laravel/framework/src/Illuminate/Http/Middleware/HandleCors.php(49): Illuminate\\Pipeline\\Pipeline->Illuminate\\Pipeline\\{closure}()
#51 /var/www/jornada-automocion-api/vendor/laravel/framework/src/Illuminate/Pipeline/Pipeline.php(209): Illuminate\\Http\\Middleware\\HandleCors->handle()
#52 /var/www/jornada-automocion-api/vendor/laravel/framework/src/Illuminate/Http/Middleware/TrustProxies.php(58): Illuminate\\Pipeline\\Pipeline->Illuminate\\Pipeline\\{closure}()
#53 /var/www/jornada-automocion-api/vendor/laravel/framework/src/Illuminate/Pipeline/Pipeline.php(209): Illuminate\\Http\\Middleware\\TrustProxies->handle()
#54 /var/www/jornada-automocion-api/vendor/laravel/framework/src/Illuminate/Foundation/Http/Middleware/InvokeDeferredCallbacks.php(22): Illuminate\\Pipeline\\Pipeline->Illuminate\\Pipeline\\{closure}()
#55 /var/www/jornada-automocion-api/vendor/laravel/framework/src/Illuminate/Pipeline/Pipeline.php(209): Illuminate\\Foundation\\Http\\Middleware\\InvokeDeferredCallbacks->handle()
#56 /var/www/jornada-automocion-api/vendor/laravel/framework/src/Illuminate/Pipeline/Pipeline.php(127): Illuminate\\Pipeline\\Pipeline->Illuminate\\Pipeline\\{closure}()
#57 /var/www/jornada-automocion-api/vendor/laravel/framework/src/Illuminate/Foundation/Http/Kernel.php(176): Illuminate\\Pipeline\\Pipeline->then()
#58 /var/www/jornada-automocion-api/vendor/laravel/framework/src/Illuminate/Foundation/Http/Kernel.php(145): Illuminate\\Foundation\\Http\\Kernel->sendRequestThroughRouter()
#59 /var/www/jornada-automocion-api/vendor/laravel/framework/src/Illuminate/Foundation/Application.php(1220): Illuminate\\Foundation\\Http\\Kernel->handle()
#60 /var/www/jornada-automocion-api/public/index.php(17): Illuminate\\Foundation\\Application->handleRequest()
#61 {main}

[previous exception] [object] (Illuminate\\Routing\\Exceptions\\UrlGenerationException(code: 0): Missing required parameter for [Route: projects.show] [URI: projects/{project}] [Missing parameter: project]. at /var/www/jornada-automocion-api/vendor/laravel/framework/src/Illuminate/Routing/Exceptions/UrlGenerationException.php:35)
[stacktrace]
#0 /var/www/jornada-automocion-api/vendor/laravel/framework/src/Illuminate/Routing/RouteUrlGenerator.php(90): Illuminate\\Routing\\Exceptions\\UrlGenerationException::forMissingParameters()
#1 /var/www/jornada-automocion-api/vendor/laravel/framework/src/Illuminate/Routing/UrlGenerator.php(544): Illuminate\\Routing\\RouteUrlGenerator->to()
#2 /var/www/jornada-automocion-api/vendor/laravel/framework/src/Illuminate/Routing/UrlGenerator.php(509): Illuminate\\Routing\\UrlGenerator->toRoute()
#3 /var/www/jornada-automocion-api/vendor/laravel/framework/src/Illuminate/Foundation/helpers.php(853): Illuminate\\Routing\\UrlGenerator->route()
#4 /var/www/jornada-automocion-api/storage/framework/views/711cdeebaed72fdfe76d0a8f5d16ac34.php(112): route()
#5 /var/www/jornada-automocion-api/vendor/laravel/framework/src/Illuminate/Filesystem/Filesystem.php(123): require('...')
#6 /var/www/jornada-automocion-api/vendor/laravel/framework/src/Illuminate/Filesystem/Filesystem.php(124): Illuminate\\Filesystem\\Filesystem::Illuminate\\Filesystem\\{closure}()
#7 /var/www/jornada-automocion-api/vendor/laravel/framework/src/Illuminate/View/Engines/PhpEngine.php(58): Illuminate\\Filesystem\\Filesystem->getRequire()
#8 /var/www/jornada-automocion-api/vendor/livewire/livewire/src/Mechanisms/ExtendBlade/ExtendedCompilerEngine.php(22): Illuminate\\View\\Engines\\PhpEngine->evaluatePath()
#9 /var/www/jornada-automocion-api/vendor/laravel/framework/src/Illuminate/View/Engines/CompilerEngine.php(75): Livewire\\Mechanisms\\ExtendBlade\\ExtendedCompilerEngine->evaluatePath()
#10 /var/www/jornada-automocion-api/vendor/livewire/livewire/src/Mechanisms/ExtendBlade/ExtendedCompilerEngine.php(10): Illuminate\\View\\Engines\\CompilerEngine->get()
#11 /var/www/jornada-automocion-api/vendor/laravel/framework/src/Illuminate/View/View.php(209): Livewire\\Mechanisms\\ExtendBlade\\ExtendedCompilerEngine->get()
#12 /var/www/jornada-automocion-api/vendor/laravel/framework/src/Illuminate/View/View.php(192): Illuminate\\View\\View->getContents()
#13 /var/www/jornada-automocion-api/vendor/laravel/framework/src/Illuminate/View/View.php(161): Illuminate\\View\\View->renderContents()
#14 /var/www/jornada-automocion-api/vendor/laravel/framework/src/Illuminate/Http/Response.php(79): Illuminate\\View\\View->render()
#15 /var/www/jornada-automocion-api/vendor/laravel/framework/src/Illuminate/Http/Response.php(35): Illuminate\\Http\\Response->setContent()
#16 /var/www/jornada-automocion-api/vendor/laravel/framework/src/Illuminate/Routing/Router.php(920): Illuminate\\Http\\Response->__construct()
#17 /var/www/jornada-automocion-api/vendor/laravel/framework/src/Illuminate/Routing/Router.php(887): Illuminate\\Routing\\Router::toResponse()
#18 /var/www/jornada-automocion-api/vendor/laravel/framework/src/Illuminate/Routing/Router.php(807): Illuminate\\Routing\\Router->prepareResponse()
#19 /var/www/jornada-automocion-api/vendor/laravel/framework/src/Illuminate/Pipeline/Pipeline.php(170): Illuminate\\Routing\\Router->Illuminate\\Routing\\{closure}()
#20 /var/www/jornada-automocion-api/app/Http/Middleware/CheckUserStatus.php(17): Illuminate\\Pipeline\\Pipeline->Illuminate\\Pipeline\\{closure}()
#21 /var/www/jornada-automocion-api/vendor/laravel/framework/src/Illuminate/Pipeline/Pipeline.php(209): App\\Http\\Middleware\\CheckUserStatus->handle()
#22 /var/www/jornada-automocion-api/vendor/laravel/framework/src/Illuminate/Routing/Middleware/SubstituteBindings.php(51): Illuminate\\Pipeline\\Pipeline->Illuminate\\Pipeline\\{closure}()
#23 /var/www/jornada-automocion-api/vendor/laravel/framework/src/Illuminate/Pipeline/Pipeline.php(209): Illuminate\\Routing\\Middleware\\SubstituteBindings->handle()
#24 /var/www/jornada-automocion-api/vendor/laravel/framework/src/Illuminate/Auth/Middleware/Authenticate.php(64): Illuminate\\Pipeline\\Pipeline->Illuminate\\Pipeline\\{closure}()
#25 /var/www/jornada-automocion-api/vendor/laravel/framework/src/Illuminate/Pipeline/Pipeline.php(209): Illuminate\\Auth\\Middleware\\Authenticate->handle()
#26 /var/www/jornada-automocion-api/vendor/laravel/framework/src/Illuminate/Foundation/Http/Middleware/VerifyCsrfToken.php(88): Illuminate\\Pipeline\\Pipeline->Illuminate\\Pipeline\\{closure}()
#27 /var/www/jornada-automocion-api/vendor/laravel/framework/src/Illuminate/Pipeline/Pipeline.php(209): Illuminate\\Foundation\\Http\\Middleware\\VerifyCsrfToken->handle()
#28 /var/www/jornada-automocion-api/vendor/laravel/framework/src/Illuminate/View/Middleware/ShareErrorsFromSession.php(49): Illuminate\\Pipeline\\Pipeline->Illuminate\\Pipeline\\{closure}()
#29 /var/www/jornada-automocion-api/vendor/laravel/framework/src/Illuminate/Pipeline/Pipeline.php(209): Illuminate\\View\\Middleware\\ShareErrorsFromSession->handle()
#30 /var/www/jornada-automocion-api/vendor/laravel/framework/src/Illuminate/Session/Middleware/StartSession.php(121): Illuminate\\Pipeline\\Pipeline->Illuminate\\Pipeline\\{closure}()
#31 /var/www/jornada-automocion-api/vendor/laravel/framework/src/Illuminate/Session/Middleware/StartSession.php(64): Illuminate\\Session\\Middleware\\StartSession->handleStatefulRequest()
#32 /var/www/jornada-automocion-api/vendor/laravel/framework/src/Illuminate/Pipeline/Pipeline.php(209): Illuminate\\Session\\Middleware\\StartSession->handle()
#33 /var/www/jornada-automocion-api/vendor/laravel/framework/src/Illuminate/Cookie/Middleware/AddQueuedCookiesToResponse.php(37): Illuminate\\Pipeline\\Pipeline->Illuminate\\Pipeline\\{closure}()
#34 /var/www/jornada-automocion-api/vendor/laravel/framework/src/Illuminate/Pipeline/Pipeline.php(209): Illuminate\\Cookie\\Middleware\\AddQueuedCookiesToResponse->handle()
#35 /var/www/jornada-automocion-api/vendor/laravel/framework/src/Illuminate/Cookie/Middleware/EncryptCookies.php(75): Illuminate\\Pipeline\\Pipeline->Illuminate\\Pipeline\\{closure}()
#36 /var/www/jornada-automocion-api/vendor/laravel/framework/src/Illuminate/Pipeline/Pipeline.php(209): Illuminate\\Cookie\\Middleware\\EncryptCookies->handle()
#37 /var/www/jornada-automocion-api/vendor/laravel/framework/src/Illuminate/Pipeline/Pipeline.php(127): Illuminate\\Pipeline\\Pipeline->Illuminate\\Pipeline\\{closure}()
#38 /var/www/jornada-automocion-api/vendor/laravel/framework/src/Illuminate/Routing/Router.php(807): Illuminate\\Pipeline\\Pipeline->then()
#39 /var/www/jornada-automocion-api/vendor/laravel/framework/src/Illuminate/Routing/Router.php(786): Illuminate\\Routing\\Router->runRouteWithinStack()
#40 /var/www/jornada-automocion-api/vendor/laravel/framework/src/Illuminate/Routing/Router.php(750): Illuminate\\Routing\\Router->runRoute()
#41 /var/www/jornada-automocion-api/vendor/laravel/framework/src/Illuminate/Routing/Router.php(739): Illuminate\\Routing\\Router->dispatchToRoute()
#42 /var/www/jornada-automocion-api/vendor/laravel/framework/src/Illuminate/Foundation/Http/Kernel.php(201): Illuminate\\Routing\\Router->dispatch()
#43 /var/www/jornada-automocion-api/vendor/laravel/framework/src/Illuminate/Pipeline/Pipeline.php(170): Illuminate\\Foundation\\Http\\Kernel->Illuminate\\Foundation\\Http\\{closure}()
#44 /var/www/jornada-automocion-api/vendor/livewire/livewire/src/Features/SupportDisablingBackButtonCache/DisableBackButtonCacheMiddleware.php(19): Illuminate\\Pipeline\\Pipeline->Illuminate\\Pipeline\\{closure}()
#45 /var/www/jornada-automocion-api/vendor/laravel/framework/src/Illuminate/Pipeline/Pipeline.php(209): Livewire\\Features\\SupportDisablingBackButtonCache\\DisableBackButtonCacheMiddleware->handle()
#46 /var/www/jornada-automocion-api/vendor/laravel/framework/src/Illuminate/Foundation/Http/Middleware/TransformsRequest.php(21): Illuminate\\Pipeline\\Pipeline->Illuminate\\Pipeline\\{closure}()
#47 /var/www/jornada-automocion-api/vendor/laravel/framework/src/Illuminate/Foundation/Http/Middleware/ConvertEmptyStringsToNull.php(31): Illuminate\\Foundation\\Http\\Middleware\\TransformsRequest->handle()
#48 /var/www/jornada-automocion-api/vendor/laravel/framework/src/Illuminate/Pipeline/Pipeline.php(209): Illuminate\\Foundation\\Http\\Middleware\\ConvertEmptyStringsToNull->handle()
#49 /var/www/jornada-automocion-api/vendor/laravel/framework/src/Illuminate/Foundation/Http/Middleware/TransformsRequest.php(21): Illuminate\\Pipeline\\Pipeline->Illuminate\\Pipeline\\{closure}()
#50 /var/www/jornada-automocion-api/vendor/laravel/framework/src/Illuminate/Foundation/Http/Middleware/TrimStrings.php(51): Illuminate\\Foundation\\Http\\Middleware\\TransformsRequest->handle()
#51 /var/www/jornada-automocion-api/vendor/laravel/framework/src/Illuminate/Pipeline/Pipeline.php(209): Illuminate\\Foundation\\Http\\Middleware\\TrimStrings->handle()
#52 /var/www/jornada-automocion-api/vendor/laravel/framework/src/Illuminate/Http/Middleware/ValidatePostSize.php(27): Illuminate\\Pipeline\\Pipeline->Illuminate\\Pipeline\\{closure}()
#53 /var/www/jornada-automocion-api/vendor/laravel/framework/src/Illuminate/Pipeline/Pipeline.php(209): Illuminate\\Http\\Middleware\\ValidatePostSize->handle()
#54 /var/www/jornada-automocion-api/vendor/laravel/framework/src/Illuminate/Foundation/Http/Middleware/PreventRequestsDuringMaintenance.php(110): Illuminate\\Pipeline\\Pipeline->Illuminate\\Pipeline\\{closure}()
#55 /var/www/jornada-automocion-api/vendor/laravel/framework/src/Illuminate/Pipeline/Pipeline.php(209): Illuminate\\Foundation\\Http\\Middleware\\PreventRequestsDuringMaintenance->handle()
#56 /var/www/jornada-automocion-api/vendor/laravel/framework/src/Illuminate/Http/Middleware/HandleCors.php(49): Illuminate\\Pipeline\\Pipeline->Illuminate\\Pipeline\\{closure}()
#57 /var/www/jornada-automocion-api/vendor/laravel/framework/src/Illuminate/Pipeline/Pipeline.php(209): Illuminate\\Http\\Middleware\\HandleCors->handle()
#58 /var/www/jornada-automocion-api/vendor/laravel/framework/src/Illuminate/Http/Middleware/TrustProxies.php(58): Illuminate\\Pipeline\\Pipeline->Illuminate\\Pipeline\\{closure}()
#59 /var/www/jornada-automocion-api/vendor/laravel/framework/src/Illuminate/Pipeline/Pipeline.php(209): Illuminate\\Http\\Middleware\\TrustProxies->handle()
#60 /var/www/jornada-automocion-api/vendor/laravel/framework/src/Illuminate/Foundation/Http/Middleware/InvokeDeferredCallbacks.php(22): Illuminate\\Pipeline\\Pipeline->Illuminate\\Pipeline\\{closure}()
#61 /var/www/jornada-automocion-api/vendor/laravel/framework/src/Illuminate/Pipeline/Pipeline.php(209): Illuminate\\Foundation\\Http\\Middleware\\InvokeDeferredCallbacks->handle()
#62 /var/www/jornada-automocion-api/vendor/laravel/framework/src/Illuminate/Pipeline/Pipeline.php(127): Illuminate\\Pipeline\\Pipeline->Illuminate\\Pipeline\\{closure}()
#63 /var/www/jornada-automocion-api/vendor/laravel/framework/src/Illuminate/Foundation/Http/Kernel.php(176): Illuminate\\Pipeline\\Pipeline->then()
#64 /var/www/jornada-automocion-api/vendor/laravel/framework/src/Illuminate/Foundation/Http/Kernel.php(145): Illuminate\\Foundation\\Http\\Kernel->sendRequestThroughRouter()
#65 /var/www/jornada-automocion-api/vendor/laravel/framework/src/Illuminate/Foundation/Application.php(1220): Illuminate\\Foundation\\Http\\Kernel->handle()
#66 /var/www/jornada-automocion-api/public/index.php(17): Illuminate\\Foundation\\Application->handleRequest()
#67 {main}
"} 
[2026-05-10 13:45:00] production.INFO: UPLOAD IMAGE REQUEST {"_token":"axwxYCFZuy7mdrO6sAZYqQNpU85RDHLhgAWMqcuq","_method":"PUT","title":"Proyecte bmw e46","abstract":"Arreglar y dejar a mi gusto y en perfectas condiciones en la medida de lo posible,como frenos, pastillas ,cambio de radio,altavozes,llantas, junta homocinetica,etc.....","tipos":["1","6","9"],"videoURL":null,"new_image_fase":"initial","action":"upload_image","conclusion":null,"new_project_image":{"Illuminate\\Http\\UploadedFile":"/tmp/phpwQziMd"}} 
[2026-05-10 13:45:06] production.INFO: UPLOAD IMAGE REQUEST {"_token":"soshpr5qjiQjIqyL0CdySzZg5QKo0hsOnmQOT9iz","_method":"PUT","title":"Restauracion civic 1.4i S","abstract":"He realizado el cambio del líquido refrigerante, procediendo a su vaciado y posterior rellenado. Asimismo, he sustituido los intermitentes y he instalado los colectores de escape. Por último, he comenzado a investigar el sistema de altavoces del vehículo, ya que actualmente se encuentran anulados.","videoURL":null,"new_image_fase":"header","action":"upload_image","conclusion":"Mi intención para el resultado final de mi proyecto es tener un coche al día, en buen estado y con una buena estética, para poder disfrutarlo cuando me saque el carnet de conducir.","new_project_image":{"Illuminate\\Http\\UploadedFile":"/tmp/phpweftYW"}} 
[2026-05-10 13:45:47] production.INFO: UPLOAD IMAGE REQUEST {"_token":"axwxYCFZuy7mdrO6sAZYqQNpU85RDHLhgAWMqcuq","_method":"PUT","title":"Proyecte bmw e46","abstract":"Arreglar y dejar a mi gusto y en perfectas condiciones en la medida de lo posible,como frenos, pastillas ,cambio de radio,altavozes,llantas, junta homocinetica,techo estrellado etc.....","videoURL":null,"new_image_fase":"header","action":"upload_image","image_descriptions":{"414":null},"conclusion":null,"new_project_image":{"Illuminate\\Http\\UploadedFile":"/tmp/phpdpEo1n"}} 
[2026-05-10 13:45:49] production.INFO: UPLOAD IMAGE REQUEST {"_token":"soshpr5qjiQjIqyL0CdySzZg5QKo0hsOnmQOT9iz","_method":"PUT","title":"Restauracion civic 1.4i S","abstract":"He realizado el cambio del líquido refrigerante, procediendo a su vaciado y posterior rellenado. Asimismo, he sustituido los intermitentes y he instalado los colectores de escape. Por último, he comenzado a investigar el sistema de altavoces del vehículo, ya que actualmente se encuentran anulados.","videoURL":null,"new_image_fase":"initial","action":"upload_image","conclusion":null,"new_project_image":{"Illuminate\\Http\\UploadedFile":"/tmp/phpYiGLbx"}} 
[2026-05-10 13:46:27] production.INFO: UPLOAD IMAGE REQUEST {"_token":"soshpr5qjiQjIqyL0CdySzZg5QKo0hsOnmQOT9iz","_method":"PUT","title":"Restauracion civic 1.4i S","abstract":"He realizado el cambio del líquido refrigerante, procediendo a su vaciado y posterior rellenado. Asimismo, he sustituido los intermitentes y he instalado los colectores de escape. Por último, he comenzado a investigar el sistema de altavoces del vehículo, ya que actualmente se encuentran anulados.","videoURL":null,"new_image_fase":"procedimiento_1","action":"upload_image","image_descriptions":{"417":null},"conclusion":null,"new_project_image":{"Illuminate\\Http\\UploadedFile":"/tmp/phprlPr1x"}} 
[2026-05-10 13:47:05] production.INFO: UPLOAD IMAGE REQUEST {"_token":"axwxYCFZuy7mdrO6sAZYqQNpU85RDHLhgAWMqcuq","_method":"PUT","title":"Proyecte bmw e46","abstract":"Arreglar y dejar a mi gusto y en perfectas condiciones en la medida de lo posible,como frenos, pastillas ,cambio de radio,altavozes,llantas, junta homocinetica,techo estrellado etc.....","videoURL":null,"new_image_fase":"final","action":"upload_image","image_descriptions":{"414":null},"conclusion":null,"new_project_image":{"Illuminate\\Http\\UploadedFile":"/tmp/phpqB9K1T"}} 
[2026-05-10 13:47:28] production.INFO: UPLOAD IMAGE REQUEST {"_token":"soshpr5qjiQjIqyL0CdySzZg5QKo0hsOnmQOT9iz","_method":"PUT","title":"Restauracion civic 1.4i S","abstract":"He realizado el cambio del líquido refrigerante, procediendo a su vaciado y posterior rellenado. Asimismo, he sustituido los intermitentes y he instalado los colectores de escape. Por último, he comenzado a investigar el sistema de altavoces del vehículo, ya que actualmente se encuentran anulados.","videoURL":null,"new_image_fase":"procedimiento_3","action":"upload_image","image_descriptions":{"417":null,"418":"Destensando la primera correa"},"conclusion":null,"new_project_image":{"Illuminate\\Http\\UploadedFile":"/tmp/phpRoLW87"}} 
[2026-05-10 13:48:04] production.INFO: UPLOAD IMAGE REQUEST {"_token":"soshpr5qjiQjIqyL0CdySzZg5QKo0hsOnmQOT9iz","_method":"PUT","title":"Restauracion civic 1.4i S","abstract":"He realizado el cambio del líquido refrigerante, procediendo a su vaciado y posterior rellenado. Asimismo, he sustituido los intermitentes y he instalado los colectores de escape. Por último, he comenzado a investigar el sistema de altavoces del vehículo, ya que actualmente se encuentran anulados.","videoURL":null,"new_image_fase":"header","action":"upload_image","image_descriptions":{"417":null,"418":"Destensando la primera correa","420":"Correas fuera"},"conclusion":null,"new_project_image":{"Illuminate\\Http\\UploadedFile":"/tmp/phpdQeASo"}} 
[2026-05-10 13:50:55] production.INFO: UPLOAD IMAGE REQUEST {"_token":"soshpr5qjiQjIqyL0CdySzZg5QKo0hsOnmQOT9iz","_method":"PUT","title":"Restauracion civic 1.4i S","abstract":"He realizado el cambio del líquido refrigerante, procediendo a su vaciado y posterior rellenado. Asimismo, he sustituido los intermitentes y he instalado los colectores de escape. Por último, he comenzado a investigar el sistema de altavoces del vehículo, ya que actualmente se encuentran anulados.","videoURL":null,"new_image_fase":"procedimiento_2","action":"upload_image","image_descriptions":{"417":null,"418":"Destensando la primera correa"},"conclusion":null,"new_project_image":{"Illuminate\\Http\\UploadedFile":"/tmp/phpPmsjbc"}} 
[2026-05-10 13:51:31] production.INFO: UPLOAD IMAGE REQUEST {"_token":"soshpr5qjiQjIqyL0CdySzZg5QKo0hsOnmQOT9iz","_method":"PUT","title":"Restauracion civic 1.4i S","abstract":"He realizado el cambio del líquido refrigerante, procediendo a su vaciado y posterior rellenado. Asimismo, he sustituido los intermitentes y he instalado los colectores de escape. Por último, he comenzado a investigar el sistema de altavoces del vehículo, ya que actualmente se encuentran anulados.","videoURL":null,"new_image_fase":"procedimiento_3","action":"upload_image","image_descriptions":{"417":null,"418":"Destensando la primera correa","422":"Quitar soporte moto ya que la correa trabaja por dentro"},"conclusion":null,"new_project_image":{"Illuminate\\Http\\UploadedFile":"/tmp/phpCXkBXJ"}} 
[2026-05-10 13:51:47] production.INFO: UPLOAD IMAGE REQUEST {"_token":"soshpr5qjiQjIqyL0CdySzZg5QKo0hsOnmQOT9iz","_method":"PUT","title":"Restauracion civic 1.4i S","abstract":"He realizado el cambio del líquido refrigerante, procediendo a su vaciado y posterior rellenado. Asimismo, he sustituido los intermitentes y he instalado los colectores de escape. Por último, he comenzado a investigar el sistema de altavoces del vehículo, ya que actualmente se encuentran anulados.","videoURL":null,"new_image_fase":"final","action":"upload_image","image_descriptions":{"417":null,"418":"Destensando la primera correa","422":null,"423":null},"conclusion":null,"new_project_image":{"Illuminate\\Http\\UploadedFile":"/tmp/phpPkK2rp"}} 
[2026-05-10 13:53:09] production.INFO: UPLOAD IMAGE REQUEST {"_token":"axwxYCFZuy7mdrO6sAZYqQNpU85RDHLhgAWMqcuq","_method":"PUT","title":"Proyecte bmw e46","abstract":"Arreglar y dejar a mi gusto y en perfectas condiciones en la medida de lo posible,como frenos, pastillas ,cambio de radio,altavozes,llantas, junta homocinetica,techo estrellado etc.....","videoURL":null,"new_image_fase":"procedimiento_3","action":"upload_image","image_descriptions":{"414":null,"419":null},"conclusion":null,"new_project_image":{"Illuminate\\Http\\UploadedFile":"/tmp/phpiO8bLj"}} 
[2026-05-10 13:56:35] production.INFO: UPLOAD IMAGE REQUEST {"_token":"axwxYCFZuy7mdrO6sAZYqQNpU85RDHLhgAWMqcuq","_method":"PUT","title":"Proyecte bmw e46","abstract":"Arreglar y dejar a mi gusto y en perfectas condiciones en la medida de lo posible,como frenos, pastillas ,cambio de radio,altavozes,llantas, junta homocinetica,techo estrellado etc.....","videoURL":null,"new_image_fase":"header","action":"upload_image","image_descriptions":{"414":null,"419":null},"conclusion":null,"new_project_image":{"Illuminate\\Http\\UploadedFile":"/tmp/php4baD8s"}} 
[2026-05-10 13:56:52] production.INFO: UPLOAD IMAGE REQUEST {"_token":"axwxYCFZuy7mdrO6sAZYqQNpU85RDHLhgAWMqcuq","_method":"PUT","title":"Proyecte bmw e46","abstract":"Arreglar y dejar a mi gusto y en perfectas condiciones en la medida de lo posible,como frenos, pastillas ,cambio de radio,altavozes,llantas, junta homocinetica,techo estrellado etc.....","videoURL":null,"new_image_fase":"header","action":"upload_image","image_descriptions":{"414":null,"419":null},"conclusion":null,"new_project_image":{"Illuminate\\Http\\UploadedFile":"/tmp/phpCEEiqY"}} 
[2026-05-10 13:57:03] production.INFO: UPLOAD IMAGE REQUEST {"_token":"REl8kiXLBYJSobgOYnlHs2IqpHxl8B0t4On4fTFT","_method":"PUT","title":"Opel Vectra C GTS","abstract":"Proyecto puesta a punto,mantenimiento completo,cambio de liquidos,pastillas y discos,suspensión,distribución y correa auxiliar,escape artesanal,bujias y bobinas,pintar tapa de balancines y cambio de junta,limpieza inyectores y mariposa,bomba lavaparabrisas,aire acondicionado,silentblocks, carplay.","tipos":["1","2","6"],"videoURL":"https://youtu.be/k7KrEck4Cg0","new_image_fase":"procedimiento_1","action":"upload_image","image_descriptions":{"413":"El coche se notaba que necesitaba un mantenimineto, especialmente en los frenos porque no frenaba y el pedal estaba esponjoso, también necesitaba cambio de filtros y liquidos, también habian cosas que funcionaban mal como las ventanillas, el aire acondicionado y la radio."},"conclusion":"Estamos muy contentos con el resultado final del proyecto porque hemos podido cumplir los objetivos que teniamos en mente, aunque hayamos tenido muchos problemas especialmente con la distribución hemos podido salir adelante y acabarlo, y tambien nos gusto mucho pintar la tapa de balancines.","new_project_image":{"Illuminate\\Http\\UploadedFile":"/tmp/phpiG7eLI"}} 
[2026-05-10 13:57:04] production.INFO: UPLOAD IMAGE REQUEST {"_token":"axwxYCFZuy7mdrO6sAZYqQNpU85RDHLhgAWMqcuq","_method":"PUT","title":"Proyecte bmw e46","abstract":"Arreglar y dejar a mi gusto y en perfectas condiciones en la medida de lo posible,como frenos, pastillas ,cambio de radio,altavozes,llantas, junta homocinetica,techo estrellado etc.....","videoURL":null,"new_image_fase":"header","action":"upload_image","image_descriptions":{"414":null,"419":null},"conclusion":null,"new_project_image":{"Illuminate\\Http\\UploadedFile":"/tmp/phpxTTE4d"}} 
[2026-05-10 14:12:08] production.INFO: UPLOAD IMAGE REQUEST {"_token":"soshpr5qjiQjIqyL0CdySzZg5QKo0hsOnmQOT9iz","_method":"PUT","title":"Restauracion civic 1.4i S","abstract":"He realizado el cambio del líquido refrigerante, procediendo a su vaciado y posterior rellenado. Asimismo, he sustituido los intermitentes y he instalado los colectores de escape. Por último, he comenzado a investigar el sistema de altavoces del vehículo, ya que actualmente se encuentran anulados.","tipos":["1"],"videoURL":null,"new_image_fase":"header","action":"upload_image","image_descriptions":{"417":null,"418":"Destensando la primera correa","422":null,"423":null,"424":null},"conclusion":"Mi intención para el resultado final de mi proyecto es tener un coche al día, en buen estado y con una buena estética, para poder disfrutarlo cuando me saque el carnet de conducir.","new_project_image":{"Illuminate\\Http\\UploadedFile":"/tmp/phptU76HA"}} 
[2026-05-10 14:16:44] production.INFO: UPLOAD IMAGE REQUEST {"_token":"REl8kiXLBYJSobgOYnlHs2IqpHxl8B0t4On4fTFT","_method":"PUT","title":"Opel Vectra C GTS","abstract":"Proyecto puesta a punto,mantenimiento completo,cambio de liquidos,pastillas y discos,suspensión,distribución y correa auxiliar,escape artesanal,bujias y bobinas,pintar tapa de balancines y cambio de junta,limpieza inyectores y mariposa,bomba lavaparabrisas,aire acondicionado,silentblocks, carplay.","tipos":["1","2","6"],"videoURL":"https://youtu.be/k7KrEck4Cg0","new_image_fase":"procedimiento_2","action":"upload_image","image_descriptions":{"413":"El coche se notaba que necesitaba un mantenimineto, especialmente en los frenos porque no frenaba y el pedal estaba esponjoso, también necesitaba cambio de filtros y liquidos, también habian cosas que funcionaban mal como las ventanillas, el aire acondicionado y la radio.","428":"Lo primero que hicimos fue hacer el mantenimiento, las pastillas y discos delnateros y traseros, bujías y bobinas, y la distribución con la que tuvimos muchos problemas para sacar el tensor  por su tensor y la bomba de agua porque estaba clavada."},"conclusion":"Estamos muy contentos con el resultado final del proyecto porque hemos podido cumplir los objetivos que teniamos en mente, aunque hayamos tenido muchos problemas especialmente con la distribución hemos podido salir adelante y acabarlo, y tambien nos gusto mucho pintar la tapa de balancines.","new_project_image":{"Illuminate\\Http\\UploadedFile":"/tmp/phpLvj4dh"}} 
[2026-05-10 14:44:47] production.INFO: UPLOAD IMAGE REQUEST {"_token":"axwxYCFZuy7mdrO6sAZYqQNpU85RDHLhgAWMqcuq","_method":"PUT","title":"Proyecte bmw e46","abstract":"Arreglar y dejar a mi gusto y en perfectas condiciones en la medida de lo posible,como frenos, pastillas ,cambio de radio,altavozes,llantas, junta homocinetica,techo estrellado etc.....","videoURL":null,"new_image_fase":"procedimiento_1","action":"upload_image","image_descriptions":{"414":null,"419":null},"conclusion":"Este proyecto sobre el BMW E46 ha permitido aplicar conocimientos prácticos de electromecánica realizando tareas de mantenimiento, reparación y mejora del vehículo. Se han trabajado sistemas importantes como frenos, refrigeración, lubricación, iluminación y multimedia, mejorando la seguridad, fiabil","new_project_image":{"Illuminate\\Http\\UploadedFile":"/tmp/phpFeOYAE"}} 
[2026-05-10 14:46:10] production.INFO: UPLOAD IMAGE REQUEST {"_token":"REl8kiXLBYJSobgOYnlHs2IqpHxl8B0t4On4fTFT","_method":"PUT","title":"Opel Vectra C GTS","abstract":"Proyecto puesta a punto,mantenimiento completo,cambio de liquidos,pastillas y discos,suspensión,distribución y correa auxiliar,escape artesanal,bujias y bobinas,pintar tapa de balancines y cambio de junta,limpieza inyectores y mariposa,bomba lavaparabrisas,aire acondicionado,silentblocks, carplay.","tipos":["1","2","6"],"videoURL":"https://youtu.be/k7KrEck4Cg0","new_image_fase":"procedimiento_3","action":"upload_image","image_descriptions":{"413":"El coche se notaba que necesitaba un mantenimineto, especialmente en los frenos porque no frenaba y el pedal estaba esponjoso, también necesitaba cambio de filtros y liquidos, también habian cosas que funcionaban mal como las ventanillas, el aire acondicionado y la radio.","428":"Lo primero que hicimos fue hacer el mantenimiento, las pastillas y discos delnateros y traseros, bujías y bobinas, y la distribución con la que tuvimos muchos problemas para sacar el tensor  por su tensor y la bomba de agua porque estaba clavada.","431":"También le purgamos lo frenos, sacamos la tapa de balancines para ir a pintarla y cambiar la junta, y luego sacamos el escape entero menos el colector de escape para hacer mediciones y empezar a hacerlo desde 0."},"conclusion":"Estamos muy contentos con el resultado final del proyecto porque hemos podido cumplir los objetivos que teniamos en mente, aunque hayamos tenido muchos problemas especialmente con la distribución hemos podido salir adelante y acabarlo, y tambien nos gusto mucho pintar la tapa de balancines.","new_project_image":{"Illuminate\\Http\\UploadedFile":"/tmp/phpoh5sbd"}} 
[2026-05-10 14:47:05] production.INFO: UPLOAD IMAGE REQUEST {"_token":"fcTCRzclTqlWxuek0BXDf8fljSUJ4H3U8UNE2iRW","_method":"PUT","title":"Seat Leon","abstract":"En este proyecto he realizado trabajos de mecánica pesada, optimización de potencia, chapa y pintura y montaje de nuevos elementos para un mejor funcionamiento.","tipos":["1","2","6"],"videoURL":null,"new_image_fase":"header","action":"upload_image","conclusion":null,"photoName":{"Illuminate\\Http\\UploadedFile":"/tmp/phpefTLQW"},"new_project_image":{"Illuminate\\Http\\UploadedFile":"/tmp/phpl3tnRA"}} 
[2026-05-10 14:47:31] production.INFO: UPLOAD IMAGE REQUEST {"_token":"fcTCRzclTqlWxuek0BXDf8fljSUJ4H3U8UNE2iRW","_method":"PUT","title":"Seat Leon","abstract":"En este proyecto he realizado trabajos de mecánica pesada, optimización de potencia, chapa y pintura y montaje de nuevos elementos para un mejor funcionamiento.","videoURL":null,"new_image_fase":"header","action":"upload_image","conclusion":null,"new_project_image":{"Illuminate\\Http\\UploadedFile":"/tmp/php7CeC9I"}} 
[2026-05-10 14:47:54] production.INFO: UPLOAD IMAGE REQUEST {"_token":"fcTCRzclTqlWxuek0BXDf8fljSUJ4H3U8UNE2iRW","_method":"PUT","title":"Seat Leon","abstract":"En este proyecto he realizado trabajos de mecánica pesada, optimización de potencia, chapa y pintura y montaje de nuevos elementos para un mejor funcionamiento.","videoURL":null,"new_image_fase":"initial","action":"upload_image","conclusion":null,"new_project_image":{"Illuminate\\Http\\UploadedFile":"/tmp/phpFsXnww"}} 
[2026-05-10 14:48:21] production.INFO: UPLOAD IMAGE REQUEST {"_token":"axwxYCFZuy7mdrO6sAZYqQNpU85RDHLhgAWMqcuq","_method":"PUT","title":"Proyecte bmw e46","abstract":"Arreglar y dejar a mi gusto y en perfectas condiciones en la medida de lo posible,como frenos, pastillas ,cambio de radio,altavozes,llantas, junta homocinetica,techo estrellado etc.....","videoURL":null,"new_image_fase":"procedimiento_1","action":"upload_image","image_descriptions":{"414":null,"419":null},"conclusion":null,"new_project_image":{"Illuminate\\Http\\UploadedFile":"/tmp/phprhQF8M"}} 
[2026-05-10 14:48:39] production.INFO: UPLOAD IMAGE REQUEST {"_token":"axwxYCFZuy7mdrO6sAZYqQNpU85RDHLhgAWMqcuq","_method":"PUT","title":"Proyecte bmw e46","abstract":"Arreglar y dejar a mi gusto y en perfectas condiciones en la medida de lo posible,como frenos, pastillas ,cambio de radio,altavozes,llantas, junta homocinetica,techo estrellado etc.....","videoURL":null,"new_image_fase":"procedimiento_2","action":"upload_image","image_descriptions":{"414":null,"419":null,"437":null},"conclusion":null,"new_project_image":{"Illuminate\\Http\\UploadedFile":"/tmp/phpqZzrFB"}} 
[2026-05-10 14:48:50] production.INFO: UPLOAD IMAGE REQUEST {"_token":"axwxYCFZuy7mdrO6sAZYqQNpU85RDHLhgAWMqcuq","_method":"PUT","title":"Proyecte bmw e46","abstract":"Arreglar y dejar a mi gusto y en perfectas condiciones en la medida de lo posible,como frenos, pastillas ,cambio de radio,altavozes,llantas, junta homocinetica,techo estrellado etc.....","videoURL":null,"new_image_fase":"procedimiento_3","action":"upload_image","image_descriptions":{"414":null,"419":null,"437":null,"438":null},"conclusion":null,"new_project_image":{"Illuminate\\Http\\UploadedFile":"/tmp/phpmgT4Qq"}} 
[2026-05-10 14:51:47] production.INFO: UPLOAD IMAGE REQUEST {"_token":"fcTCRzclTqlWxuek0BXDf8fljSUJ4H3U8UNE2iRW","_method":"PUT","title":"Seat Leon","abstract":"En este proyecto he realizado trabajos de mecánica pesada, optimización de potencia, chapa y pintura y montaje de nuevos elementos para un mejor funcionamiento.","videoURL":null,"new_image_fase":"initial","action":"upload_image","image_descriptions":{"436":null},"conclusion":null,"new_project_image":{"Illuminate\\Http\\UploadedFile":"/tmp/phppV21Qu"}} 
[2026-05-10 14:51:48] production.INFO: UPLOAD IMAGE REQUEST {"_token":"REl8kiXLBYJSobgOYnlHs2IqpHxl8B0t4On4fTFT","_method":"PUT","title":"Opel Vectra C GTS","abstract":"Proyecto puesta a punto,mantenimiento completo,cambio de liquidos,pastillas y discos,suspensión,distribución y correa auxiliar,escape artesanal,bujias y bobinas,pintar tapa de balancines y cambio de junta,limpieza inyectores y mariposa,bomba lavaparabrisas,aire acondicionado,silentblocks, carplay.","tipos":["1","2","6"],"videoURL":"https://youtu.be/k7KrEck4Cg0","new_image_fase":"final","action":"upload_image","image_descriptions":{"413":"El coche se notaba que necesitaba un mantenimineto, especialmente en los frenos porque no frenaba y el pedal estaba esponjoso, también necesitaba cambio de filtros y liquidos, también habian cosas que funcionaban mal como las ventanillas, el aire acondicionado y la radio.","428":"Lo primero que hicimos fue hacer el mantenimiento, las pastillas y discos delnateros y traseros, bujías y bobinas, y la distribución con la que tuvimos muchos problemas para sacar el tensor  por su tensor y la bomba de agua porque estaba clavada.","431":"También le purgamos lo frenos, sacamos la tapa de balancines para ir a pintarla y cambiar la junta, y luego sacamos el escape entero menos el colector de escape para hacer mediciones y empezar a hacerlo desde 0.","433":"Aqui lo que hicimos fue empezar a soldar el escape, sacar los inyectores y la mariposa para limpiarlos en la maquina de ultrasonidos y tambien sacar el abs porque el coche no tiene los tubos conectados al abs y miramos si pidoa tener algun problem el modulo, el problema era de la centralita."},"conclusion":"Estamos muy contentos con el resultado final del proyecto porque hemos podido cumplir los objetivos que teniamos en mente, aunque hayamos tenido muchos problemas especialmente con la distribución hemos podido salir adelante y acabarlo, y tambien nos gusto mucho pintar la tapa de balancines.","new_project_image":{"Illuminate\\Http\\UploadedFile":"/tmp/phpycFGT9"}} 
[2026-05-10 14:52:10] production.INFO: UPLOAD IMAGE REQUEST {"_token":"fcTCRzclTqlWxuek0BXDf8fljSUJ4H3U8UNE2iRW","_method":"PUT","title":"Seat Leon","abstract":"En este proyecto he realizado trabajos de mecánica pesada, optimización de potencia, chapa y pintura y montaje de nuevos elementos para un mejor funcionamiento.","videoURL":null,"new_image_fase":"initial","action":"upload_image","conclusion":null,"new_project_image":{"Illuminate\\Http\\UploadedFile":"/tmp/phpJbcHht"}} 
[2026-05-10 14:52:19] production.INFO: UPLOAD IMAGE REQUEST {"_token":"fcTCRzclTqlWxuek0BXDf8fljSUJ4H3U8UNE2iRW","_method":"PUT","title":"Seat Leon","abstract":"En este proyecto he realizado trabajos de mecánica pesada, optimización de potencia, chapa y pintura y montaje de nuevos elementos para un mejor funcionamiento.","videoURL":null,"new_image_fase":"header","action":"upload_image","image_descriptions":{"442":null},"conclusion":null,"new_project_image":{"Illuminate\\Http\\UploadedFile":"/tmp/php9wflzy"}} 
[2026-05-10 14:53:01] production.INFO: UPLOAD IMAGE REQUEST {"_token":"fcTCRzclTqlWxuek0BXDf8fljSUJ4H3U8UNE2iRW","_method":"PUT","title":"Seat Leon","abstract":"En este proyecto he realizado trabajos de mecánica pesada, optimización de potencia, chapa y pintura y montaje de nuevos elementos para un mejor funcionamiento.","videoURL":null,"new_image_fase":"header","action":"upload_image","conclusion":null,"new_project_image":{"Illuminate\\Http\\UploadedFile":"/tmp/phpfFQpsh"}} 
[2026-05-10 14:53:10] production.INFO: UPLOAD IMAGE REQUEST {"_token":"fcTCRzclTqlWxuek0BXDf8fljSUJ4H3U8UNE2iRW","_method":"PUT","title":"Seat Leon","abstract":"En este proyecto he realizado trabajos de mecánica pesada, optimización de potencia, chapa y pintura y montaje de nuevos elementos para un mejor funcionamiento.","videoURL":null,"new_image_fase":"initial","action":"upload_image","conclusion":null,"new_project_image":{"Illuminate\\Http\\UploadedFile":"/tmp/phplr9jya"}} 
[2026-05-10 14:53:25] production.INFO: UPLOAD IMAGE REQUEST {"_token":"fcTCRzclTqlWxuek0BXDf8fljSUJ4H3U8UNE2iRW","_method":"PUT","title":"Seat Leon","abstract":"En este proyecto he realizado trabajos de mecánica pesada, optimización de potencia, chapa y pintura y montaje de nuevos elementos para un mejor funcionamiento.","videoURL":null,"new_image_fase":"initial","action":"upload_image","image_descriptions":{"445":null},"conclusion":null,"new_project_image":{"Illuminate\\Http\\UploadedFile":"/tmp/phpbgxbXI"}} 
[2026-05-10 14:53:49] production.INFO: UPLOAD IMAGE REQUEST {"_token":"fcTCRzclTqlWxuek0BXDf8fljSUJ4H3U8UNE2iRW","_method":"PUT","title":"Seat Leon","abstract":"En este proyecto he realizado trabajos de mecánica pesada, optimización de potencia, chapa y pintura y montaje de nuevos elementos para un mejor funcionamiento.","videoURL":null,"new_image_fase":"initial","action":"upload_image","conclusion":null,"new_project_image":{"Illuminate\\Http\\UploadedFile":"/tmp/php9fuH7j"}} 
[2026-05-10 14:57:57] production.INFO: UPLOAD IMAGE REQUEST {"_token":"fcTCRzclTqlWxuek0BXDf8fljSUJ4H3U8UNE2iRW","_method":"PUT","title":"Seat Leon","abstract":"En este proyecto he realizado trabajos de mecánica pesada, optimización de potencia, chapa y pintura y montaje de nuevos elementos para un mejor funcionamiento.","videoURL":null,"new_image_fase":"procedimiento_1","action":"upload_image","image_descriptions":{"447":null},"conclusion":null,"new_project_image":{"Illuminate\\Http\\UploadedFile":"/tmp/phpv5eCdm"}} 
[2026-05-10 14:58:00] production.INFO: UPLOAD IMAGE REQUEST {"_token":"fcTCRzclTqlWxuek0BXDf8fljSUJ4H3U8UNE2iRW","_method":"PUT","title":"Seat Leon","abstract":"En este proyecto he realizado trabajos de mecánica pesada, optimización de potencia, chapa y pintura y montaje de nuevos elementos para un mejor funcionamiento.","videoURL":null,"new_image_fase":"procedimiento_1","action":"upload_image","image_descriptions":{"447":null},"conclusion":null,"new_project_image":{"Illuminate\\Http\\UploadedFile":"/tmp/phpCVc9F9"}} 
[2026-05-10 14:58:02] production.INFO: UPLOAD IMAGE REQUEST {"_token":"fcTCRzclTqlWxuek0BXDf8fljSUJ4H3U8UNE2iRW","_method":"PUT","title":"Seat Leon","abstract":"En este proyecto he realizado trabajos de mecánica pesada, optimización de potencia, chapa y pintura y montaje de nuevos elementos para un mejor funcionamiento.","videoURL":null,"new_image_fase":"procedimiento_1","action":"upload_image","image_descriptions":{"447":null},"conclusion":null,"new_project_image":{"Illuminate\\Http\\UploadedFile":"/tmp/phpQvUAGf"}} 
[2026-05-10 14:58:16] production.INFO: UPLOAD IMAGE REQUEST {"_token":"fcTCRzclTqlWxuek0BXDf8fljSUJ4H3U8UNE2iRW","_method":"PUT","title":"Seat Leon","abstract":"En este proyecto he realizado trabajos de mecánica pesada, optimización de potencia, chapa y pintura y montaje de nuevos elementos para un mejor funcionamiento.","videoURL":null,"new_image_fase":"procedimiento_2","action":"upload_image","image_descriptions":{"447":null,"450":null},"conclusion":null,"new_project_image":{"Illuminate\\Http\\UploadedFile":"/tmp/phpXAIPCi"}} 
[2026-05-10 14:58:28] production.INFO: UPLOAD IMAGE REQUEST {"_token":"fcTCRzclTqlWxuek0BXDf8fljSUJ4H3U8UNE2iRW","_method":"PUT","title":"Seat Leon","abstract":"En este proyecto he realizado trabajos de mecánica pesada, optimización de potencia, chapa y pintura y montaje de nuevos elementos para un mejor funcionamiento.","videoURL":null,"new_image_fase":"procedimiento_3","action":"upload_image","image_descriptions":{"447":null,"450":null,"451":null},"conclusion":null,"new_project_image":{"Illuminate\\Http\\UploadedFile":"/tmp/phppYXLCN"}} 
[2026-05-10 14:58:42] production.INFO: UPLOAD IMAGE REQUEST {"_token":"P5TrNUVUXXTikCMJPmJzVw2hZRC0YgyU0d4aoZOc","_method":"PUT","title":"Dinamica de gasos d’admissió y escapament","abstract":"Realización de un sistema de admisión personalizada  y un sistema de de escape entero incluyendo colectores de escape utilizando tubos de acero inoxidable 304 y realizandolo de tal manera que consiga optimizar el flujo de gases, tanto admisión como escape.","tipos":["1","9"],"videoURL":null,"new_image_fase":"header","action":"upload_image","conclusion":null,"photoName":{"Illuminate\\Http\\UploadedFile":"/tmp/phpRSJCl6"},"new_project_image":{"Illuminate\\Http\\UploadedFile":"/tmp/phptNf3X0"}} 
[2026-05-10 15:20:47] production.INFO: UPLOAD IMAGE REQUEST {"_token":"P5TrNUVUXXTikCMJPmJzVw2hZRC0YgyU0d4aoZOc","_method":"PUT","title":"Dinàmica de gases de admisión y escape","abstract":"Realización de un sistema de admisión personalizada  y un sistema de de escape entero incluyendo colectores de escape utilizando tubos de acero inoxidable 304 y realizandolo de tal manera que consiga optimizar el flujo de gases, tanto admisión como escape.","videoURL":null,"new_image_fase":"header","action":"upload_image","conclusion":"Gracias a este proyecto he podido conocer al máximo el funcionamiento de todo el sistema de admisión y escape de un vehículo atmosférico en este caso, tanto de forma teòrica como  pràctica y he perfeccionado bastante mas mis habilidades en soldadura TIG.","new_project_image":{"Illuminate\\Http\\UploadedFile":"/tmp/phpEFN1gV"}} 
[2026-05-10 15:22:50] production.INFO: UPLOAD IMAGE REQUEST {"_token":"P5TrNUVUXXTikCMJPmJzVw2hZRC0YgyU0d4aoZOc","_method":"PUT","title":"Dinàmica de gases de admisión y escape","abstract":"Realización de un sistema de admisión personalizada  y un sistema de de escape entero incluyendo colectores de escape utilizando tubos de acero inoxidable 304 y realizandolo de tal manera que consiga optimizar el flujo de gases, tanto admisión como escape.","tipos":["1","9"],"videoURL":null,"new_image_fase":"initial","action":"upload_image","conclusion":"Gracias a este proyecto he podido conocer al máximo el funcionamiento de todo el sistema de admisión y escape de un vehículo atmosférico en este caso, tanto de forma teòrica como  pràctica y he perfeccionado bastante mas mis habilidades en soldadura TIG.","new_project_image":{"Illuminate\\Http\\UploadedFile":"/tmp/phpGDaWGb"}} 
[2026-05-10 15:27:00] production.INFO: UPLOAD IMAGE REQUEST {"_token":"P5TrNUVUXXTikCMJPmJzVw2hZRC0YgyU0d4aoZOc","_method":"PUT","title":"Dinàmica de gases de admisión y escape","abstract":"Realización de un sistema de admisión personalizada  y un sistema de de escape entero incluyendo colectores de escape utilizando tubos de acero inoxidable 304 y realizandolo de tal manera que consiga optimizar el flujo de gases, tanto admisión como escape.","tipos":["1","9"],"videoURL":null,"new_image_fase":"initial","action":"upload_image","conclusion":"Gracias a este proyecto he podido conocer al máximo el funcionamiento de todo el sistema de admisión y escape de un vehículo atmosférico en este caso, tanto de forma teòrica como  pràctica y he perfeccionado bastante mas mis habilidades en soldadura TIG.","new_project_image":{"Illuminate\\Http\\UploadedFile":"/tmp/phpFMV2I5"}} 
[2026-05-10 15:32:26] production.INFO: UPLOAD IMAGE REQUEST {"_token":"P5TrNUVUXXTikCMJPmJzVw2hZRC0YgyU0d4aoZOc","_method":"PUT","title":"Dinàmica de gases de admisión y escape","abstract":"Realización de un sistema de admisión personalizada  y un sistema de de escape entero incluyendo colectores de escape utilizando tubos de acero inoxidable 304 y realizandolo de tal manera que consiga optimizar el flujo de gases, tanto admisión como escape.","tipos":["1","9"],"videoURL":null,"new_image_fase":"initial","action":"upload_image","image_descriptions":{"456":null},"conclusion":"Gracias a este proyecto he podido conocer al máximo el funcionamiento de todo el sistema de admisión y escape de un vehículo atmosférico en este caso, tanto de forma teòrica como  pràctica y he perfeccionado bastante mas mis habilidades en soldadura TIG.","new_project_image":{"Illuminate\\Http\\UploadedFile":"/tmp/php1N5gnc"}} 
[2026-05-10 15:33:30] production.INFO: UPLOAD IMAGE REQUEST {"_token":"P5TrNUVUXXTikCMJPmJzVw2hZRC0YgyU0d4aoZOc","_method":"PUT","title":"Dinàmica de gases de admisión y escape","abstract":"Realización de un sistema de admisión personalizada  y un sistema de de escape entero incluyendo colectores de escape utilizando tubos de acero inoxidable 304 y realizandolo de tal manera que consiga optimizar el flujo de gases, tanto admisión como escape.","tipos":["1","9"],"videoURL":null,"new_image_fase":"procedimiento_1","action":"upload_image","image_descriptions":{"457":null},"conclusion":"Gracias a este proyecto he podido conocer al máximo el funcionamiento de todo el sistema de admisión y escape de un vehículo atmosférico en este caso, tanto de forma teòrica como  pràctica y he perfeccionado bastante mas mis habilidades en soldadura TIG.","new_project_image":{"Illuminate\\Http\\UploadedFile":"/tmp/phpbCplU1"}} 
[2026-05-10 15:34:27] production.INFO: UPLOAD IMAGE REQUEST {"_token":"P5TrNUVUXXTikCMJPmJzVw2hZRC0YgyU0d4aoZOc","_method":"PUT","title":"Dinàmica de gases de admisión y escape","abstract":"Realización de un sistema de admisión personalizada  y un sistema de de escape entero incluyendo colectores de escape utilizando tubos de acero inoxidable 304 y realizandolo de tal manera que consiga optimizar el flujo de gases, tanto admisión como escape.","tipos":["1","9"],"videoURL":null,"new_image_fase":"procedimiento_2","action":"upload_image","image_descriptions":{"457":null,"458":null},"conclusion":"Gracias a este proyecto he podido conocer al máximo el funcionamiento de todo el sistema de admisión y escape de un vehículo atmosférico en este caso, tanto de forma teòrica como  pràctica y he perfeccionado bastante mas mis habilidades en soldadura TIG.","new_project_image":{"Illuminate\\Http\\UploadedFile":"/tmp/phpM2wrYY"}} 
[2026-05-10 15:36:28] production.INFO: UPLOAD IMAGE REQUEST {"_token":"P5TrNUVUXXTikCMJPmJzVw2hZRC0YgyU0d4aoZOc","_method":"PUT","title":"Dinàmica de gases de admisión y escape","abstract":"Realización de un sistema de admisión personalizada  y un sistema de de escape entero incluyendo colectores de escape utilizando tubos de acero inoxidable 304 y realizandolo de tal manera que consiga optimizar el flujo de gases, tanto admisión como escape.","tipos":["1","9"],"videoURL":null,"new_image_fase":"procedimiento_3","action":"upload_image","image_descriptions":{"457":null,"458":null,"459":null},"conclusion":"Gracias a este proyecto he podido conocer al máximo el funcionamiento de todo el sistema de admisión y escape de un vehículo atmosférico en este caso, tanto de forma teòrica como  pràctica y he perfeccionado bastante mas mis habilidades en soldadura TIG.","new_project_image":{"Illuminate\\Http\\UploadedFile":"/tmp/phplbvHg7"}} 
[2026-05-10 16:39:05] production.INFO: UPLOAD IMAGE REQUEST {"_token":"VKY9cFE6VmG3MqX77SG4yqwnqJazDaHQlkGzPQxW","_method":"PUT","title":"RIEJU MARATHON 125","abstract":"Restauració d'una rieju marathon 125 del 2012 gripada de motor i feta malbe esteticament. He hagut d'obrir el motor i sustituir les peçes fetes malbé. A més he reparat i pintat elements de la carroceria com plastics, tub d'escapament, basculant i demés.","tipos":["1","2","8"],"videoURL":null,"new_image_fase":"header","action":"upload_image","conclusion":null,"photoName":{"Illuminate\\Http\\UploadedFile":"/tmp/phpkv1MNn"},"new_project_image":{"Illuminate\\Http\\UploadedFile":"/tmp/php3jdGNg"}} 
[2026-05-10 16:42:57] production.INFO: UPLOAD IMAGE REQUEST {"_token":"VKY9cFE6VmG3MqX77SG4yqwnqJazDaHQlkGzPQxW","_method":"PUT","title":"RIEJU MARATHON 125","abstract":"Restauració d'una rieju marathon 125 del 2012 gripada de motor i feta malbe esteticament. He hagut d'obrir el motor i sustituir les peçes fetes malbé. A més he reparat i pintat elements de la carroceria com plastics, tub d'escapament, basculant i demés.","tipos":["1","2","8"],"videoURL":"https://www.youtube.com/shorts/ujrQ3kF0oXA?is=DFFvklOYD0Y-fXSG","new_image_fase":"initial","action":"upload_image","conclusion":null,"photoName":{"Illuminate\\Http\\UploadedFile":"/tmp/phpxgkiBd"},"new_project_image":{"Illuminate\\Http\\UploadedFile":"/tmp/phpVzgIfu"}} 
[2026-05-10 16:44:27] production.INFO: UPLOAD IMAGE REQUEST {"_token":"jMmSJeDQhXkYhE876AV2KnG5SWrJ3ziDbAlKRNey","_method":"PUT","title":"850 Sport","abstract":"Reparación del circuito eléctrico del motor, restauración del motor por completo y puesta a punto","tipos":["1","6"],"videoURL":null,"new_image_fase":"initial","action":"upload_image","image_descriptions":{"199":"Verificar y encontrar todos los componentes del motor"},"conclusion":"conclusion final de prueba","new_project_image":{"Illuminate\\Http\\UploadedFile":"/tmp/php4Hq2XY"}} 
[2026-05-10 16:52:03] production.INFO: UPLOAD IMAGE REQUEST {"_token":"VKY9cFE6VmG3MqX77SG4yqwnqJazDaHQlkGzPQxW","_method":"PUT","title":"RIEJU MARATHON 125","abstract":"Restauració d'una rieju marathon 125 del 2012 gripada de motor i feta malbe esteticament. He hagut d'obrir el motor i sustituir les peçes fetes malbé. A més he reparat i pintat elements de la carroceria com plastics, tub d'escapament, basculant i demés.","tipos":["1","2","8"],"videoURL":null,"new_image_fase":"procedimiento_1","action":"upload_image","image_descriptions":{"462":null},"conclusion":null,"new_project_image":{"Illuminate\\Http\\UploadedFile":"/tmp/phpeSBOkY"}} 
[2026-05-10 16:52:42] production.INFO: UPLOAD IMAGE REQUEST {"_token":"VKY9cFE6VmG3MqX77SG4yqwnqJazDaHQlkGzPQxW","_method":"PUT","title":"RIEJU MARATHON 125","abstract":"Restauració d'una rieju marathon 125 del 2012 gripada de motor i feta malbe esteticament. He hagut d'obrir el motor i sustituir les peçes fetes malbé. A més he reparat i pintat elements de la carroceria com plastics, tub d'escapament, basculant i demés.","tipos":["1","2","8"],"videoURL":null,"new_image_fase":"procedimiento_2","action":"upload_image","image_descriptions":{"462":null,"464":null},"conclusion":null,"new_project_image":{"Illuminate\\Http\\UploadedFile":"/tmp/phpYzycjP"}} 
[2026-05-10 16:52:48] production.INFO: UPLOAD IMAGE REQUEST {"_token":"jMmSJeDQhXkYhE876AV2KnG5SWrJ3ziDbAlKRNey","_method":"PUT","title":"850 Sport","abstract":"Reparación del circuito eléctrico del vehículo, restauración del motor por completo y puesta a punto","tipos":["1","6"],"videoURL":null,"new_image_fase":"procedimiento_3","action":"upload_image","image_descriptions":{"199":"Verificar y encontrar todos los componentes del motor","463":"Vehículo parado desde hace 40 años y se desconoce que le pasó y donde están todos sus componentes"},"conclusion":null,"new_project_image":{"Illuminate\\Http\\UploadedFile":"/tmp/phpScabur"}} 
[2026-05-10 16:52:50] production.INFO: UPLOAD IMAGE REQUEST {"_token":"jMmSJeDQhXkYhE876AV2KnG5SWrJ3ziDbAlKRNey","_method":"PUT","title":"850 Sport","abstract":"Reparación del circuito eléctrico del vehículo, restauración del motor por completo y puesta a punto","tipos":["1","6"],"videoURL":null,"new_image_fase":"procedimiento_3","action":"upload_image","image_descriptions":{"199":"Verificar y encontrar todos los componentes del motor","463":"Vehículo parado desde hace 40 años y se desconoce que le pasó y donde están todos sus componentes"},"conclusion":null,"new_project_image":{"Illuminate\\Http\\UploadedFile":"/tmp/phpMCn9q4"}} 
[2026-05-10 16:53:30] production.INFO: UPLOAD IMAGE REQUEST {"_token":"VKY9cFE6VmG3MqX77SG4yqwnqJazDaHQlkGzPQxW","_method":"PUT","title":"RIEJU MARATHON 125","abstract":"Restauració d'una rieju marathon 125 del 2012 gripada de motor i feta malbe esteticament. He hagut d'obrir el motor i sustituir les peçes fetes malbé. A més he reparat i pintat elements de la carroceria com plastics, tub d'escapament, basculant i demés.","tipos":["1","2","8"],"videoURL":null,"new_image_fase":"procedimiento_3","action":"upload_image","image_descriptions":{"462":null,"464":null,"465":null},"conclusion":null,"new_project_image":{"Illuminate\\Http\\UploadedFile":"/tmp/phpRQgcAT"}} 
[2026-05-10 16:53:49] production.INFO: UPLOAD IMAGE REQUEST {"_token":"VKY9cFE6VmG3MqX77SG4yqwnqJazDaHQlkGzPQxW","_method":"PUT","title":"RIEJU MARATHON 125","abstract":"Restauració d'una rieju marathon 125 del 2012 gripada de motor i feta malbe esteticament. He hagut d'obrir el motor i sustituir les peçes fetes malbé. A més he reparat i pintat elements de la carroceria com plastics, tub d'escapament, basculant i demés.","tipos":["1","2","8"],"videoURL":null,"new_image_fase":"final","action":"upload_image","image_descriptions":{"462":null,"464":null,"465":null,"468":null},"conclusion":null,"new_project_image":{"Illuminate\\Http\\UploadedFile":"/tmp/phpnU4Qig"}} 
[2026-05-10 16:55:51] production.INFO: UPLOAD IMAGE REQUEST {"_token":"jMmSJeDQhXkYhE876AV2KnG5SWrJ3ziDbAlKRNey","_method":"PUT","title":"850 Sport","abstract":"Reparación del circuito eléctrico del vehículo, restauración del motor por completo y puesta a punto","tipos":["1","6"],"videoURL":null,"new_image_fase":"final","action":"upload_image","image_descriptions":{"199":"Verificar y encontrar todos los componentes del motor","463":"Vehículo parado desde hace 40 años y se desconoce que le pasó y donde están todos sus componentes","467":"Realizar ultimas  mediciones una vez montado para ver su estado y comprobar que todo este correcto"},"conclusion":"conclusion final de prueba","new_project_image":{"Illuminate\\Http\\UploadedFile":"/tmp/phpaqhu4q"}} 
[2026-05-10 16:56:53] production.INFO: UPLOAD IMAGE REQUEST {"_token":"jMmSJeDQhXkYhE876AV2KnG5SWrJ3ziDbAlKRNey","_method":"PUT","title":"850 Sport","abstract":"Reparación del circuito eléctrico del vehículo, restauración del motor por completo y puesta a punto","tipos":["1","6"],"videoURL":null,"new_image_fase":"procedimiento_2","action":"upload_image","image_descriptions":{"199":"Verificar y encontrar todos los componentes del motor","463":"Vehículo parado desde hace 40 años y se desconoce que le pasó y donde están todos sus componentes","467":"Realizar ultimas  mediciones una vez montado para ver su estado y comprobar que todo este correcto","470":"Motor armado listo para funcionar"},"conclusion":"conclusion final de prueba","new_project_image":{"Illuminate\\Http\\UploadedFile":"/tmp/php1djppZ"}} 
[2026-05-10 17:10:33] production.INFO: UPLOAD IMAGE REQUEST {"_token":"eFR0XSpYZEVtc9UtKAEOvJ3T9c0flRRZvTkme7EU","_method":"PUT","title":"Restauración completa de Yamaha YZF R125","abstract":"Restauración del motor, sanear cableado y elementos eléctricos, reparar plasticos y pintar una Yamaha YZF R125 del 2014","tipos":["1","2","6"],"videoURL":"https://www.youtube.com/watch?v=qjfMUj5vvVg","new_image_fase":"final","action":"upload_image","conclusion":null,"photoName":{"Illuminate\\Http\\UploadedFile":""},"new_project_image":{"Illuminate\\Http\\UploadedFile":"/tmp/phpz3CeSr"}} 
[2026-05-10 17:11:00] production.INFO: UPLOAD IMAGE REQUEST {"_token":"eFR0XSpYZEVtc9UtKAEOvJ3T9c0flRRZvTkme7EU","_method":"PUT","title":"Restauración completa de Yamaha YZF R125","abstract":"Restauración del motor, sanear cableado y elementos eléctricos, reparar plasticos y pintar una Yamaha YZF R125 del 2014","videoURL":null,"new_image_fase":"procedimiento_3","action":"upload_image","image_descriptions":{"472":null},"conclusion":null,"new_project_image":{"Illuminate\\Http\\UploadedFile":"/tmp/phpSmbr4I"}} 
[2026-05-10 17:11:16] production.INFO: UPLOAD IMAGE REQUEST {"_token":"eFR0XSpYZEVtc9UtKAEOvJ3T9c0flRRZvTkme7EU","_method":"PUT","title":"Restauración completa de Yamaha YZF R125","abstract":"Restauración del motor, sanear cableado y elementos eléctricos, reparar plasticos y pintar una Yamaha YZF R125 del 2014","videoURL":null,"new_image_fase":"procedimiento_2","action":"upload_image","image_descriptions":{"472":null,"473":null},"conclusion":null,"new_project_image":{"Illuminate\\Http\\UploadedFile":"/tmp/phpM4mxEA"}} 
[2026-05-10 17:11:16] production.INFO: UPLOAD IMAGE REQUEST {"_token":"eFR0XSpYZEVtc9UtKAEOvJ3T9c0flRRZvTkme7EU","_method":"PUT","title":"Restauración completa de Yamaha YZF R125","abstract":"Restauración del motor, sanear cableado y elementos eléctricos, reparar plasticos y pintar una Yamaha YZF R125 del 2014","videoURL":null,"new_image_fase":"procedimiento_2","action":"upload_image","image_descriptions":{"472":null,"473":null},"conclusion":null,"new_project_image":{"Illuminate\\Http\\UploadedFile":"/tmp/phpOJrE8V"}} 
[2026-05-10 17:11:49] production.INFO: UPLOAD IMAGE REQUEST {"_token":"eFR0XSpYZEVtc9UtKAEOvJ3T9c0flRRZvTkme7EU","_method":"PUT","title":"Restauración completa de Yamaha YZF R125","abstract":"Restauración del motor, sanear cableado y elementos eléctricos, reparar plasticos y pintar una Yamaha YZF R125 del 2014","videoURL":null,"new_image_fase":"procedimiento_1","action":"upload_image","image_descriptions":{"472":null,"473":null,"474":null},"conclusion":null,"new_project_image":{"Illuminate\\Http\\UploadedFile":"/tmp/phpt808Sh"}} 
[2026-05-10 17:15:42] production.INFO: UPLOAD IMAGE REQUEST {"_token":"eFR0XSpYZEVtc9UtKAEOvJ3T9c0flRRZvTkme7EU","_method":"PUT","title":"Restauración completa de Yamaha YZF R125","abstract":"Restauración del motor, sanear cableado y elementos eléctricos, reparar plasticos y pintar una Yamaha YZF R125 del 2014","videoURL":null,"new_image_fase":"procedimiento_2","action":"upload_image","image_descriptions":{"472":null,"473":null,"474":null,"476":null},"conclusion":null,"new_project_image":{"Illuminate\\Http\\UploadedFile":"/tmp/phphkdCEa"}} 
[2026-05-10 17:16:17] production.INFO: UPLOAD IMAGE REQUEST {"_token":"eFR0XSpYZEVtc9UtKAEOvJ3T9c0flRRZvTkme7EU","_method":"PUT","title":"Restauración completa de Yamaha YZF R125","abstract":"Restauración del motor, sanear cableado y elementos eléctricos, reparar plasticos y pintar una Yamaha YZF R125 del 2014","videoURL":null,"new_image_fase":"procedimiento_2","action":"upload_image","image_descriptions":{"472":null,"473":null,"476":null,"477":null},"conclusion":null,"new_project_image":{"Illuminate\\Http\\UploadedFile":"/tmp/phpJrhccZ"}} 
[2026-05-10 17:18:22] production.INFO: UPLOAD IMAGE REQUEST {"_token":"eFR0XSpYZEVtc9UtKAEOvJ3T9c0flRRZvTkme7EU","_method":"PUT","title":"Restauración completa de Yamaha YZF R125","abstract":"Restauración del motor, sanear cableado y elementos eléctricos, reparar plasticos y pintar una Yamaha YZF R125 del 2014","videoURL":"https://www.youtube.com/watch?v=qjfMUj5vvVg","new_image_fase":"initial","action":"upload_image","image_descriptions":{"472":null,"473":null,"476":null,"478":null},"conclusion":null,"photoName":{"Illuminate\\Http\\UploadedFile":""},"new_project_image":{"Illuminate\\Http\\UploadedFile":"/tmp/phpvFeQUF"}} 
[2026-05-10 17:27:44] production.INFO: UPLOAD IMAGE REQUEST {"_token":"omwsjRg2vfGzI2gio98BYdJBHoZakxj9SsviPP0W","_method":"PUT","title":"PROYECTO INTERMODULAR, CITROËN XSARA COUPÉ VTS","abstract":"Reforma técnica de seguridad y confort: fabricación de guías con soldadura MIG/TIG, sustitución del eje trasero con ajuste de posición e implementación de conectividad multimedia. Incluye aislamiento, mejoras LED.","tipos":["1","6"],"videoURL":null,"new_image_fase":"header","action":"upload_image","conclusion":null,"photoName":{"Illuminate\\Http\\UploadedFile":"/tmp/phph4STIb"},"new_project_image":{"Illuminate\\Http\\UploadedFile":"/tmp/phpJDtTkA"}} 
[2026-05-10 17:32:09] production.INFO: UPLOAD IMAGE REQUEST {"_token":"eFR0XSpYZEVtc9UtKAEOvJ3T9c0flRRZvTkme7EU","_method":"PUT","title":"Restauración completa de Yamaha YZF R125","abstract":"Restauración del motor, sanear cableado y elementos eléctricos, reparar plasticos y pintar una Yamaha YZF R125 del 2014","tipos":["1","2","6"],"videoURL":"https://www.youtube.com/watch?v=qjfMUj5vvVg","new_image_fase":"header","action":"upload_image","image_descriptions":{"472":null,"473":null,"476":null,"478":null,"479":null},"conclusion":"En conclusión, este proyecto me ha permitido ampliar tanto mis conocimientos técnicos como mi experiencia práctica en el ámbito de la automoción. A lo largo de la restauración de la Yamaha YZF-R125 he podido aprender y aplicar procesos de mecánica y reparación estética, desde el desmontaje y reconst","photoName":{"Illuminate\\Http\\UploadedFile":"/tmp/phpxN6Ze7"},"new_project_image":{"Illuminate\\Http\\UploadedFile":"/tmp/phpCaeJpf"}} 
[2026-05-10 17:38:44] production.INFO: UPLOAD IMAGE REQUEST {"_token":"SWO0uHitAgDD1pLcfdxDg27mzw7luJiVabo8j4tb","_method":"PUT","title":"Reparacio d'una sh 125","abstract":"El present projecte consisteix en el muntatge d'una motocicleta prèviament desmuntada. El procés s'ha dut a terme amb les comprovacions tècniques pertinents per tal de garantir el seu correcte funcionament. Així mateix, s'ha realitzat una petita restauració i neteja.","tipos":["1","8"],"videoURL":"https://youtu.be/mfxJsD8SygU","new_image_fase":"initial","action":"upload_image","image_descriptions":{"360":"El primer que vaig fer va ser les comprovacions necessàries de tot el motor per comprovar que totes les mesures estaven dins de les toleràncies.","362":"Per una altra banda, vaig fer una neteja completa de la culata i de les vàlvules, a més del seu esmerilat corresponent. També vaig retirar totes les juntes antigues del motor i les vaig substituir per unes de noves.","363":"Un cop vaig muntar el motor sencer, vaig realitzar el seu calatge respectant les marques del cigonyal i de l’arbre de lleves.","364":"I, per últim, vaig muntar el motor a la moto i vaig procedir a la seva encesa, a més de realitzar una neteja completa de la motocicleta i un condicionament dels plàstics i de la pintura."},"conclusion":"En conclusió, la restauració i el muntatge d’una Honda SH125 han permès aplicar els coneixements de manera pràctica, desenvolupant habilitats de diagnòstic, reparació i muntatge seguint els procediments i les normes de seguretat i els procediments explicats a clase.","photoName":{"Illuminate\\Http\\UploadedFile":"/tmp/phpGdDudL"},"new_project_image":{"Illuminate\\Http\\UploadedFile":"/tmp/phpLmOTnZ"}} 
[2026-05-10 17:45:51] production.INFO: UPLOAD IMAGE REQUEST {"_token":"2YfTr2rzYDbmb9oOVZhI6DkmeAmNATS4vJpjLjDT","_method":"PUT","title":"Preparacion BMW serie 1 coupe","abstract":"Restauración de la estética, mantenimientos del motor, como distribución, embrague, neumáticos, frenos y haciendo una reprogramación a la centralita","tipos":["1","6","7"],"videoURL":null,"new_image_fase":"header","action":"upload_image","conclusion":null,"photoName":{"Illuminate\\Http\\UploadedFile":"/tmp/phpYVejTG"},"new_project_image":{"Illuminate\\Http\\UploadedFile":"/tmp/phpSrn8Ob"}} 
[2026-05-10 17:48:32] production.INFO: UPLOAD IMAGE REQUEST {"_token":"2YfTr2rzYDbmb9oOVZhI6DkmeAmNATS4vJpjLjDT","_method":"PUT","title":"Preparación y restauración BMW serie 1 coupe","abstract":"Restauración de la estética por completo, mantenimientos del motor y chasis como distribución y embrague","videoURL":null,"new_image_fase":"procedimiento_1","action":"upload_image","conclusion":null,"new_project_image":{"Illuminate\\Http\\UploadedFile":"/tmp/phpUx9yVs"}} 
[2026-05-10 17:49:04] production.INFO: UPLOAD IMAGE REQUEST {"_token":"2YfTr2rzYDbmb9oOVZhI6DkmeAmNATS4vJpjLjDT","_method":"PUT","title":"Preparación y restauración BMW serie 1 coupe","abstract":"Restauración de la estética por completo, mantenimientos del motor y chasis como distribución y embrague","videoURL":null,"new_image_fase":"procedimiento_2","action":"upload_image","image_descriptions":{"484":"montado de pantalla con carplay"},"conclusion":null,"new_project_image":{"Illuminate\\Http\\UploadedFile":"/tmp/phpZ01VGo"}} 
[2026-05-10 17:50:07] production.INFO: UPLOAD IMAGE REQUEST {"_token":"2YfTr2rzYDbmb9oOVZhI6DkmeAmNATS4vJpjLjDT","_method":"PUT","title":"Preparación y restauración BMW serie 1 coupe","abstract":"Restauración de la estética por completo, mantenimientos del motor y chasis como distribución y embrague","videoURL":null,"new_image_fase":"procedimiento_3","action":"upload_image","image_descriptions":{"484":"montado de pantalla con carplay","485":"Comprobación de la distribución, cambio de distribución, embrague y bimasa"},"conclusion":null,"new_project_image":{"Illuminate\\Http\\UploadedFile":"/tmp/phpxsu2xP"}} 
[2026-05-10 17:50:25] production.INFO: UPLOAD IMAGE REQUEST {"_token":"2YfTr2rzYDbmb9oOVZhI6DkmeAmNATS4vJpjLjDT","_method":"PUT","title":"Preparación y restauración BMW serie 1 coupe","abstract":"Restauración de la estética por completo, mantenimientos del motor y chasis como distribución y embrague","videoURL":null,"new_image_fase":"procedimiento_3","action":"upload_image","image_descriptions":{"484":"montado de pantalla con carplay","485":"Comprobación de la distribución, cambio de distribución, embrague y bimasa"},"conclusion":null,"new_project_image":{"Illuminate\\Http\\UploadedFile":"/tmp/phpBCmcQ2"}} 
[2026-05-10 17:51:06] production.INFO: UPLOAD IMAGE REQUEST {"_token":"2YfTr2rzYDbmb9oOVZhI6DkmeAmNATS4vJpjLjDT","_method":"PUT","title":"Preparación y restauración BMW serie 1 coupe","abstract":"Restauración de la estética por completo, mantenimientos del motor y chasis como distribución y embrague","videoURL":null,"new_image_fase":"final","action":"upload_image","image_descriptions":{"484":"Montado de pantalla con carplay","485":"Comprobación de la distribución, cambio de distribución, embrague y bimasa","487":"Reprogramación de la centralita"},"conclusion":null,"new_project_image":{"Illuminate\\Http\\UploadedFile":"/tmp/phpFnEuOr"}} 
[2026-05-10 18:09:10] production.INFO: UPLOAD IMAGE REQUEST {"_token":"2YfTr2rzYDbmb9oOVZhI6DkmeAmNATS4vJpjLjDT","_method":"PUT","title":"Preparación y restauración BMW serie 1 coupe","abstract":"Restauración de la estética por completo, mantenimientos del motor y chasis como distribución y embrague","tipos":["1","6","7"],"videoURL":null,"new_image_fase":"initial","action":"upload_image","image_descriptions":{"484":"Montado de pantalla con carplay","485":"Comprobación de la distribución, cambio de distribución, embrague y bimasa","487":"Reprogramación de la centralita","488":"Estado final justo antes de ser pintado"},"conclusion":"En conclusion, gracias a este proyecto he aprendido mucho, ya que este proyecto no ha sido solo de este coche, también a sido de un BMW e46 con el que aprendí mucho con el diagnostico previo antes de la reparación y gracias a ese coche he podido ahorrar mucho tiempo y dinero en el siguiente","new_project_image":{"Illuminate\\Http\\UploadedFile":"/tmp/phposjITE"}} 
[2026-05-10 18:09:36] production.INFO: UPLOAD IMAGE REQUEST {"_token":"2YfTr2rzYDbmb9oOVZhI6DkmeAmNATS4vJpjLjDT","_method":"PUT","title":"Preparación y restauración BMW serie 1 coupe","abstract":"Restauración de la estética por completo, mantenimientos del motor y chasis como distribución y embrague","tipos":["1","6","7"],"videoURL":null,"new_image_fase":"initial","action":"upload_image","image_descriptions":{"484":"Montado de pantalla con carplay","485":"Comprobación de la distribución, cambio de distribución, embrague y bimasa","487":"Reprogramación de la centralita","488":"Estado final justo antes de ser pintado"},"conclusion":"En conclusion, gracias a este proyecto he aprendido mucho, ya que este proyecto no ha sido solo de este coche, también a sido de un BMW e46 con el que aprendí mucho con el diagnostico previo antes de la reparación y gracias a ese coche he podido ahorrar mucho tiempo y dinero en el siguiente","new_project_image":{"Illuminate\\Http\\UploadedFile":"/tmp/php8iJkWk"}} 
[2026-05-10 18:11:38] production.INFO: UPLOAD IMAGE REQUEST {"_token":"5H6bVZPdIn89tzPdKa9s9wkB1dNw5FWLpackuASq","_method":"PUT","title":"Peugeot 208 r2 Rally","abstract":"Mantenimiento de un coche de competición después de una temporada corriendo rallys para su próximo año de competición.","tipos":["1","9"],"videoURL":null,"new_image_fase":"header","action":"upload_image","conclusion":null,"new_project_image":{"Illuminate\\Http\\UploadedFile":"/tmp/php4Dnsjk"}} 
[2026-05-10 18:12:11] production.INFO: UPLOAD IMAGE REQUEST {"_token":"4QxAS7T8V1NFvGI06xseYYdjteI9wtyLXsjGv5MI","_method":"PUT","title":"Motor 2-t inyección","abstract":"En este trabajo he transformado un motor de 49cc de combustión por carburador a inyección, esto se hará mediante circuitos integrados.","tipos":["1","3","6"],"videoURL":"https://youtube.com/shorts/yZyS7fNw2bg","new_image_fase":"header","action":"upload_image","conclusion":null,"photoName":{"Illuminate\\Http\\UploadedFile":"/tmp/phpJAkhNz"},"new_project_image":{"Illuminate\\Http\\UploadedFile":"/tmp/phpqrJoy5"}} 
[2026-05-10 18:35:05] production.INFO: UPLOAD IMAGE REQUEST {"_token":"omwsjRg2vfGzI2gio98BYdJBHoZakxj9SsviPP0W","_method":"PUT","title":"CITROËN XSARA COUPÉ VTS","abstract":"Reforma técnica de seguridad y confort: fabricación de guías con soldadura MIG/TIG, sustitución del eje trasero con ajuste de posición e implementación de conectividad multimedia. Incluye aislamiento, mejoras LED.","tipos":["1","6"],"videoURL":"AÑADIRE EL VIDEO CON QR EL DIA DE LA JORNADA","new_image_fase":"header","action":"upload_image","conclusion":"Hubo fallos de organización y el avance no fue el ideal, pero pude sacar el proyecto adelante de forma efectiva. Me ha servido para aprender bastante a nivel técnico y personal. Aun así, también me ha confirmado que no me gusta nada dedicarme a la mecánica.","new_project_image":{"Illuminate\\Http\\UploadedFile":"/tmp/phpjBMKhS"}} 
[2026-05-10 18:35:20] production.INFO: UPLOAD IMAGE REQUEST {"_token":"omwsjRg2vfGzI2gio98BYdJBHoZakxj9SsviPP0W","_method":"PUT","title":"CITROËN XSARA COUPÉ VTS","abstract":"Reforma técnica de seguridad y confort: fabricación de guías con soldadura MIG/TIG, sustitución del eje trasero con ajuste de posición e implementación de conectividad multimedia. Incluye aislamiento, mejoras LED.","tipos":["1","6"],"videoURL":"AÑADIRE EL VIDEO CON QR EL DIA DE LA JORNADA","new_image_fase":"final","action":"upload_image","conclusion":"Hubo fallos de organización y el avance no fue el ideal, pero pude sacar el proyecto adelante de forma efectiva. Me ha servido para aprender bastante a nivel técnico y personal. Aun así, también me ha confirmado que no me gusta nada dedicarme a la mecánica.","new_project_image":{"Illuminate\\Http\\UploadedFile":"/tmp/phpykW63L"}} 
[2026-05-10 18:48:49] production.INFO: UPLOAD IMAGE REQUEST {"_token":"Wu60g7cxyvO6Na5AtmKYNFj1DW9nD21gBZiGMFLX","_method":"PUT","title":"Restauración YAMAHA YZF R6","abstract":"El objetivo de este proyecto es la restauración integral de una Yamaha YZF-R6 2004, desmontando toda la motocicleta y motor completo para dejarla en perfecto estado. Se han solucionado fallos eléctricos y sustituido todas las piezas deterioradas e implementado un indicador de marcha.","tipos":["1","6","8"],"videoURL":null,"new_image_fase":"procedimiento_1","action":"upload_image","conclusion":null,"new_project_image":{"Illuminate\\Http\\UploadedFile":"/tmp/phpJCClnS"}} 
[2026-05-10 18:56:58] production.ERROR: Error Login Microsoft: Client error: `POST https://login.microsoftonline.com/common/oauth2/v2.0/token` resulted in a `400 Bad Request` response:
{"error":"invalid_grant","error_description":"AADSTS54005: OAuth2 Authorization code was already redeemed, please retry  (truncated...)
  
[2026-05-10 18:56:59] production.ERROR: Error Login Microsoft: Client error: `POST https://login.microsoftonline.com/common/oauth2/v2.0/token` resulted in a `400 Bad Request` response:
{"error":"invalid_grant","error_description":"AADSTS54005: OAuth2 Authorization code was already redeemed, please retry  (truncated...)
  
[2026-05-10 18:56:59] production.ERROR: Error Login Microsoft: Client error: `POST https://login.microsoftonline.com/common/oauth2/v2.0/token` resulted in a `400 Bad Request` response:
{"error":"invalid_grant","error_description":"AADSTS54005: OAuth2 Authorization code was already redeemed, please retry  (truncated...)
  
[2026-05-10 18:57:12] production.INFO: UPLOAD IMAGE REQUEST {"_token":"Wu60g7cxyvO6Na5AtmKYNFj1DW9nD21gBZiGMFLX","_method":"PUT","title":"Restauración YAMAHA YZF R6","abstract":"El objetivo de este proyecto es la restauración integral de una Yamaha YZF-R6 2004, desmontando toda la motocicleta y motor completo para dejarla en perfecto estado. Se han solucionado fallos eléctricos y sustituido todas las piezas deterioradas e implementado un indicador de marcha.","tipos":["1","6","8"],"videoURL":null,"new_image_fase":"procedimiento_2","action":"upload_image","image_descriptions":{"495":"Adquisición Yamaha R6 2004 parada desde hace 6 años, por un problema electromecánico (Al accionar cualquier intermitente caen revoluciones y el motor se apaga.)"},"conclusion":null,"new_project_image":{"Illuminate\\Http\\UploadedFile":"/tmp/phpD5sl94"}} 
[2026-05-10 18:57:43] production.INFO: UPLOAD IMAGE REQUEST {"_token":"5mASYrexExyVNRM52Dlm473X2xRBzH2vr7hC65E8","_method":"PUT","title":"Mazda 3","abstract":"Se estropeó el motor, el motor había gripado porque no arrancaba bien y se podía observar un agujero  en el bloque motor. Realicé el cambio con la grúa y le hice su debido mantenimiento completo, recolocando el cableado y cambiando sus componentes y líquidos. El motor arranca sin problema.","tipos":["1","6","9"],"videoURL":"https://youtu.be/2xfn8S3UQGU","new_image_fase":"header","action":"upload_image","conclusion":null,"photoName":{"Illuminate\\Http\\UploadedFile":"/tmp/phpJx91I8"},"new_project_image":{"Illuminate\\Http\\UploadedFile":"/tmp/phpIpeDfg"}} 
[2026-05-10 18:57:50] production.DEBUG: From: Jornada =?utf-8?Q?automoci=C3=B3n?= <hello@example.com>
To: hectorfersan@campus.monlau.com
Subject: Reset Password Notification
MIME-Version: 1.0
Date: Sun, 10 May 2026 18:57:50 +0000
Message-ID: <bfc7484c1de2d3d011ed03e6adf9c525@example.com>
Content-Type: multipart/alternative; boundary=bp4NlO3l

--bp4NlO3l
Content-Type: text/plain; charset=utf-8
Content-Transfer-Encoding: quoted-printable

Jornada automoción: https://jornadaautomocion.monlau.com

# Hello!

You are receiving this email because we received a password reset request for your account.

Reset Password: https://jornadaautomocion.monlau.com/reset-password/8e7aa773f485a53bcba91abc09e0cac14396f3149c5ff97d0ca05c6fc96aaa60?email=hectorfersan%40campus.monlau.com

This password reset link will expire in 60 minutes.

If you did not request a password reset, no further action is required.

Regards,
Jornada automoción

If you're having trouble clicking the "Reset Password" button, copy and paste the URL below
into your web browser: [https://jornadaautomocion.monlau.com/reset-password/8e7aa773f485a53bcba91abc09e0cac14396f3149c5ff97d0ca05c6fc96aaa60?email=hectorfersan%40campus.monlau.com](https://jornadaautomocion.monlau.com/reset-password/8e7aa773f485a53bcba91abc09e0cac14396f3149c5ff97d0ca05c6fc96aaa60?email=hectorfersan%40campus.monlau.com)

© 2026 Jornada automoción. All rights reserved.

--bp4NlO3l
Content-Type: text/html; charset=utf-8
Content-Transfer-Encoding: quoted-printable

<!DOCTYPE html PUBLIC "-//W3C//DTD XHTML 1.0 Transitional//EN" "http://www.w3.org/TR/xhtml1/DTD/xhtml1-transitional.dtd">
<html xmlns="http://www.w3.org/1999/xhtml">
<head>
<title>Jornada automoción</title>
<meta name="viewport" content="width=device-width, initial-scale=1.0">
<meta http-equiv="Content-Type" content="text/html; charset=UTF-8">
<meta name="color-scheme" content="light">
<meta name="supported-color-schemes" content="light">
<style>
@media only screen and (max-width: 600px) {
.inner-body {
width: 100% !important;
}

.footer {
width: 100% !important;
}
}

@media only screen and (max-width: 500px) {
.button {
width: 100% !important;
}
}
</style>

</head>
<body style="box-sizing: border-box; font-family: -apple-system, BlinkMacSystemFont, 'Segoe UI', Roboto, Helvetica, Arial, sans-serif, 'Apple Color Emoji', 'Segoe UI Emoji', 'Segoe UI Symbol'; position: relative; -webkit-text-size-adjust: none; background-color: #ffffff; color: #718096; height: 100%; line-height: 1.4; margin: 0; padding: 0; width: 100% !important;">

<table class="wrapper" width="100%" cellpadding="0" cellspacing="0" role="presentation" style="box-sizing: border-box; font-family: -apple-system, BlinkMacSystemFont, 'Segoe UI', Roboto, Helvetica, Arial, sans-serif, 'Apple Color Emoji', 'Segoe UI Emoji', 'Segoe UI Symbol'; position: relative; -premailer-cellpadding: 0; -premailer-cellspacing: 0; -premailer-width: 100%; background-color: #edf2f7; margin: 0; padding: 0; width: 100%;">
<tr>
<td align="center" style="box-sizing: border-box; font-family: -apple-system, BlinkMacSystemFont, 'Segoe UI', Roboto, Helvetica, Arial, sans-serif, 'Apple Color Emoji', 'Segoe UI Emoji', 'Segoe UI Symbol'; position: relative;">
<table class="content" width="100%" cellpadding="0" cellspacing="0" role="presentation" style="box-sizing: border-box; font-family: -apple-system, BlinkMacSystemFont, 'Segoe UI', Roboto, Helvetica, Arial, sans-serif, 'Apple Color Emoji', 'Segoe UI Emoji', 'Segoe UI Symbol'; position: relative; -premailer-cellpadding: 0; -premailer-cellspacing: 0; -premailer-width: 100%; margin: 0; padding: 0; width: 100%;">
<tr>
<td class="header" style="box-sizing: border-box; font-family: -apple-system, BlinkMacSystemFont, 'Segoe UI', Roboto, Helvetica, Arial, sans-serif, 'Apple Color Emoji', 'Segoe UI Emoji', 'Segoe UI Symbol'; position: relative; padding: 25px 0; text-align: center;">
<a href="https://jornadaautomocion.monlau.com" style="box-sizing: border-box; font-family: -apple-system, BlinkMacSystemFont, 'Segoe UI', Roboto, Helvetica, Arial, sans-serif, 'Apple Color Emoji', 'Segoe UI Emoji', 'Segoe UI Symbol'; position: relative; color: #3d4852; font-size: 19px; font-weight: bold; text-decoration: none; display: inline-block;">
Jornada automoción
</a>
</td>
</tr>

<!-- Email Body -->
<tr>
<td class="body" width="100%" cellpadding="0" cellspacing="0" style="box-sizing: border-box; font-family: -apple-system, BlinkMacSystemFont, 'Segoe UI', Roboto, Helvetica, Arial, sans-serif, 'Apple Color Emoji', 'Segoe UI Emoji', 'Segoe UI Symbol'; position: relative; -premailer-cellpadding: 0; -premailer-cellspacing: 0; -premailer-width: 100%; background-color: #edf2f7; border-bottom: 1px solid #edf2f7; border-top: 1px solid #edf2f7; margin: 0; padding: 0; width: 100%; border: hidden !important;">
<table class="inner-body" align="center" width="570" cellpadding="0" cellspacing="0" role="presentation" style="box-sizing: border-box; font-family: -apple-system, BlinkMacSystemFont, 'Segoe UI', Roboto, Helvetica, Arial, sans-serif, 'Apple Color Emoji', 'Segoe UI Emoji', 'Segoe UI Symbol'; position: relative; -premailer-cellpadding: 0; -premailer-cellspacing: 0; -premailer-width: 570px; background-color: #ffffff; border-color: #e8e5ef; border-radius: 2px; border-width: 1px; box-shadow: 0 2px 0 rgba(0, 0, 150, 0.025), 2px 4px 0 rgba(0, 0, 150, 0.015); margin: 0 auto; padding: 0; width: 570px;">
<!-- Body content -->
<tr>
<td class="content-cell" style="box-sizing: border-box; font-family: -apple-system, BlinkMacSystemFont, 'Segoe UI', Roboto, Helvetica, Arial, sans-serif, 'Apple Color Emoji', 'Segoe UI Emoji', 'Segoe UI Symbol'; position: relative; max-width: 100vw; padding: 32px;">
<h1 style="box-sizing: border-box; font-family: -apple-system, BlinkMacSystemFont, 'Segoe UI', Roboto, Helvetica, Arial, sans-serif, 'Apple Color Emoji', 'Segoe UI Emoji', 'Segoe UI Symbol'; position: relative; color: #3d4852; font-size: 18px; font-weight: bold; margin-top: 0; text-align: left;">Hello!</h1>
<p style="box-sizing: border-box; font-family: -apple-system, BlinkMacSystemFont, 'Segoe UI', Roboto, Helvetica, Arial, sans-serif, 'Apple Color Emoji', 'Segoe UI Emoji', 'Segoe UI Symbol'; position: relative; font-size: 16px; line-height: 1.5em; margin-top: 0; text-align: left;">You are receiving this email because we received a password reset request for your account.</p>
<table class="action" align="center" width="100%" cellpadding="0" cellspacing="0" role="presentation" style="box-sizing: border-box; font-family: -apple-system, BlinkMacSystemFont, 'Segoe UI', Roboto, Helvetica, Arial, sans-serif, 'Apple Color Emoji', 'Segoe UI Emoji', 'Segoe UI Symbol'; position: relative; -premailer-cellpadding: 0; -premailer-cellspacing: 0; -premailer-width: 100%; margin: 30px auto; padding: 0; text-align: center; width: 100%; float: unset;">
<tr>
<td align="center" style="box-sizing: border-box; font-family: -apple-system, BlinkMacSystemFont, 'Segoe UI', Roboto, Helvetica, Arial, sans-serif, 'Apple Color Emoji', 'Segoe UI Emoji', 'Segoe UI Symbol'; position: relative;">
<table width="100%" border="0" cellpadding="0" cellspacing="0" role="presentation" style="box-sizing: border-box; font-family: -apple-system, BlinkMacSystemFont, 'Segoe UI', Roboto, Helvetica, Arial, sans-serif, 'Apple Color Emoji', 'Segoe UI Emoji', 'Segoe UI Symbol'; position: relative;">
<tr>
<td align="center" style="box-sizing: border-box; font-family: -apple-system, BlinkMacSystemFont, 'Segoe UI', Roboto, Helvetica, Arial, sans-serif, 'Apple Color Emoji', 'Segoe UI Emoji', 'Segoe UI Symbol'; position: relative;">
<table border="0" cellpadding="0" cellspacing="0" role="presentation" style="box-sizing: border-box; font-family: -apple-system, BlinkMacSystemFont, 'Segoe UI', Roboto, Helvetica, Arial, sans-serif, 'Apple Color Emoji', 'Segoe UI Emoji', 'Segoe UI Symbol'; position: relative;">
<tr>
<td style="box-sizing: border-box; font-family: -apple-system, BlinkMacSystemFont, 'Segoe UI', Roboto, Helvetica, Arial, sans-serif, 'Apple Color Emoji', 'Segoe UI Emoji', 'Segoe UI Symbol'; position: relative;">
<a href="https://jornadaautomocion.monlau.com/reset-password/8e7aa773f485a53bcba91abc09e0cac14396f3149c5ff97d0ca05c6fc96aaa60?email=hectorfersan%40campus.monlau.com" class="button button-primary" target="_blank" rel="noopener" style="box-sizing: border-box; font-family: -apple-system, BlinkMacSystemFont, 'Segoe UI', Roboto, Helvetica, Arial, sans-serif, 'Apple Color Emoji', 'Segoe UI Emoji', 'Segoe UI Symbol'; position: relative; -webkit-text-size-adjust: none; border-radius: 4px; color: #fff; display: inline-block; overflow: hidden; text-decoration: none; background-color: #2d3748; border-bottom: 8px solid #2d3748; border-left: 18px solid #2d3748; border-right: 18px solid #2d3748; border-top: 8px solid #2d3748; word-break: break-all;">Reset Password</a>
</td>
</tr>
</table>
</td>
</tr>
</table>
</td>
</tr>
</table>
<p style="box-sizing: border-box; font-family: -apple-system, BlinkMacSystemFont, 'Segoe UI', Roboto, Helvetica, Arial, sans-serif, 'Apple Color Emoji', 'Segoe UI Emoji', 'Segoe UI Symbol'; position: relative; font-size: 16px; line-height: 1.5em; margin-top: 0; text-align: left;">This password reset link will expire in 60 minutes.</p>
<p style="box-sizing: border-box; font-family: -apple-system, BlinkMacSystemFont, 'Segoe UI', Roboto, Helvetica, Arial, sans-serif, 'Apple Color Emoji', 'Segoe UI Emoji', 'Segoe UI Symbol'; position: relative; font-size: 16px; line-height: 1.5em; margin-top: 0; text-align: left;">If you did not request a password reset, no further action is required.</p>
<p style="box-sizing: border-box; font-family: -apple-system, BlinkMacSystemFont, 'Segoe UI', Roboto, Helvetica, Arial, sans-serif, 'Apple Color Emoji', 'Segoe UI Emoji', 'Segoe UI Symbol'; position: relative; font-size: 16px; line-height: 1.5em; margin-top: 0; text-align: left;">Regards,<br>
Jornada automoción</p>


<table class="subcopy" width="100%" cellpadding="0" cellspacing="0" role="presentation" style="box-sizing: border-box; font-family: -apple-system, BlinkMacSystemFont, 'Segoe UI', Roboto, Helvetica, Arial, sans-serif, 'Apple Color Emoji', 'Segoe UI Emoji', 'Segoe UI Symbol'; position: relative; border-top: 1px solid #e8e5ef; margin-top: 25px; padding-top: 25px;">
<tr>
<td style="box-sizing: border-box; font-family: -apple-system, BlinkMacSystemFont, 'Segoe UI', Roboto, Helvetica, Arial, sans-serif, 'Apple Color Emoji', 'Segoe UI Emoji', 'Segoe UI Symbol'; position: relative;">
<p style="box-sizing: border-box; font-family: -apple-system, BlinkMacSystemFont, 'Segoe UI', Roboto, Helvetica, Arial, sans-serif, 'Apple Color Emoji', 'Segoe UI Emoji', 'Segoe UI Symbol'; position: relative; line-height: 1.5em; margin-top: 0; text-align: left; font-size: 14px;">If you're having trouble clicking the "Reset Password" button, copy and paste the URL below
into your web browser: <span class="break-all" style="box-sizing: border-box; font-family: -apple-system, BlinkMacSystemFont, 'Segoe UI', Roboto, Helvetica, Arial, sans-serif, 'Apple Color Emoji', 'Segoe UI Emoji', 'Segoe UI Symbol'; position: relative; word-break: break-all;"><a href="https://jornadaautomocion.monlau.com/reset-password/8e7aa773f485a53bcba91abc09e0cac14396f3149c5ff97d0ca05c6fc96aaa60?email=hectorfersan%40campus.monlau.com" style="box-sizing: border-box; font-family: -apple-system, BlinkMacSystemFont, 'Segoe UI', Roboto, Helvetica, Arial, sans-serif, 'Apple Color Emoji', 'Segoe UI Emoji', 'Segoe UI Symbol'; position: relative; color: #3869d4; word-break: break-all;">https://jornadaautomocion.monlau.com/reset-password/8e7aa773f485a53bcba91abc09e0cac14396f3149c5ff97d0ca05c6fc96aaa60?email=hectorfersan%40campus.monlau.com</a></span></p>

</td>
</tr>
</table>
</td>
</tr>
</table>
</td>
</tr>

<tr>
<td style="box-sizing: border-box; font-family: -apple-system, BlinkMacSystemFont, 'Segoe UI', Roboto, Helvetica, Arial, sans-serif, 'Apple Color Emoji', 'Segoe UI Emoji', 'Segoe UI Symbol'; position: relative;">
<table class="footer" align="center" width="570" cellpadding="0" cellspacing="0" role="presentation" style="box-sizing: border-box; font-family: -apple-system, BlinkMacSystemFont, 'Segoe UI', Roboto, Helvetica, Arial, sans-serif, 'Apple Color Emoji', 'Segoe UI Emoji', 'Segoe UI Symbol'; position: relative; -premailer-cellpadding: 0; -premailer-cellspacing: 0; -premailer-width: 570px; margin: 0 auto; padding: 0; text-align: center; width: 570px;">
<tr>
<td class="content-cell" align="center" style="box-sizing: border-box; font-family: -apple-system, BlinkMacSystemFont, 'Segoe UI', Roboto, Helvetica, Arial, sans-serif, 'Apple Color Emoji', 'Segoe UI Emoji', 'Segoe UI Symbol'; position: relative; max-width: 100vw; padding: 32px;">
<p style="box-sizing: border-box; font-family: -apple-system, BlinkMacSystemFont, 'Segoe UI', Roboto, Helvetica, Arial, sans-serif, 'Apple Color Emoji', 'Segoe UI Emoji', 'Segoe UI Symbol'; position: relative; line-height: 1.5em; margin-top: 0; color: #b0adc5; font-size: 12px; text-align: center;">© 2026 Jornada automoción. All rights reserved.</p>

</td>
</tr>
</table>
</td>
</tr>
</table>
</td>
</tr>
</table>
</body>
</html>
--bp4NlO3l--
  
[2026-05-10 18:58:18] production.INFO: UPLOAD IMAGE REQUEST {"_token":"5mASYrexExyVNRM52Dlm473X2xRBzH2vr7hC65E8","_method":"PUT","title":"Mazda 3","abstract":"Se estropeó el motor, el motor habia gripado porque no arrancaba bien y se podía observar un agujero  en el bloque motor. Realicé el cambio con la grúa y le hice su debido mantenimiento completo, recolocando el cableado y cambiando sus componentes y líquidos. El motor arranca sin problema.","tipos":["1","6","9"],"videoURL":null,"new_image_fase":"initial","action":"upload_image","conclusion":null,"new_project_image":{"Illuminate\\Http\\UploadedFile":"/tmp/phpQvOIzR"}} 
[2026-05-10 19:04:13] production.INFO: UPLOAD IMAGE REQUEST {"_token":"5mASYrexExyVNRM52Dlm473X2xRBzH2vr7hC65E8","_method":"PUT","title":"Mazda 3","abstract":"Se estropeó el motor, el motor habia gripado porque no arrancaba bien y se podía observar un agujero  en el bloque motor. Realicé el cambio con la grúa y le hice su debido mantenimiento completo, recolocando el cableado y cambiando sus componentes y líquidos. El motor arranca sin problema.","tipos":["1","6","9"],"videoURL":null,"new_image_fase":"procedimiento_1","action":"upload_image","image_descriptions":{"498":"Motor gripado"},"conclusion":null,"new_project_image":{"Illuminate\\Http\\UploadedFile":"/tmp/php5nPJjQ"}} 
[2026-05-10 19:07:10] production.INFO: UPLOAD IMAGE REQUEST {"_token":"lmYGKN5Q9EYUHfad4t8DSr5VzPxrYhfMwdnyf773","_method":"PUT","title":"Restauració de elements inferior UMM Alter II","abstract":"Restauració completa dels baixos del cotxe, soldar chapa, preparar imprimar i pintar, a mes de reparar el elements mecánics en mal estat","tipos":["1","2","7"],"videoURL":"https://www.youtube.com/shorts/qphvhpjfpBQ","new_image_fase":"initial","action":"upload_image","conclusion":null,"new_project_image":{"Illuminate\\Http\\UploadedFile":"/tmp/phpLQY9Ay"}} 
[2026-05-10 19:07:30] production.INFO: UPLOAD IMAGE REQUEST {"_token":"5mASYrexExyVNRM52Dlm473X2xRBzH2vr7hC65E8","_method":"PUT","title":"Mazda 3","abstract":"Se estropeó el motor, el motor habia gripado porque no arrancaba bien y se podía observar un agujero  en el bloque motor. Realicé el cambio con la grúa y le hice su debido mantenimiento completo, recolocando el cableado y cambiando sus componentes y líquidos. El motor arranca sin problema.","tipos":["1","6","9"],"videoURL":null,"new_image_fase":"procedimiento_2","action":"upload_image","image_descriptions":{"498":null,"499":null},"conclusion":null,"new_project_image":{"Illuminate\\Http\\UploadedFile":"/tmp/phpMFiTTO"}} 
[2026-05-10 19:09:07] production.INFO: UPLOAD IMAGE REQUEST {"_token":"lmYGKN5Q9EYUHfad4t8DSr5VzPxrYhfMwdnyf773","_method":"PUT","title":"Restauració de elements inferior UMM Alter II","abstract":"Restauració completa dels baixos del cotxe, soldar chapa, preparar imprimar i pintar, a mes de reparar el elements mecánics en mal estat","videoURL":null,"new_image_fase":"procedimiento_1","action":"upload_image","image_descriptions":{"500":"Oxidos encontrados en las partes bajas"},"conclusion":null,"new_project_image":{"Illuminate\\Http\\UploadedFile":"/tmp/phpE6AtP1"}} 
[2026-05-10 19:10:09] production.INFO: UPLOAD IMAGE REQUEST {"_token":"lmYGKN5Q9EYUHfad4t8DSr5VzPxrYhfMwdnyf773","_method":"PUT","title":"Restauració de elements inferior UMM Alter II","abstract":"Restauració completa dels baixos del cotxe, soldar chapa, preparar imprimar i pintar, a mes de reparar el elements mecánics en mal estat","videoURL":null,"new_image_fase":"header","action":"upload_image","image_descriptions":{"500":null,"502":null},"conclusion":null,"new_project_image":{"Illuminate\\Http\\UploadedFile":"/tmp/phpI4bTbb"}} 
[2026-05-10 19:10:18] production.INFO: UPLOAD IMAGE REQUEST {"_token":"5mASYrexExyVNRM52Dlm473X2xRBzH2vr7hC65E8","_method":"PUT","title":"Mazda 3","abstract":"Se estropeó el motor, el motor habia gripado porque no arrancaba bien y se podía observar un agujero  en el bloque motor. Realicé el cambio con la grúa y le hice su debido mantenimiento completo, recolocando el cableado y cambiando sus componentes y líquidos. El motor arranca sin problema.","tipos":["1","6","9"],"videoURL":null,"new_image_fase":"final","action":"upload_image","image_descriptions":{"498":null,"499":null,"501":null},"conclusion":null,"new_project_image":{"Illuminate\\Http\\UploadedFile":"/tmp/phpDA6Dbf"}} 
[2026-05-10 19:10:31] production.INFO: UPLOAD IMAGE REQUEST {"_token":"lmYGKN5Q9EYUHfad4t8DSr5VzPxrYhfMwdnyf773","_method":"PUT","title":"Restauració de elements inferior UMM Alter II","abstract":"Restauració completa dels baixos del cotxe, soldar chapa, preparar imprimar i pintar, a mes de reparar el elements mecánics en mal estat","videoURL":null,"new_image_fase":"procedimiento_2","action":"upload_image","image_descriptions":{"500":null,"502":null},"conclusion":null,"new_project_image":{"Illuminate\\Http\\UploadedFile":"/tmp/phpp5UDeC"}} 
[2026-05-10 19:12:04] production.INFO: UPLOAD IMAGE REQUEST {"_token":"Wu60g7cxyvO6Na5AtmKYNFj1DW9nD21gBZiGMFLX","_method":"PUT","title":"Restauración YAMAHA YZF R6","abstract":"El objetivo de este proyecto es la restauración integral de una Yamaha YZF-R6 2004, desmontando toda la motocicleta y motor completo para dejarla en perfecto estado. Se han solucionado fallos eléctricos y sustituido todas las piezas deterioradas e implementado un indicador de marcha.","tipos":["1","6","8"],"videoURL":null,"new_image_fase":"procedimiento_3","action":"upload_image","image_descriptions":{"495":"Adquisición Yamaha R6 2004 parada desde hace 6 años, por un problema electromecánico. (al accionar cualquier intermitente caen revoluciones y el motor se apaga.)","496":"Diagnostico:

-Fugas aceite/refrigerante 

-Radiador fracturado

-Cuadro de plástico roto

-Tapicería desgastada 

-Botella de liquido de frenos rota

-Espárragos partidos



Ell desmontaje completo de la moto permitió comprobar tolerancias, remplazar componentes y solucionar problemas diagnosticados."},"conclusion":null,"new_project_image":{"Illuminate\\Http\\UploadedFile":"/tmp/phpOf6Jj6"}} 
[2026-05-10 19:12:40] production.INFO: UPLOAD IMAGE REQUEST {"_token":"lmYGKN5Q9EYUHfad4t8DSr5VzPxrYhfMwdnyf773","_method":"PUT","title":"Restauració de elements inferior UMM Alter II","abstract":"Restauració completa dels baixos del cotxe, soldar chapa, preparar imprimar i pintar, a mes de reparar el elements mecánics en mal estat","videoURL":null,"new_image_fase":"procedimiento_3","action":"upload_image","image_descriptions":{"500":null,"502":null,"505":null},"conclusion":null,"new_project_image":{"Illuminate\\Http\\UploadedFile":"/tmp/phpTg15mh"}} 
[2026-05-10 19:12:58] production.INFO: UPLOAD IMAGE REQUEST {"_token":"lmYGKN5Q9EYUHfad4t8DSr5VzPxrYhfMwdnyf773","_method":"PUT","title":"Restauració de elements inferior UMM Alter II","abstract":"Restauració completa dels baixos del cotxe, soldar chapa, preparar imprimar i pintar, a mes de reparar el elements mecánics en mal estat","videoURL":null,"new_image_fase":"procedimiento_3","action":"upload_image","image_descriptions":{"500":null,"502":null,"505":null,"507":null},"conclusion":null,"new_project_image":{"Illuminate\\Http\\UploadedFile":"/tmp/phpBWpkTt"}} 
[2026-05-10 19:14:18] production.INFO: UPLOAD IMAGE REQUEST {"_token":"lmYGKN5Q9EYUHfad4t8DSr5VzPxrYhfMwdnyf773","_method":"PUT","title":"Restauració de elements inferior UMM Alter II","abstract":"Restauració completa dels baixos del cotxe, soldar chapa, preparar imprimar i pintar, a mes de reparar el elements mecánics en mal estat","videoURL":null,"new_image_fase":"procedimiento_3","action":"upload_image","image_descriptions":{"500":null,"502":null,"505":null},"conclusion":null,"new_project_image":{"Illuminate\\Http\\UploadedFile":"/tmp/php54Irrs"}} 
[2026-05-10 19:14:18] production.INFO: UPLOAD IMAGE REQUEST {"_token":"lmYGKN5Q9EYUHfad4t8DSr5VzPxrYhfMwdnyf773","_method":"PUT","title":"Restauració de elements inferior UMM Alter II","abstract":"Restauració completa dels baixos del cotxe, soldar chapa, preparar imprimar i pintar, a mes de reparar el elements mecánics en mal estat","videoURL":null,"new_image_fase":"procedimiento_3","action":"upload_image","image_descriptions":{"500":null,"502":null,"505":null},"conclusion":null,"new_project_image":{"Illuminate\\Http\\UploadedFile":"/tmp/phpI7GTsD"}} 
[2026-05-10 19:14:35] production.INFO: UPLOAD IMAGE REQUEST {"_token":"lmYGKN5Q9EYUHfad4t8DSr5VzPxrYhfMwdnyf773","_method":"PUT","title":"Restauració de elements inferior UMM Alter II","abstract":"Restauració completa dels baixos del cotxe, soldar chapa, preparar imprimar i pintar, a mes de reparar el elements mecánics en mal estat","videoURL":null,"new_image_fase":"header","action":"upload_image","image_descriptions":{"500":null,"502":null,"505":null,"510":null},"conclusion":null,"new_project_image":{"Illuminate\\Http\\UploadedFile":"/tmp/phpQ5HInk"}} 
[2026-05-10 19:14:55] production.INFO: UPLOAD IMAGE REQUEST {"_token":"lmYGKN5Q9EYUHfad4t8DSr5VzPxrYhfMwdnyf773","_method":"PUT","title":"Restauració de elements inferior UMM Alter II","abstract":"Restauració completa dels baixos del cotxe, soldar chapa, preparar imprimar i pintar, a mes de reparar el elements mecánics en mal estat","videoURL":null,"new_image_fase":"final","action":"upload_image","image_descriptions":{"500":null,"502":null,"505":null,"510":null},"conclusion":null,"new_project_image":{"Illuminate\\Http\\UploadedFile":"/tmp/phpEoyJ15"}} 
[2026-05-10 19:40:10] production.INFO: UPLOAD IMAGE REQUEST {"_token":"Wu60g7cxyvO6Na5AtmKYNFj1DW9nD21gBZiGMFLX","_method":"PUT","title":"Restauración YAMAHA YZF R6","abstract":"El objetivo de este proyecto es la restauración integral de una Yamaha YZF-R6 2004, desmontándola por completo para solucionar averías electromecánicas, sustituir las piezas deterioradas o fuera de valores e implementar un indicador de marcha como mejora electrónica.","tipos":["1","6","8"],"videoURL":null,"new_image_fase":"initial","action":"upload_image","image_descriptions":{"496":"Diagnostico:

-Fugas aceite/refrigerante 

-Radiador fracturado

-Cuadro de plástico roto

-Tapicería desgastada 

-Botella de liquido de frenos rota

-Espárragos partidos



Ell desmontaje completo de la moto permitió comprobar tolerancias, remplazar componentes y solucionar problemas diagnosticados.","506":"Motor reconstruido listo para montar en la moto."},"conclusion":"Este proyecto me ha permitido aplicar los conocimientos adquiridos durante estos dos años en diagnóstico de averías, mecánica y electricidad, desarrollando habilidades prácticas en desmontaje, reparación y puesta a punto de la Yamaha YZF-R6 2004.","new_project_image":{"Illuminate\\Http\\UploadedFile":"/tmp/phpeP18W8"}} 
[2026-05-10 19:41:17] production.INFO: UPLOAD IMAGE REQUEST {"_token":"Wu60g7cxyvO6Na5AtmKYNFj1DW9nD21gBZiGMFLX","_method":"PUT","title":"Restauración YAMAHA YZF R6","abstract":"El objetivo de este proyecto es la restauración integral de una Yamaha YZF-R6 2004, desmontándola por completo para solucionar averías electromecánicas, sustituir las piezas deterioradas o fuera de valores e implementar un indicador de marcha como mejora electrónica.","tipos":["1","6","8"],"videoURL":null,"new_image_fase":"procedimiento_1","action":"upload_image","image_descriptions":{"506":"Motor reconstruido listo para montar en la moto.","513":"Adquisición Yamaha R6 2004 parada desde hace 6 años, por un problema electromecánico. (al accionar cualquier intermitente caen revoluciones y el motor se apaga.)"},"conclusion":"Este proyecto me ha permitido aplicar los conocimientos adquiridos durante estos dos años en diagnóstico de averías, mecánica y electricidad, desarrollando habilidades prácticas en desmontaje, reparación y puesta a punto de la Yamaha YZF-R6 2004.","new_project_image":{"Illuminate\\Http\\UploadedFile":"/tmp/phpcJEGaT"}} 
[2026-05-10 19:44:34] production.INFO: UPLOAD IMAGE REQUEST {"_token":"Wu60g7cxyvO6Na5AtmKYNFj1DW9nD21gBZiGMFLX","_method":"PUT","title":"Restauración YAMAHA YZF R6","abstract":"El objetivo de este proyecto es la restauración integral de una Yamaha YZF-R6 2004, desmontándola por completo para solucionar averías electromecánicas, sustituir las piezas deterioradas o fuera de valores e implementar un indicador de marcha como mejora electrónica.","tipos":["1","6","8"],"videoURL":null,"new_image_fase":"procedimiento_2","action":"upload_image","image_descriptions":{"513":"Adquisición Yamaha R6 2004 parada desde hace 6 años, por un problema electromecánico. (al accionar cualquier intermitente caen revoluciones y el motor se apaga.)","514":"Diagnostico:

-Fugas aceite/refrigerante 

-Radiador fracturado

-Cuadro de plástico roto

-Tapicería desgastada 

-Botella de liquido de frenos rota

-Espárragos partidos



El desmontaje completo de la moto permitió comprobar tolerancias, remplazar componentes y solucionar problemas diagnosticados."},"conclusion":"Este proyecto me ha permitido aplicar los conocimientos adquiridos durante estos dos años en diagnóstico de averías, mecánica y electricidad, desarrollando habilidades prácticas en desmontaje, reparación y puesta a punto de la Yamaha YZF-R6 2004.","new_project_image":{"Illuminate\\Http\\UploadedFile":"/tmp/phpm5TTHm"}} 
[2026-05-10 21:01:08] production.DEBUG: From: Jornada =?utf-8?Q?automoci=C3=B3n?= <hello@example.com>
To: maxclacar@campus.monlau.com
Subject: Reset Password Notification
MIME-Version: 1.0
Date: Sun, 10 May 2026 21:01:08 +0000
Message-ID: <a2b688709ce7444116e65380388de297@example.com>
Content-Type: multipart/alternative; boundary=IiE4NCAe

--IiE4NCAe
Content-Type: text/plain; charset=utf-8
Content-Transfer-Encoding: quoted-printable

Jornada automoción: https://jornadaautomocion.monlau.com

# Hello!

You are receiving this email because we received a password reset request for your account.

Reset Password: https://jornadaautomocion.monlau.com/reset-password/84f6f436f62892007d56483400eb760fd811f81bec3c69af809e6b8aaa627b14?email=maxclacar%40campus.monlau.com

This password reset link will expire in 60 minutes.

If you did not request a password reset, no further action is required.

Regards,
Jornada automoción

If you're having trouble clicking the "Reset Password" button, copy and paste the URL below
into your web browser: [https://jornadaautomocion.monlau.com/reset-password/84f6f436f62892007d56483400eb760fd811f81bec3c69af809e6b8aaa627b14?email=maxclacar%40campus.monlau.com](https://jornadaautomocion.monlau.com/reset-password/84f6f436f62892007d56483400eb760fd811f81bec3c69af809e6b8aaa627b14?email=maxclacar%40campus.monlau.com)

© 2026 Jornada automoción. All rights reserved.

--IiE4NCAe
Content-Type: text/html; charset=utf-8
Content-Transfer-Encoding: quoted-printable

<!DOCTYPE html PUBLIC "-//W3C//DTD XHTML 1.0 Transitional//EN" "http://www.w3.org/TR/xhtml1/DTD/xhtml1-transitional.dtd">
<html xmlns="http://www.w3.org/1999/xhtml">
<head>
<title>Jornada automoción</title>
<meta name="viewport" content="width=device-width, initial-scale=1.0">
<meta http-equiv="Content-Type" content="text/html; charset=UTF-8">
<meta name="color-scheme" content="light">
<meta name="supported-color-schemes" content="light">
<style>
@media only screen and (max-width: 600px) {
.inner-body {
width: 100% !important;
}

.footer {
width: 100% !important;
}
}

@media only screen and (max-width: 500px) {
.button {
width: 100% !important;
}
}
</style>

</head>
<body style="box-sizing: border-box; font-family: -apple-system, BlinkMacSystemFont, 'Segoe UI', Roboto, Helvetica, Arial, sans-serif, 'Apple Color Emoji', 'Segoe UI Emoji', 'Segoe UI Symbol'; position: relative; -webkit-text-size-adjust: none; background-color: #ffffff; color: #718096; height: 100%; line-height: 1.4; margin: 0; padding: 0; width: 100% !important;">

<table class="wrapper" width="100%" cellpadding="0" cellspacing="0" role="presentation" style="box-sizing: border-box; font-family: -apple-system, BlinkMacSystemFont, 'Segoe UI', Roboto, Helvetica, Arial, sans-serif, 'Apple Color Emoji', 'Segoe UI Emoji', 'Segoe UI Symbol'; position: relative; -premailer-cellpadding: 0; -premailer-cellspacing: 0; -premailer-width: 100%; background-color: #edf2f7; margin: 0; padding: 0; width: 100%;">
<tr>
<td align="center" style="box-sizing: border-box; font-family: -apple-system, BlinkMacSystemFont, 'Segoe UI', Roboto, Helvetica, Arial, sans-serif, 'Apple Color Emoji', 'Segoe UI Emoji', 'Segoe UI Symbol'; position: relative;">
<table class="content" width="100%" cellpadding="0" cellspacing="0" role="presentation" style="box-sizing: border-box; font-family: -apple-system, BlinkMacSystemFont, 'Segoe UI', Roboto, Helvetica, Arial, sans-serif, 'Apple Color Emoji', 'Segoe UI Emoji', 'Segoe UI Symbol'; position: relative; -premailer-cellpadding: 0; -premailer-cellspacing: 0; -premailer-width: 100%; margin: 0; padding: 0; width: 100%;">
<tr>
<td class="header" style="box-sizing: border-box; font-family: -apple-system, BlinkMacSystemFont, 'Segoe UI', Roboto, Helvetica, Arial, sans-serif, 'Apple Color Emoji', 'Segoe UI Emoji', 'Segoe UI Symbol'; position: relative; padding: 25px 0; text-align: center;">
<a href="https://jornadaautomocion.monlau.com" style="box-sizing: border-box; font-family: -apple-system, BlinkMacSystemFont, 'Segoe UI', Roboto, Helvetica, Arial, sans-serif, 'Apple Color Emoji', 'Segoe UI Emoji', 'Segoe UI Symbol'; position: relative; color: #3d4852; font-size: 19px; font-weight: bold; text-decoration: none; display: inline-block;">
Jornada automoción
</a>
</td>
</tr>

<!-- Email Body -->
<tr>
<td class="body" width="100%" cellpadding="0" cellspacing="0" style="box-sizing: border-box; font-family: -apple-system, BlinkMacSystemFont, 'Segoe UI', Roboto, Helvetica, Arial, sans-serif, 'Apple Color Emoji', 'Segoe UI Emoji', 'Segoe UI Symbol'; position: relative; -premailer-cellpadding: 0; -premailer-cellspacing: 0; -premailer-width: 100%; background-color: #edf2f7; border-bottom: 1px solid #edf2f7; border-top: 1px solid #edf2f7; margin: 0; padding: 0; width: 100%; border: hidden !important;">
<table class="inner-body" align="center" width="570" cellpadding="0" cellspacing="0" role="presentation" style="box-sizing: border-box; font-family: -apple-system, BlinkMacSystemFont, 'Segoe UI', Roboto, Helvetica, Arial, sans-serif, 'Apple Color Emoji', 'Segoe UI Emoji', 'Segoe UI Symbol'; position: relative; -premailer-cellpadding: 0; -premailer-cellspacing: 0; -premailer-width: 570px; background-color: #ffffff; border-color: #e8e5ef; border-radius: 2px; border-width: 1px; box-shadow: 0 2px 0 rgba(0, 0, 150, 0.025), 2px 4px 0 rgba(0, 0, 150, 0.015); margin: 0 auto; padding: 0; width: 570px;">
<!-- Body content -->
<tr>
<td class="content-cell" style="box-sizing: border-box; font-family: -apple-system, BlinkMacSystemFont, 'Segoe UI', Roboto, Helvetica, Arial, sans-serif, 'Apple Color Emoji', 'Segoe UI Emoji', 'Segoe UI Symbol'; position: relative; max-width: 100vw; padding: 32px;">
<h1 style="box-sizing: border-box; font-family: -apple-system, BlinkMacSystemFont, 'Segoe UI', Roboto, Helvetica, Arial, sans-serif, 'Apple Color Emoji', 'Segoe UI Emoji', 'Segoe UI Symbol'; position: relative; color: #3d4852; font-size: 18px; font-weight: bold; margin-top: 0; text-align: left;">Hello!</h1>
<p style="box-sizing: border-box; font-family: -apple-system, BlinkMacSystemFont, 'Segoe UI', Roboto, Helvetica, Arial, sans-serif, 'Apple Color Emoji', 'Segoe UI Emoji', 'Segoe UI Symbol'; position: relative; font-size: 16px; line-height: 1.5em; margin-top: 0; text-align: left;">You are receiving this email because we received a password reset request for your account.</p>
<table class="action" align="center" width="100%" cellpadding="0" cellspacing="0" role="presentation" style="box-sizing: border-box; font-family: -apple-system, BlinkMacSystemFont, 'Segoe UI', Roboto, Helvetica, Arial, sans-serif, 'Apple Color Emoji', 'Segoe UI Emoji', 'Segoe UI Symbol'; position: relative; -premailer-cellpadding: 0; -premailer-cellspacing: 0; -premailer-width: 100%; margin: 30px auto; padding: 0; text-align: center; width: 100%; float: unset;">
<tr>
<td align="center" style="box-sizing: border-box; font-family: -apple-system, BlinkMacSystemFont, 'Segoe UI', Roboto, Helvetica, Arial, sans-serif, 'Apple Color Emoji', 'Segoe UI Emoji', 'Segoe UI Symbol'; position: relative;">
<table width="100%" border="0" cellpadding="0" cellspacing="0" role="presentation" style="box-sizing: border-box; font-family: -apple-system, BlinkMacSystemFont, 'Segoe UI', Roboto, Helvetica, Arial, sans-serif, 'Apple Color Emoji', 'Segoe UI Emoji', 'Segoe UI Symbol'; position: relative;">
<tr>
<td align="center" style="box-sizing: border-box; font-family: -apple-system, BlinkMacSystemFont, 'Segoe UI', Roboto, Helvetica, Arial, sans-serif, 'Apple Color Emoji', 'Segoe UI Emoji', 'Segoe UI Symbol'; position: relative;">
<table border="0" cellpadding="0" cellspacing="0" role="presentation" style="box-sizing: border-box; font-family: -apple-system, BlinkMacSystemFont, 'Segoe UI', Roboto, Helvetica, Arial, sans-serif, 'Apple Color Emoji', 'Segoe UI Emoji', 'Segoe UI Symbol'; position: relative;">
<tr>
<td style="box-sizing: border-box; font-family: -apple-system, BlinkMacSystemFont, 'Segoe UI', Roboto, Helvetica, Arial, sans-serif, 'Apple Color Emoji', 'Segoe UI Emoji', 'Segoe UI Symbol'; position: relative;">
<a href="https://jornadaautomocion.monlau.com/reset-password/84f6f436f62892007d56483400eb760fd811f81bec3c69af809e6b8aaa627b14?email=maxclacar%40campus.monlau.com" class="button button-primary" target="_blank" rel="noopener" style="box-sizing: border-box; font-family: -apple-system, BlinkMacSystemFont, 'Segoe UI', Roboto, Helvetica, Arial, sans-serif, 'Apple Color Emoji', 'Segoe UI Emoji', 'Segoe UI Symbol'; position: relative; -webkit-text-size-adjust: none; border-radius: 4px; color: #fff; display: inline-block; overflow: hidden; text-decoration: none; background-color: #2d3748; border-bottom: 8px solid #2d3748; border-left: 18px solid #2d3748; border-right: 18px solid #2d3748; border-top: 8px solid #2d3748; word-break: break-all;">Reset Password</a>
</td>
</tr>
</table>
</td>
</tr>
</table>
</td>
</tr>
</table>
<p style="box-sizing: border-box; font-family: -apple-system, BlinkMacSystemFont, 'Segoe UI', Roboto, Helvetica, Arial, sans-serif, 'Apple Color Emoji', 'Segoe UI Emoji', 'Segoe UI Symbol'; position: relative; font-size: 16px; line-height: 1.5em; margin-top: 0; text-align: left;">This password reset link will expire in 60 minutes.</p>
<p style="box-sizing: border-box; font-family: -apple-system, BlinkMacSystemFont, 'Segoe UI', Roboto, Helvetica, Arial, sans-serif, 'Apple Color Emoji', 'Segoe UI Emoji', 'Segoe UI Symbol'; position: relative; font-size: 16px; line-height: 1.5em; margin-top: 0; text-align: left;">If you did not request a password reset, no further action is required.</p>
<p style="box-sizing: border-box; font-family: -apple-system, BlinkMacSystemFont, 'Segoe UI', Roboto, Helvetica, Arial, sans-serif, 'Apple Color Emoji', 'Segoe UI Emoji', 'Segoe UI Symbol'; position: relative; font-size: 16px; line-height: 1.5em; margin-top: 0; text-align: left;">Regards,<br>
Jornada automoción</p>


<table class="subcopy" width="100%" cellpadding="0" cellspacing="0" role="presentation" style="box-sizing: border-box; font-family: -apple-system, BlinkMacSystemFont, 'Segoe UI', Roboto, Helvetica, Arial, sans-serif, 'Apple Color Emoji', 'Segoe UI Emoji', 'Segoe UI Symbol'; position: relative; border-top: 1px solid #e8e5ef; margin-top: 25px; padding-top: 25px;">
<tr>
<td style="box-sizing: border-box; font-family: -apple-system, BlinkMacSystemFont, 'Segoe UI', Roboto, Helvetica, Arial, sans-serif, 'Apple Color Emoji', 'Segoe UI Emoji', 'Segoe UI Symbol'; position: relative;">
<p style="box-sizing: border-box; font-family: -apple-system, BlinkMacSystemFont, 'Segoe UI', Roboto, Helvetica, Arial, sans-serif, 'Apple Color Emoji', 'Segoe UI Emoji', 'Segoe UI Symbol'; position: relative; line-height: 1.5em; margin-top: 0; text-align: left; font-size: 14px;">If you're having trouble clicking the "Reset Password" button, copy and paste the URL below
into your web browser: <span class="break-all" style="box-sizing: border-box; font-family: -apple-system, BlinkMacSystemFont, 'Segoe UI', Roboto, Helvetica, Arial, sans-serif, 'Apple Color Emoji', 'Segoe UI Emoji', 'Segoe UI Symbol'; position: relative; word-break: break-all;"><a href="https://jornadaautomocion.monlau.com/reset-password/84f6f436f62892007d56483400eb760fd811f81bec3c69af809e6b8aaa627b14?email=maxclacar%40campus.monlau.com" style="box-sizing: border-box; font-family: -apple-system, BlinkMacSystemFont, 'Segoe UI', Roboto, Helvetica, Arial, sans-serif, 'Apple Color Emoji', 'Segoe UI Emoji', 'Segoe UI Symbol'; position: relative; color: #3869d4; word-break: break-all;">https://jornadaautomocion.monlau.com/reset-password/84f6f436f62892007d56483400eb760fd811f81bec3c69af809e6b8aaa627b14?email=maxclacar%40campus.monlau.com</a></span></p>

</td>
</tr>
</table>
</td>
</tr>
</table>
</td>
</tr>

<tr>
<td style="box-sizing: border-box; font-family: -apple-system, BlinkMacSystemFont, 'Segoe UI', Roboto, Helvetica, Arial, sans-serif, 'Apple Color Emoji', 'Segoe UI Emoji', 'Segoe UI Symbol'; position: relative;">
<table class="footer" align="center" width="570" cellpadding="0" cellspacing="0" role="presentation" style="box-sizing: border-box; font-family: -apple-system, BlinkMacSystemFont, 'Segoe UI', Roboto, Helvetica, Arial, sans-serif, 'Apple Color Emoji', 'Segoe UI Emoji', 'Segoe UI Symbol'; position: relative; -premailer-cellpadding: 0; -premailer-cellspacing: 0; -premailer-width: 570px; margin: 0 auto; padding: 0; text-align: center; width: 570px;">
<tr>
<td class="content-cell" align="center" style="box-sizing: border-box; font-family: -apple-system, BlinkMacSystemFont, 'Segoe UI', Roboto, Helvetica, Arial, sans-serif, 'Apple Color Emoji', 'Segoe UI Emoji', 'Segoe UI Symbol'; position: relative; max-width: 100vw; padding: 32px;">
<p style="box-sizing: border-box; font-family: -apple-system, BlinkMacSystemFont, 'Segoe UI', Roboto, Helvetica, Arial, sans-serif, 'Apple Color Emoji', 'Segoe UI Emoji', 'Segoe UI Symbol'; position: relative; line-height: 1.5em; margin-top: 0; color: #b0adc5; font-size: 12px; text-align: center;">© 2026 Jornada automoción. All rights reserved.</p>

</td>
</tr>
</table>
</td>
</tr>
</table>
</td>
</tr>
</table>
</body>
</html>
--IiE4NCAe--
  
[2026-05-10 21:07:29] production.DEBUG: From: Jornada =?utf-8?Q?automoci=C3=B3n?= <hello@example.com>
To: maxclacar@campus.monlau.com
Subject: Reset Password Notification
MIME-Version: 1.0
Date: Sun, 10 May 2026 21:07:29 +0000
Message-ID: <857f4dd3e57e32e756f5507a6cfe8c40@example.com>
Content-Type: multipart/alternative; boundary=GpnyuWTn

--GpnyuWTn
Content-Type: text/plain; charset=utf-8
Content-Transfer-Encoding: quoted-printable

Jornada automoción: https://jornadaautomocion.monlau.com

# Hello!

You are receiving this email because we received a password reset request for your account.

Reset Password: https://jornadaautomocion.monlau.com/reset-password/80a13655b78a78cd7b0cae2ab236f6c6ce0f303e63f81efb31959fa1f7540833?email=maxclacar%40campus.monlau.com

This password reset link will expire in 60 minutes.

If you did not request a password reset, no further action is required.

Regards,
Jornada automoción

If you're having trouble clicking the "Reset Password" button, copy and paste the URL below
into your web browser: [https://jornadaautomocion.monlau.com/reset-password/80a13655b78a78cd7b0cae2ab236f6c6ce0f303e63f81efb31959fa1f7540833?email=maxclacar%40campus.monlau.com](https://jornadaautomocion.monlau.com/reset-password/80a13655b78a78cd7b0cae2ab236f6c6ce0f303e63f81efb31959fa1f7540833?email=maxclacar%40campus.monlau.com)

© 2026 Jornada automoción. All rights reserved.

--GpnyuWTn
Content-Type: text/html; charset=utf-8
Content-Transfer-Encoding: quoted-printable

<!DOCTYPE html PUBLIC "-//W3C//DTD XHTML 1.0 Transitional//EN" "http://www.w3.org/TR/xhtml1/DTD/xhtml1-transitional.dtd">
<html xmlns="http://www.w3.org/1999/xhtml">
<head>
<title>Jornada automoción</title>
<meta name="viewport" content="width=device-width, initial-scale=1.0">
<meta http-equiv="Content-Type" content="text/html; charset=UTF-8">
<meta name="color-scheme" content="light">
<meta name="supported-color-schemes" content="light">
<style>
@media only screen and (max-width: 600px) {
.inner-body {
width: 100% !important;
}

.footer {
width: 100% !important;
}
}

@media only screen and (max-width: 500px) {
.button {
width: 100% !important;
}
}
</style>

</head>
<body style="box-sizing: border-box; font-family: -apple-system, BlinkMacSystemFont, 'Segoe UI', Roboto, Helvetica, Arial, sans-serif, 'Apple Color Emoji', 'Segoe UI Emoji', 'Segoe UI Symbol'; position: relative; -webkit-text-size-adjust: none; background-color: #ffffff; color: #718096; height: 100%; line-height: 1.4; margin: 0; padding: 0; width: 100% !important;">

<table class="wrapper" width="100%" cellpadding="0" cellspacing="0" role="presentation" style="box-sizing: border-box; font-family: -apple-system, BlinkMacSystemFont, 'Segoe UI', Roboto, Helvetica, Arial, sans-serif, 'Apple Color Emoji', 'Segoe UI Emoji', 'Segoe UI Symbol'; position: relative; -premailer-cellpadding: 0; -premailer-cellspacing: 0; -premailer-width: 100%; background-color: #edf2f7; margin: 0; padding: 0; width: 100%;">
<tr>
<td align="center" style="box-sizing: border-box; font-family: -apple-system, BlinkMacSystemFont, 'Segoe UI', Roboto, Helvetica, Arial, sans-serif, 'Apple Color Emoji', 'Segoe UI Emoji', 'Segoe UI Symbol'; position: relative;">
<table class="content" width="100%" cellpadding="0" cellspacing="0" role="presentation" style="box-sizing: border-box; font-family: -apple-system, BlinkMacSystemFont, 'Segoe UI', Roboto, Helvetica, Arial, sans-serif, 'Apple Color Emoji', 'Segoe UI Emoji', 'Segoe UI Symbol'; position: relative; -premailer-cellpadding: 0; -premailer-cellspacing: 0; -premailer-width: 100%; margin: 0; padding: 0; width: 100%;">
<tr>
<td class="header" style="box-sizing: border-box; font-family: -apple-system, BlinkMacSystemFont, 'Segoe UI', Roboto, Helvetica, Arial, sans-serif, 'Apple Color Emoji', 'Segoe UI Emoji', 'Segoe UI Symbol'; position: relative; padding: 25px 0; text-align: center;">
<a href="https://jornadaautomocion.monlau.com" style="box-sizing: border-box; font-family: -apple-system, BlinkMacSystemFont, 'Segoe UI', Roboto, Helvetica, Arial, sans-serif, 'Apple Color Emoji', 'Segoe UI Emoji', 'Segoe UI Symbol'; position: relative; color: #3d4852; font-size: 19px; font-weight: bold; text-decoration: none; display: inline-block;">
Jornada automoción
</a>
</td>
</tr>

<!-- Email Body -->
<tr>
<td class="body" width="100%" cellpadding="0" cellspacing="0" style="box-sizing: border-box; font-family: -apple-system, BlinkMacSystemFont, 'Segoe UI', Roboto, Helvetica, Arial, sans-serif, 'Apple Color Emoji', 'Segoe UI Emoji', 'Segoe UI Symbol'; position: relative; -premailer-cellpadding: 0; -premailer-cellspacing: 0; -premailer-width: 100%; background-color: #edf2f7; border-bottom: 1px solid #edf2f7; border-top: 1px solid #edf2f7; margin: 0; padding: 0; width: 100%; border: hidden !important;">
<table class="inner-body" align="center" width="570" cellpadding="0" cellspacing="0" role="presentation" style="box-sizing: border-box; font-family: -apple-system, BlinkMacSystemFont, 'Segoe UI', Roboto, Helvetica, Arial, sans-serif, 'Apple Color Emoji', 'Segoe UI Emoji', 'Segoe UI Symbol'; position: relative; -premailer-cellpadding: 0; -premailer-cellspacing: 0; -premailer-width: 570px; background-color: #ffffff; border-color: #e8e5ef; border-radius: 2px; border-width: 1px; box-shadow: 0 2px 0 rgba(0, 0, 150, 0.025), 2px 4px 0 rgba(0, 0, 150, 0.015); margin: 0 auto; padding: 0; width: 570px;">
<!-- Body content -->
<tr>
<td class="content-cell" style="box-sizing: border-box; font-family: -apple-system, BlinkMacSystemFont, 'Segoe UI', Roboto, Helvetica, Arial, sans-serif, 'Apple Color Emoji', 'Segoe UI Emoji', 'Segoe UI Symbol'; position: relative; max-width: 100vw; padding: 32px;">
<h1 style="box-sizing: border-box; font-family: -apple-system, BlinkMacSystemFont, 'Segoe UI', Roboto, Helvetica, Arial, sans-serif, 'Apple Color Emoji', 'Segoe UI Emoji', 'Segoe UI Symbol'; position: relative; color: #3d4852; font-size: 18px; font-weight: bold; margin-top: 0; text-align: left;">Hello!</h1>
<p style="box-sizing: border-box; font-family: -apple-system, BlinkMacSystemFont, 'Segoe UI', Roboto, Helvetica, Arial, sans-serif, 'Apple Color Emoji', 'Segoe UI Emoji', 'Segoe UI Symbol'; position: relative; font-size: 16px; line-height: 1.5em; margin-top: 0; text-align: left;">You are receiving this email because we received a password reset request for your account.</p>
<table class="action" align="center" width="100%" cellpadding="0" cellspacing="0" role="presentation" style="box-sizing: border-box; font-family: -apple-system, BlinkMacSystemFont, 'Segoe UI', Roboto, Helvetica, Arial, sans-serif, 'Apple Color Emoji', 'Segoe UI Emoji', 'Segoe UI Symbol'; position: relative; -premailer-cellpadding: 0; -premailer-cellspacing: 0; -premailer-width: 100%; margin: 30px auto; padding: 0; text-align: center; width: 100%; float: unset;">
<tr>
<td align="center" style="box-sizing: border-box; font-family: -apple-system, BlinkMacSystemFont, 'Segoe UI', Roboto, Helvetica, Arial, sans-serif, 'Apple Color Emoji', 'Segoe UI Emoji', 'Segoe UI Symbol'; position: relative;">
<table width="100%" border="0" cellpadding="0" cellspacing="0" role="presentation" style="box-sizing: border-box; font-family: -apple-system, BlinkMacSystemFont, 'Segoe UI', Roboto, Helvetica, Arial, sans-serif, 'Apple Color Emoji', 'Segoe UI Emoji', 'Segoe UI Symbol'; position: relative;">
<tr>
<td align="center" style="box-sizing: border-box; font-family: -apple-system, BlinkMacSystemFont, 'Segoe UI', Roboto, Helvetica, Arial, sans-serif, 'Apple Color Emoji', 'Segoe UI Emoji', 'Segoe UI Symbol'; position: relative;">
<table border="0" cellpadding="0" cellspacing="0" role="presentation" style="box-sizing: border-box; font-family: -apple-system, BlinkMacSystemFont, 'Segoe UI', Roboto, Helvetica, Arial, sans-serif, 'Apple Color Emoji', 'Segoe UI Emoji', 'Segoe UI Symbol'; position: relative;">
<tr>
<td style="box-sizing: border-box; font-family: -apple-system, BlinkMacSystemFont, 'Segoe UI', Roboto, Helvetica, Arial, sans-serif, 'Apple Color Emoji', 'Segoe UI Emoji', 'Segoe UI Symbol'; position: relative;">
<a href="https://jornadaautomocion.monlau.com/reset-password/80a13655b78a78cd7b0cae2ab236f6c6ce0f303e63f81efb31959fa1f7540833?email=maxclacar%40campus.monlau.com" class="button button-primary" target="_blank" rel="noopener" style="box-sizing: border-box; font-family: -apple-system, BlinkMacSystemFont, 'Segoe UI', Roboto, Helvetica, Arial, sans-serif, 'Apple Color Emoji', 'Segoe UI Emoji', 'Segoe UI Symbol'; position: relative; -webkit-text-size-adjust: none; border-radius: 4px; color: #fff; display: inline-block; overflow: hidden; text-decoration: none; background-color: #2d3748; border-bottom: 8px solid #2d3748; border-left: 18px solid #2d3748; border-right: 18px solid #2d3748; border-top: 8px solid #2d3748; word-break: break-all;">Reset Password</a>
</td>
</tr>
</table>
</td>
</tr>
</table>
</td>
</tr>
</table>
<p style="box-sizing: border-box; font-family: -apple-system, BlinkMacSystemFont, 'Segoe UI', Roboto, Helvetica, Arial, sans-serif, 'Apple Color Emoji', 'Segoe UI Emoji', 'Segoe UI Symbol'; position: relative; font-size: 16px; line-height: 1.5em; margin-top: 0; text-align: left;">This password reset link will expire in 60 minutes.</p>
<p style="box-sizing: border-box; font-family: -apple-system, BlinkMacSystemFont, 'Segoe UI', Roboto, Helvetica, Arial, sans-serif, 'Apple Color Emoji', 'Segoe UI Emoji', 'Segoe UI Symbol'; position: relative; font-size: 16px; line-height: 1.5em; margin-top: 0; text-align: left;">If you did not request a password reset, no further action is required.</p>
<p style="box-sizing: border-box; font-family: -apple-system, BlinkMacSystemFont, 'Segoe UI', Roboto, Helvetica, Arial, sans-serif, 'Apple Color Emoji', 'Segoe UI Emoji', 'Segoe UI Symbol'; position: relative; font-size: 16px; line-height: 1.5em; margin-top: 0; text-align: left;">Regards,<br>
Jornada automoción</p>


<table class="subcopy" width="100%" cellpadding="0" cellspacing="0" role="presentation" style="box-sizing: border-box; font-family: -apple-system, BlinkMacSystemFont, 'Segoe UI', Roboto, Helvetica, Arial, sans-serif, 'Apple Color Emoji', 'Segoe UI Emoji', 'Segoe UI Symbol'; position: relative; border-top: 1px solid #e8e5ef; margin-top: 25px; padding-top: 25px;">
<tr>
<td style="box-sizing: border-box; font-family: -apple-system, BlinkMacSystemFont, 'Segoe UI', Roboto, Helvetica, Arial, sans-serif, 'Apple Color Emoji', 'Segoe UI Emoji', 'Segoe UI Symbol'; position: relative;">
<p style="box-sizing: border-box; font-family: -apple-system, BlinkMacSystemFont, 'Segoe UI', Roboto, Helvetica, Arial, sans-serif, 'Apple Color Emoji', 'Segoe UI Emoji', 'Segoe UI Symbol'; position: relative; line-height: 1.5em; margin-top: 0; text-align: left; font-size: 14px;">If you're having trouble clicking the "Reset Password" button, copy and paste the URL below
into your web browser: <span class="break-all" style="box-sizing: border-box; font-family: -apple-system, BlinkMacSystemFont, 'Segoe UI', Roboto, Helvetica, Arial, sans-serif, 'Apple Color Emoji', 'Segoe UI Emoji', 'Segoe UI Symbol'; position: relative; word-break: break-all;"><a href="https://jornadaautomocion.monlau.com/reset-password/80a13655b78a78cd7b0cae2ab236f6c6ce0f303e63f81efb31959fa1f7540833?email=maxclacar%40campus.monlau.com" style="box-sizing: border-box; font-family: -apple-system, BlinkMacSystemFont, 'Segoe UI', Roboto, Helvetica, Arial, sans-serif, 'Apple Color Emoji', 'Segoe UI Emoji', 'Segoe UI Symbol'; position: relative; color: #3869d4; word-break: break-all;">https://jornadaautomocion.monlau.com/reset-password/80a13655b78a78cd7b0cae2ab236f6c6ce0f303e63f81efb31959fa1f7540833?email=maxclacar%40campus.monlau.com</a></span></p>

</td>
</tr>
</table>
</td>
</tr>
</table>
</td>
</tr>

<tr>
<td style="box-sizing: border-box; font-family: -apple-system, BlinkMacSystemFont, 'Segoe UI', Roboto, Helvetica, Arial, sans-serif, 'Apple Color Emoji', 'Segoe UI Emoji', 'Segoe UI Symbol'; position: relative;">
<table class="footer" align="center" width="570" cellpadding="0" cellspacing="0" role="presentation" style="box-sizing: border-box; font-family: -apple-system, BlinkMacSystemFont, 'Segoe UI', Roboto, Helvetica, Arial, sans-serif, 'Apple Color Emoji', 'Segoe UI Emoji', 'Segoe UI Symbol'; position: relative; -premailer-cellpadding: 0; -premailer-cellspacing: 0; -premailer-width: 570px; margin: 0 auto; padding: 0; text-align: center; width: 570px;">
<tr>
<td class="content-cell" align="center" style="box-sizing: border-box; font-family: -apple-system, BlinkMacSystemFont, 'Segoe UI', Roboto, Helvetica, Arial, sans-serif, 'Apple Color Emoji', 'Segoe UI Emoji', 'Segoe UI Symbol'; position: relative; max-width: 100vw; padding: 32px;">
<p style="box-sizing: border-box; font-family: -apple-system, BlinkMacSystemFont, 'Segoe UI', Roboto, Helvetica, Arial, sans-serif, 'Apple Color Emoji', 'Segoe UI Emoji', 'Segoe UI Symbol'; position: relative; line-height: 1.5em; margin-top: 0; color: #b0adc5; font-size: 12px; text-align: center;">© 2026 Jornada automoción. All rights reserved.</p>

</td>
</tr>
</table>
</td>
</tr>
</table>
</td>
</tr>
</table>
</body>
</html>
--GpnyuWTn--
  
[2026-05-10 21:20:29] production.INFO: UPLOAD IMAGE REQUEST {"_token":"wSl8fhXIdmhopaXS9gWv1ClT1vi2KLdGKeuwImrD","_method":"PUT","title":"Seat leon mk1","abstract":"Mantenimient general,sustitución de turbo,culata,árbre de llevas,distribucio,car audio complet,suspensions,llantes i pneumátics,elements de frenada, i moltes mes coses que es faran en els próxims mesos.","videoURL":null,"new_image_fase":"initial","action":"upload_image","conclusion":null,"new_project_image":{"Illuminate\\Http\\UploadedFile":"/tmp/phpSwV5FJ"}} 
[2026-05-10 21:23:54] production.INFO: UPLOAD IMAGE REQUEST {"_token":"wSl8fhXIdmhopaXS9gWv1ClT1vi2KLdGKeuwImrD","_method":"PUT","title":"Seat leon mk1","abstract":"Mantenimient general,sustitución de turbo,culata,árbre de llevas,distribucio,car audio complet,suspensions,llantes i pneumátics,elements de frenada, i moltes mes coses que es faran en els próxims mesos.","videoURL":null,"new_image_fase":"procedimiento_1","action":"upload_image","image_descriptions":{"516":null},"conclusion":null,"new_project_image":{"Illuminate\\Http\\UploadedFile":"/tmp/phpB40BiU"}} 
[2026-05-10 21:24:02] production.INFO: UPLOAD IMAGE REQUEST {"_token":"wSl8fhXIdmhopaXS9gWv1ClT1vi2KLdGKeuwImrD","_method":"PUT","title":"Seat leon mk1","abstract":"Mantenimient general,sustitución de turbo,culata,árbre de llevas,distribucio,car audio complet,suspensions,llantes i pneumátics,elements de frenada, i moltes mes coses que es faran en els próxims mesos.","videoURL":null,"new_image_fase":"header","action":"upload_image","image_descriptions":{"516":null,"517":null},"conclusion":null,"new_project_image":{"Illuminate\\Http\\UploadedFile":"/tmp/phpD4sVxO"}} 
[2026-05-10 21:24:09] production.INFO: UPLOAD IMAGE REQUEST {"_token":"wSl8fhXIdmhopaXS9gWv1ClT1vi2KLdGKeuwImrD","_method":"PUT","title":"Seat leon mk1","abstract":"Mantenimient general,sustitución de turbo,culata,árbre de llevas,distribucio,car audio complet,suspensions,llantes i pneumátics,elements de frenada, i moltes mes coses que es faran en els próxims mesos.","videoURL":null,"new_image_fase":"header","action":"upload_image","image_descriptions":{"516":null,"517":null},"conclusion":null,"new_project_image":{"Illuminate\\Http\\UploadedFile":"/tmp/php8sWap6"}} 
[2026-05-10 21:24:51] production.INFO: UPLOAD IMAGE REQUEST {"_token":"wSl8fhXIdmhopaXS9gWv1ClT1vi2KLdGKeuwImrD","_method":"PUT","title":"Seat leon mk1","abstract":"Mantenimient general,sustitución de turbo,culata,árbre de llevas,distribucio,car audio complet,suspensions,llantes i pneumátics,elements de frenada, i moltes mes coses que es faran en els próxims mesos.","videoURL":null,"new_image_fase":"procedimiento_2","action":"upload_image","image_descriptions":{"516":null,"517":null},"conclusion":null,"new_project_image":{"Illuminate\\Http\\UploadedFile":"/tmp/phphc3BU4"}} 
[2026-05-10 21:24:59] production.INFO: UPLOAD IMAGE REQUEST {"_token":"wSl8fhXIdmhopaXS9gWv1ClT1vi2KLdGKeuwImrD","_method":"PUT","title":"Seat leon mk1","abstract":"Mantenimient general,sustitución de turbo,culata,árbre de llevas,distribucio,car audio complet,suspensions,llantes i pneumátics,elements de frenada, i moltes mes coses que es faran en els próxims mesos.","videoURL":null,"new_image_fase":"procedimiento_3","action":"upload_image","image_descriptions":{"516":null,"517":null,"520":null},"conclusion":null,"new_project_image":{"Illuminate\\Http\\UploadedFile":"/tmp/phpWnii9J"}} 
[2026-05-10 21:30:39] production.INFO: UPLOAD IMAGE REQUEST {"_token":"wSl8fhXIdmhopaXS9gWv1ClT1vi2KLdGKeuwImrD","_method":"PUT","title":"Seat leon mk1","abstract":"Mantenimient general,sustitución de turbo,culata,árbre de llevas,distribucio,car audio complet,suspensions,llantes i pneumátics,elements de frenada, i moltes mes coses que es faran en els próxims mesos.","tipos":["1","6"],"videoURL":null,"new_image_fase":"header","action":"upload_image","image_descriptions":{"516":null,"517":null,"520":null,"521":null},"conclusion":"Los conocimientos aprendidos es lo que mas valoro","new_project_image":{"Illuminate\\Http\\UploadedFile":"/tmp/phpPYOB9M"}} 
[2026-05-10 21:33:53] production.INFO: UPLOAD IMAGE REQUEST {"_token":"LNaFBfYZzFCvFKVtLUF0Ddp2ofdlkS8rtasb2dP6","_method":"PUT","title":"Yamaha MT-07","abstract":"El treball es basa en una posada a punt de una moto yamaha mt-07 del 2016, treballant en oli, filtres, frens, pintura de la moto, polida de fars, reglatge de vàllvules, canvi d'oli de forquilles. A més a més de posar extres com nous intermitents, portamatricules, manetes, retrovisors entre d'altres.","tipos":["1","2","8"],"videoURL":"https://youtube.com/shorts/LY6OueAZe0s?feature=share","new_image_fase":"header","action":"upload_image","conclusion":null,"new_project_image":{"Illuminate\\Http\\UploadedFile":"/tmp/php8Ap7f0"}} 
[2026-05-10 21:35:40] production.INFO: UPLOAD IMAGE REQUEST {"_token":"WeICHaaASCOSq9lWeX4rQwTTa28SukBdiV1BaC7w","_method":"PUT","title":"Seat Leon","abstract":"En este proyecto he realizado trabajos de mecánica pesada, optimización de potencia, chapa y pintura y montaje de nuevos elementos para un mejor funcionamiento.","videoURL":null,"new_image_fase":"final","action":"upload_image","image_descriptions":{"447":null,"450":"Retapizado de techo y fibra óptica","451":"Cambio de amortiguadores","452":"Montaje de linea de escape recta."},"conclusion":null,"new_project_image":{"Illuminate\\Http\\UploadedFile":"/tmp/phpmtfdRK"}} 
[2026-05-10 21:36:07] production.INFO: UPLOAD IMAGE REQUEST {"_token":"GUVBT2jOVAdZj8gcDHqCzeXqTLMQWoI9cEY7hn9U","_method":"PUT","title":"Restauración E46","abstract":"Restauración de mi vehículo de diario, solucionando problemas y averías, junto con actualización de aspecto","videoURL":null,"new_image_fase":"header","action":"upload_image","conclusion":null,"new_project_image":{"Illuminate\\Http\\UploadedFile":"/tmp/phpKp3XQp"}} 
[2026-05-10 21:40:42] production.INFO: UPLOAD IMAGE REQUEST {"_token":"GUVBT2jOVAdZj8gcDHqCzeXqTLMQWoI9cEY7hn9U","_method":"PUT","title":"Restauración E46","abstract":"Restauración de mi vehículo de diario, solucionando problemas y averías, junto con actualización de aspecto","videoURL":null,"new_image_fase":"header","action":"upload_image","conclusion":null,"new_project_image":{"Illuminate\\Http\\UploadedFile":"/tmp/php0Q7hS6"}} 
[2026-05-10 21:41:28] production.INFO: UPLOAD IMAGE REQUEST {"_token":"GUVBT2jOVAdZj8gcDHqCzeXqTLMQWoI9cEY7hn9U","_method":"PUT","title":"Restauración E46","abstract":"Restauración de mi vehículo de diario, solucionando problemas y averías, junto con actualización de aspecto","videoURL":null,"new_image_fase":"initial","action":"upload_image","conclusion":null,"new_project_image":{"Illuminate\\Http\\UploadedFile":"/tmp/phplyFlE2"}} 
[2026-05-10 21:41:53] production.INFO: UPLOAD IMAGE REQUEST {"_token":"GUVBT2jOVAdZj8gcDHqCzeXqTLMQWoI9cEY7hn9U","_method":"PUT","title":"Restauración E46","abstract":"Restauración de mi vehículo de diario, solucionando problemas y averías, junto con actualización de aspecto","tipos":["1","2","9"],"videoURL":null,"new_image_fase":"procedimiento_1","action":"upload_image","image_descriptions":{"527":null},"conclusion":null,"new_project_image":{"Illuminate\\Http\\UploadedFile":"/tmp/phpLxUX0D"}} 
[2026-05-10 21:42:48] production.INFO: UPLOAD IMAGE REQUEST {"_token":"GUVBT2jOVAdZj8gcDHqCzeXqTLMQWoI9cEY7hn9U","_method":"PUT","title":"Restauración E46","abstract":"Restauración de mi vehículo de diario, solucionando problemas y averías, junto con actualización de aspecto","tipos":["1","2","9"],"videoURL":null,"new_image_fase":"procedimiento_1","action":"upload_image","image_descriptions":{"527":null},"conclusion":null,"new_project_image":{"Illuminate\\Http\\UploadedFile":"/tmp/phpeCwpMh"}} 
[2026-05-10 21:43:03] production.INFO: UPLOAD IMAGE REQUEST {"_token":"GUVBT2jOVAdZj8gcDHqCzeXqTLMQWoI9cEY7hn9U","_method":"PUT","title":"Restauración E46","abstract":"Restauración de mi vehículo de diario, solucionando problemas y averías, junto con actualización de aspecto","videoURL":null,"new_image_fase":"procedimiento_2","action":"upload_image","image_descriptions":{"527":null,"529":null},"conclusion":null,"new_project_image":{"Illuminate\\Http\\UploadedFile":"/tmp/phpiymBDz"}} 
[2026-05-10 21:43:27] production.INFO: UPLOAD IMAGE REQUEST {"_token":"GUVBT2jOVAdZj8gcDHqCzeXqTLMQWoI9cEY7hn9U","_method":"PUT","title":"Restauración E46","abstract":"Restauración de mi vehículo de diario, solucionando problemas y averías, junto con actualización de aspecto","videoURL":null,"new_image_fase":"procedimiento_3","action":"upload_image","image_descriptions":{"527":null,"529":null,"530":null},"conclusion":null,"new_project_image":{"Illuminate\\Http\\UploadedFile":"/tmp/phpZsL3lC"}} 
[2026-05-10 21:43:45] production.INFO: UPLOAD IMAGE REQUEST {"_token":"GUVBT2jOVAdZj8gcDHqCzeXqTLMQWoI9cEY7hn9U","_method":"PUT","title":"Restauración E46","abstract":"Restauración de mi vehículo de diario, solucionando problemas y averías, junto con actualización de aspecto","videoURL":null,"new_image_fase":"final","action":"upload_image","image_descriptions":{"527":null,"529":null,"530":null,"531":null},"conclusion":null,"new_project_image":{"Illuminate\\Http\\UploadedFile":"/tmp/phpdPnpWs"}} 
[2026-05-10 22:57:36] production.INFO: UPLOAD IMAGE REQUEST {"_token":"MNyyx04drqbvGzkZIo9Ps15ygtmdDbaiS2lwEIbG","_method":"PUT","title":"Restauración y personalización de seat ibiza 6l","abstract":"Potenciación del motor con cambio de piezas, mejora de piezas de carrocería y las del interior a la versión cupra y personalización de la carrocería (pintura)","videoURL":null,"new_image_fase":"header","action":"upload_image","conclusion":null,"new_project_image":{"Illuminate\\Http\\UploadedFile":"/tmp/php87AEQI"}} 
[2026-05-10 23:20:26] production.INFO: UPLOAD IMAGE REQUEST {"_token":"MNyyx04drqbvGzkZIo9Ps15ygtmdDbaiS2lwEIbG","_method":"PUT","title":"Restauración y personalización de seat ibiza 6l","abstract":"Mejora de piezas a la versión cupra y chapa y pintura personalizada en naranja tricapa y potenciación mecánica, suspensión roscada, escape recto y reprogramación a medida.","tipos":["1","2","7"],"videoURL":null,"new_image_fase":"initial","action":"upload_image","conclusion":null,"new_project_image":{"Illuminate\\Http\\UploadedFile":"/tmp/phpJhwbsG"}} 
[2026-05-10 23:22:24] production.INFO: UPLOAD IMAGE REQUEST {"_token":"MNyyx04drqbvGzkZIo9Ps15ygtmdDbaiS2lwEIbG","_method":"PUT","title":"Restauración y personalización de seat ibiza 6l","abstract":"Potenciación del motor, mejora de piezas a la versión cupra y personalización de la carroceria","tipos":["1","2","7"],"videoURL":null,"new_image_fase":"final","action":"upload_image","image_descriptions":{"534":null},"conclusion":null,"new_project_image":{"Illuminate\\Http\\UploadedFile":"/tmp/phpUD7ouo"}} 
[2026-05-10 23:28:46] production.ERROR: Error Login Microsoft: Client error: `POST https://login.microsoftonline.com/common/oauth2/v2.0/token` resulted in a `400 Bad Request` response:
{"error":"invalid_grant","error_description":"AADSTS70008: The provided authorization code or refresh token has expired  (truncated...)
  
[2026-05-10 23:29:50] production.INFO: UPLOAD IMAGE REQUEST {"_token":"MNyyx04drqbvGzkZIo9Ps15ygtmdDbaiS2lwEIbG","_method":"PUT","title":"Restauración y personalización de seat ibiza 6l","abstract":"Potenciación del motor, mejora de piezas a la versión cupra y personalización de la carroceria","tipos":["1","2","7"],"videoURL":null,"new_image_fase":"procedimiento_1","action":"upload_image","image_descriptions":{"534":null,"535":null},"conclusion":null,"new_project_image":{"Illuminate\\Http\\UploadedFile":"/tmp/phpgtDyFJ"}} 
[2026-05-10 23:30:02] production.INFO: UPLOAD IMAGE REQUEST {"_token":"MNyyx04drqbvGzkZIo9Ps15ygtmdDbaiS2lwEIbG","_method":"PUT","title":"Restauración y personalización de seat ibiza 6l","abstract":"Potenciación del motor, mejora de piezas a la versión cupra y personalización de la carroceria","tipos":["1","2","7"],"videoURL":null,"new_image_fase":"procedimiento_1","action":"upload_image","image_descriptions":{"534":null,"535":null,"536":null},"conclusion":null,"new_project_image":{"Illuminate\\Http\\UploadedFile":"/tmp/phpVXV8IU"}} 
[2026-05-10 23:43:31] production.INFO: UPLOAD IMAGE REQUEST {"_token":"MNyyx04drqbvGzkZIo9Ps15ygtmdDbaiS2lwEIbG","_method":"PUT","title":"Restauración y personalización de seat ibiza 6l","abstract":"Potenciación del motor y mejora de la suspensión, cambio de carrocería a la versión cupra (paragolpes, rejillas, alerón) y interior cupra. Arreglar todas las imperfecciones de la carrocería y cambio de color a un naranja tricapa combinando el techo y capo en negro.","tipos":["1","2","7"],"videoURL":null,"new_image_fase":"procedimiento_1","action":"upload_image","image_descriptions":{"534":null,"535":null},"conclusion":null,"new_project_image":{"Illuminate\\Http\\UploadedFile":"/tmp/phpeh5pDO"}} 
[2026-05-10 23:43:52] production.INFO: UPLOAD IMAGE REQUEST {"_token":"MNyyx04drqbvGzkZIo9Ps15ygtmdDbaiS2lwEIbG","_method":"PUT","title":"Restauración y personalización de seat ibiza 6l","abstract":"Potenciación del motor y mejora de la suspensión, cambio de carrocería a la versión cupra (paragolpes, rejillas, alerón) y interior cupra. Arreglar todas las imperfecciones de la carrocería y cambio de color a un naranja tricapa combinando el techo y capo en negro.","tipos":["1","2","7"],"videoURL":null,"new_image_fase":"procedimiento_2","action":"upload_image","image_descriptions":{"534":null,"535":null,"538":null},"conclusion":null,"new_project_image":{"Illuminate\\Http\\UploadedFile":"/tmp/phpZJwl0C"}} 
[2026-05-10 23:45:24] production.INFO: UPLOAD IMAGE REQUEST {"_token":"MNyyx04drqbvGzkZIo9Ps15ygtmdDbaiS2lwEIbG","_method":"PUT","title":"Restauración y personalización de seat ibiza 6l","abstract":"Potenciación del motor y mejora de la suspensión, cambio de carrocería a la versión cupra (paragolpes, rejillas, alerón) y interior cupra. Arreglar todas las imperfecciones de la carrocería y cambio de color a un naranja tricapa combinando el techo y capo en negro.","tipos":["1","2","7"],"videoURL":null,"new_image_fase":"procedimiento_2","action":"upload_image","image_descriptions":{"534":null,"535":null,"538":null,"539":null},"conclusion":null,"new_project_image":{"Illuminate\\Http\\UploadedFile":"/tmp/phpHNG7it"}} 
[2026-05-10 23:45:44] production.INFO: UPLOAD IMAGE REQUEST {"_token":"MNyyx04drqbvGzkZIo9Ps15ygtmdDbaiS2lwEIbG","_method":"PUT","title":"Restauración y personalización de seat ibiza 6l","abstract":"Potenciación del motor y mejora de la suspensión, cambio de carrocería a la versión cupra (paragolpes, rejillas, alerón) y interior cupra. Arreglar todas las imperfecciones de la carrocería y cambio de color a un naranja tricapa combinando el techo y capo en negro.","tipos":["1","2","7"],"videoURL":null,"new_image_fase":"procedimiento_3","action":"upload_image","image_descriptions":{"534":null,"535":null,"538":null,"540":null},"conclusion":null,"new_project_image":{"Illuminate\\Http\\UploadedFile":"/tmp/phpBO1MCI"}} 
