[2026-05-16 06:44:11] production.INFO: UPLOAD IMAGE REQUEST {"_token":"Jep6iWwKnj95vvtLWKh8QutF3RRKbIfUyc3wUORY","_method":"PUT","title":"Toyota Auris.","abstract":"Mi proyecto va sobre un coche que era de mi tío y mi me lo regalaron y tiene  285.000km y no le han echo sus mantenimientos al día y faltan que nunca se han echo, entonces este trabajo se trata de arreglarles las cosas de mecánica, chapa y extras mas moderno para que sea mi coche de diario.","tipos":["1","6","7"],"videoURL":null,"new_image_fase":"final","action":"upload_image","image_descriptions":{"312":"Estaba en un estado muy sucio lleno de arañazos y bollos, rezume de aceite , cadena estirada fuelle roto","313":"Cambiar suspensiones, limpiar todo y reparar palier.","314":"cambiar cadena de distribución, correa poli V, bomba de agua, cambiar retenes y juntas, limpiar todo sobre todo la chupona, hacer mantenimiento basico.","315":"Reparar chapa y pintar(como se ha podido)"},"conclusion":"Este coche me ha servido para aprender muchísimo, para tener coche de diario para dejar este coche como el primer día para superarme a mi para ver que soy capaz de hacer todo lo que me proponga para superar todos los percances (que no han sido pocos) y para hacerlo mucho mas moderno y atractivo.","new_project_image":{"Illuminate\\Http\\UploadedFile":"/tmp/phpmJ4v2w"}} 
[2026-05-16 06:59:30] production.ERROR: SQLSTATE[22001]: String data, right truncated: 1406 Data too long for column 'videoURL' at row 1 (Connection: mysql, SQL: update `projects` set `videoURL` = https://monlaues-my.sharepoint.com/:v:/g/personal/emiliomollil_campus_monlau_com/IQALGN-K1eJ0TpLCi0Jy-z8KATk3wjyNVJkqBE16S-eMYXU?nav=eyJyZWZlcnJhbEluZm8iOnsicmVmZXJyYWxBcHAiOiJPbmVEcml2ZUZvckJ1c2luZXNzIiwicmVmZXJyYWxBcHBQbGF0Zm9ybSI6IldlYiIsInJlZmVycmFsTW9kZSI6InZpZXciLCJyZWZlcnJhbFZpZXciOiJNeUZpbGVzTGlua0NvcHkifX0&e=IwRvib where `idProject` = 200) {"userId":1005,"exception":"[object] (Illuminate\\Database\\QueryException(code: 22001): SQLSTATE[22001]: String data, right truncated: 1406 Data too long for column 'videoURL' at row 1 (Connection: mysql, SQL: update `projects` set `videoURL` = https://monlaues-my.sharepoint.com/:v:/g/personal/emiliomollil_campus_monlau_com/IQALGN-K1eJ0TpLCi0Jy-z8KATk3wjyNVJkqBE16S-eMYXU?nav=eyJyZWZlcnJhbEluZm8iOnsicmVmZXJyYWxBcHAiOiJPbmVEcml2ZUZvckJ1c2luZXNzIiwicmVmZXJyYWxBcHBQbGF0Zm9ybSI6IldlYiIsInJlZmVycmFsTW9kZSI6InZpZXciLCJyZWZlcnJhbFZpZXciOiJNeUZpbGVzTGlua0NvcHkifX0&e=IwRvib where `idProject` = 200) at /var/www/jornada-automocion-api/vendor/laravel/framework/src/Illuminate/Database/Connection.php:825)
[stacktrace]
#0 /var/www/jornada-automocion-api/vendor/laravel/framework/src/Illuminate/Database/Connection.php(779): Illuminate\\Database\\Connection->runQueryCallback()
#1 /var/www/jornada-automocion-api/vendor/laravel/framework/src/Illuminate/Database/Connection.php(584): Illuminate\\Database\\Connection->run()
#2 /var/www/jornada-automocion-api/vendor/laravel/framework/src/Illuminate/Database/Connection.php(536): Illuminate\\Database\\Connection->affectingStatement()
#3 /var/www/jornada-automocion-api/vendor/laravel/framework/src/Illuminate/Database/Query/Builder.php(3830): Illuminate\\Database\\Connection->update()
#4 /var/www/jornada-automocion-api/vendor/laravel/framework/src/Illuminate/Database/Eloquent/Builder.php(1175): Illuminate\\Database\\Query\\Builder->update()
#5 /var/www/jornada-automocion-api/vendor/laravel/framework/src/Illuminate/Database/Eloquent/Model.php(1239): Illuminate\\Database\\Eloquent\\Builder->update()
#6 /var/www/jornada-automocion-api/vendor/laravel/framework/src/Illuminate/Database/Eloquent/Model.php(1156): Illuminate\\Database\\Eloquent\\Model->performUpdate()
#7 /var/www/jornada-automocion-api/app/Http/Controllers/ProjectController.php(332): Illuminate\\Database\\Eloquent\\Model->save()
#8 /var/www/jornada-automocion-api/vendor/laravel/framework/src/Illuminate/Routing/ControllerDispatcher.php(47): App\\Http\\Controllers\\ProjectController->update()
#9 /var/www/jornada-automocion-api/vendor/laravel/framework/src/Illuminate/Routing/Route.php(266): Illuminate\\Routing\\ControllerDispatcher->dispatch()
#10 /var/www/jornada-automocion-api/vendor/laravel/framework/src/Illuminate/Routing/Route.php(212): Illuminate\\Routing\\Route->runController()
#11 /var/www/jornada-automocion-api/vendor/laravel/framework/src/Illuminate/Routing/Router.php(808): Illuminate\\Routing\\Route->run()
#12 /var/www/jornada-automocion-api/vendor/laravel/framework/src/Illuminate/Pipeline/Pipeline.php(170): Illuminate\\Routing\\Router->Illuminate\\Routing\\{closure}()
#13 /var/www/jornada-automocion-api/app/Http/Middleware/CheckUserStatus.php(17): Illuminate\\Pipeline\\Pipeline->Illuminate\\Pipeline\\{closure}()
#14 /var/www/jornada-automocion-api/vendor/laravel/framework/src/Illuminate/Pipeline/Pipeline.php(209): App\\Http\\Middleware\\CheckUserStatus->handle()
#15 /var/www/jornada-automocion-api/app/Http/Middleware/RoleMiddleware.php(25): Illuminate\\Pipeline\\Pipeline->Illuminate\\Pipeline\\{closure}()
#16 /var/www/jornada-automocion-api/vendor/laravel/framework/src/Illuminate/Pipeline/Pipeline.php(209): App\\Http\\Middleware\\RoleMiddleware->handle()
#17 /var/www/jornada-automocion-api/vendor/laravel/framework/src/Illuminate/Routing/Middleware/SubstituteBindings.php(51): Illuminate\\Pipeline\\Pipeline->Illuminate\\Pipeline\\{closure}()
#18 /var/www/jornada-automocion-api/vendor/laravel/framework/src/Illuminate/Pipeline/Pipeline.php(209): Illuminate\\Routing\\Middleware\\SubstituteBindings->handle()
#19 /var/www/jornada-automocion-api/vendor/laravel/framework/src/Illuminate/Auth/Middleware/Authenticate.php(64): Illuminate\\Pipeline\\Pipeline->Illuminate\\Pipeline\\{closure}()
#20 /var/www/jornada-automocion-api/vendor/laravel/framework/src/Illuminate/Pipeline/Pipeline.php(209): Illuminate\\Auth\\Middleware\\Authenticate->handle()
#21 /var/www/jornada-automocion-api/vendor/laravel/framework/src/Illuminate/Foundation/Http/Middleware/VerifyCsrfToken.php(88): Illuminate\\Pipeline\\Pipeline->Illuminate\\Pipeline\\{closure}()
#22 /var/www/jornada-automocion-api/vendor/laravel/framework/src/Illuminate/Pipeline/Pipeline.php(209): Illuminate\\Foundation\\Http\\Middleware\\VerifyCsrfToken->handle()
#23 /var/www/jornada-automocion-api/vendor/laravel/framework/src/Illuminate/View/Middleware/ShareErrorsFromSession.php(49): Illuminate\\Pipeline\\Pipeline->Illuminate\\Pipeline\\{closure}()
#24 /var/www/jornada-automocion-api/vendor/laravel/framework/src/Illuminate/Pipeline/Pipeline.php(209): Illuminate\\View\\Middleware\\ShareErrorsFromSession->handle()
#25 /var/www/jornada-automocion-api/vendor/laravel/framework/src/Illuminate/Session/Middleware/StartSession.php(121): Illuminate\\Pipeline\\Pipeline->Illuminate\\Pipeline\\{closure}()
#26 /var/www/jornada-automocion-api/vendor/laravel/framework/src/Illuminate/Session/Middleware/StartSession.php(64): Illuminate\\Session\\Middleware\\StartSession->handleStatefulRequest()
#27 /var/www/jornada-automocion-api/vendor/laravel/framework/src/Illuminate/Pipeline/Pipeline.php(209): Illuminate\\Session\\Middleware\\StartSession->handle()
#28 /var/www/jornada-automocion-api/vendor/laravel/framework/src/Illuminate/Cookie/Middleware/AddQueuedCookiesToResponse.php(37): Illuminate\\Pipeline\\Pipeline->Illuminate\\Pipeline\\{closure}()
#29 /var/www/jornada-automocion-api/vendor/laravel/framework/src/Illuminate/Pipeline/Pipeline.php(209): Illuminate\\Cookie\\Middleware\\AddQueuedCookiesToResponse->handle()
#30 /var/www/jornada-automocion-api/vendor/laravel/framework/src/Illuminate/Cookie/Middleware/EncryptCookies.php(75): Illuminate\\Pipeline\\Pipeline->Illuminate\\Pipeline\\{closure}()
#31 /var/www/jornada-automocion-api/vendor/laravel/framework/src/Illuminate/Pipeline/Pipeline.php(209): Illuminate\\Cookie\\Middleware\\EncryptCookies->handle()
#32 /var/www/jornada-automocion-api/vendor/laravel/framework/src/Illuminate/Pipeline/Pipeline.php(127): Illuminate\\Pipeline\\Pipeline->Illuminate\\Pipeline\\{closure}()
#33 /var/www/jornada-automocion-api/vendor/laravel/framework/src/Illuminate/Routing/Router.php(807): Illuminate\\Pipeline\\Pipeline->then()
#34 /var/www/jornada-automocion-api/vendor/laravel/framework/src/Illuminate/Routing/Router.php(786): Illuminate\\Routing\\Router->runRouteWithinStack()
#35 /var/www/jornada-automocion-api/vendor/laravel/framework/src/Illuminate/Routing/Router.php(750): Illuminate\\Routing\\Router->runRoute()
#36 /var/www/jornada-automocion-api/vendor/laravel/framework/src/Illuminate/Routing/Router.php(739): Illuminate\\Routing\\Router->dispatchToRoute()
#37 /var/www/jornada-automocion-api/vendor/laravel/framework/src/Illuminate/Foundation/Http/Kernel.php(201): Illuminate\\Routing\\Router->dispatch()
#38 /var/www/jornada-automocion-api/vendor/laravel/framework/src/Illuminate/Pipeline/Pipeline.php(170): Illuminate\\Foundation\\Http\\Kernel->Illuminate\\Foundation\\Http\\{closure}()
#39 /var/www/jornada-automocion-api/vendor/livewire/livewire/src/Features/SupportDisablingBackButtonCache/DisableBackButtonCacheMiddleware.php(19): Illuminate\\Pipeline\\Pipeline->Illuminate\\Pipeline\\{closure}()
#40 /var/www/jornada-automocion-api/vendor/laravel/framework/src/Illuminate/Pipeline/Pipeline.php(209): Livewire\\Features\\SupportDisablingBackButtonCache\\DisableBackButtonCacheMiddleware->handle()
#41 /var/www/jornada-automocion-api/vendor/laravel/framework/src/Illuminate/Foundation/Http/Middleware/TransformsRequest.php(21): Illuminate\\Pipeline\\Pipeline->Illuminate\\Pipeline\\{closure}()
#42 /var/www/jornada-automocion-api/vendor/laravel/framework/src/Illuminate/Foundation/Http/Middleware/ConvertEmptyStringsToNull.php(31): Illuminate\\Foundation\\Http\\Middleware\\TransformsRequest->handle()
#43 /var/www/jornada-automocion-api/vendor/laravel/framework/src/Illuminate/Pipeline/Pipeline.php(209): Illuminate\\Foundation\\Http\\Middleware\\ConvertEmptyStringsToNull->handle()
#44 /var/www/jornada-automocion-api/vendor/laravel/framework/src/Illuminate/Foundation/Http/Middleware/TransformsRequest.php(21): Illuminate\\Pipeline\\Pipeline->Illuminate\\Pipeline\\{closure}()
#45 /var/www/jornada-automocion-api/vendor/laravel/framework/src/Illuminate/Foundation/Http/Middleware/TrimStrings.php(51): Illuminate\\Foundation\\Http\\Middleware\\TransformsRequest->handle()
#46 /var/www/jornada-automocion-api/vendor/laravel/framework/src/Illuminate/Pipeline/Pipeline.php(209): Illuminate\\Foundation\\Http\\Middleware\\TrimStrings->handle()
#47 /var/www/jornada-automocion-api/vendor/laravel/framework/src/Illuminate/Http/Middleware/ValidatePostSize.php(27): Illuminate\\Pipeline\\Pipeline->Illuminate\\Pipeline\\{closure}()
#48 /var/www/jornada-automocion-api/vendor/laravel/framework/src/Illuminate/Pipeline/Pipeline.php(209): Illuminate\\Http\\Middleware\\ValidatePostSize->handle()
#49 /var/www/jornada-automocion-api/vendor/laravel/framework/src/Illuminate/Foundation/Http/Middleware/PreventRequestsDuringMaintenance.php(110): Illuminate\\Pipeline\\Pipeline->Illuminate\\Pipeline\\{closure}()
#50 /var/www/jornada-automocion-api/vendor/laravel/framework/src/Illuminate/Pipeline/Pipeline.php(209): Illuminate\\Foundation\\Http\\Middleware\\PreventRequestsDuringMaintenance->handle()
#51 /var/www/jornada-automocion-api/vendor/laravel/framework/src/Illuminate/Http/Middleware/HandleCors.php(49): Illuminate\\Pipeline\\Pipeline->Illuminate\\Pipeline\\{closure}()
#52 /var/www/jornada-automocion-api/vendor/laravel/framework/src/Illuminate/Pipeline/Pipeline.php(209): Illuminate\\Http\\Middleware\\HandleCors->handle()
#53 /var/www/jornada-automocion-api/vendor/laravel/framework/src/Illuminate/Http/Middleware/TrustProxies.php(58): Illuminate\\Pipeline\\Pipeline->Illuminate\\Pipeline\\{closure}()
#54 /var/www/jornada-automocion-api/vendor/laravel/framework/src/Illuminate/Pipeline/Pipeline.php(209): Illuminate\\Http\\Middleware\\TrustProxies->handle()
#55 /var/www/jornada-automocion-api/vendor/laravel/framework/src/Illuminate/Foundation/Http/Middleware/InvokeDeferredCallbacks.php(22): Illuminate\\Pipeline\\Pipeline->Illuminate\\Pipeline\\{closure}()
#56 /var/www/jornada-automocion-api/vendor/laravel/framework/src/Illuminate/Pipeline/Pipeline.php(209): Illuminate\\Foundation\\Http\\Middleware\\InvokeDeferredCallbacks->handle()
#57 /var/www/jornada-automocion-api/vendor/laravel/framework/src/Illuminate/Pipeline/Pipeline.php(127): Illuminate\\Pipeline\\Pipeline->Illuminate\\Pipeline\\{closure}()
#58 /var/www/jornada-automocion-api/vendor/laravel/framework/src/Illuminate/Foundation/Http/Kernel.php(176): Illuminate\\Pipeline\\Pipeline->then()
#59 /var/www/jornada-automocion-api/vendor/laravel/framework/src/Illuminate/Foundation/Http/Kernel.php(145): Illuminate\\Foundation\\Http\\Kernel->sendRequestThroughRouter()
#60 /var/www/jornada-automocion-api/vendor/laravel/framework/src/Illuminate/Foundation/Application.php(1220): Illuminate\\Foundation\\Http\\Kernel->handle()
#61 /var/www/jornada-automocion-api/public/index.php(17): Illuminate\\Foundation\\Application->handleRequest()
#62 {main}

[previous exception] [object] (PDOException(code: 22001): SQLSTATE[22001]: String data, right truncated: 1406 Data too long for column 'videoURL' at row 1 at /var/www/jornada-automocion-api/vendor/laravel/framework/src/Illuminate/Database/Connection.php:596)
[stacktrace]
#0 /var/www/jornada-automocion-api/vendor/laravel/framework/src/Illuminate/Database/Connection.php(596): PDOStatement->execute()
#1 /var/www/jornada-automocion-api/vendor/laravel/framework/src/Illuminate/Database/Connection.php(812): Illuminate\\Database\\Connection->Illuminate\\Database\\{closure}()
#2 /var/www/jornada-automocion-api/vendor/laravel/framework/src/Illuminate/Database/Connection.php(779): Illuminate\\Database\\Connection->runQueryCallback()
#3 /var/www/jornada-automocion-api/vendor/laravel/framework/src/Illuminate/Database/Connection.php(584): Illuminate\\Database\\Connection->run()
#4 /var/www/jornada-automocion-api/vendor/laravel/framework/src/Illuminate/Database/Connection.php(536): Illuminate\\Database\\Connection->affectingStatement()
#5 /var/www/jornada-automocion-api/vendor/laravel/framework/src/Illuminate/Database/Query/Builder.php(3830): Illuminate\\Database\\Connection->update()
#6 /var/www/jornada-automocion-api/vendor/laravel/framework/src/Illuminate/Database/Eloquent/Builder.php(1175): Illuminate\\Database\\Query\\Builder->update()
#7 /var/www/jornada-automocion-api/vendor/laravel/framework/src/Illuminate/Database/Eloquent/Model.php(1239): Illuminate\\Database\\Eloquent\\Builder->update()
#8 /var/www/jornada-automocion-api/vendor/laravel/framework/src/Illuminate/Database/Eloquent/Model.php(1156): Illuminate\\Database\\Eloquent\\Model->performUpdate()
#9 /var/www/jornada-automocion-api/app/Http/Controllers/ProjectController.php(332): Illuminate\\Database\\Eloquent\\Model->save()
#10 /var/www/jornada-automocion-api/vendor/laravel/framework/src/Illuminate/Routing/ControllerDispatcher.php(47): App\\Http\\Controllers\\ProjectController->update()
#11 /var/www/jornada-automocion-api/vendor/laravel/framework/src/Illuminate/Routing/Route.php(266): Illuminate\\Routing\\ControllerDispatcher->dispatch()
#12 /var/www/jornada-automocion-api/vendor/laravel/framework/src/Illuminate/Routing/Route.php(212): Illuminate\\Routing\\Route->runController()
#13 /var/www/jornada-automocion-api/vendor/laravel/framework/src/Illuminate/Routing/Router.php(808): Illuminate\\Routing\\Route->run()
#14 /var/www/jornada-automocion-api/vendor/laravel/framework/src/Illuminate/Pipeline/Pipeline.php(170): Illuminate\\Routing\\Router->Illuminate\\Routing\\{closure}()
#15 /var/www/jornada-automocion-api/app/Http/Middleware/CheckUserStatus.php(17): Illuminate\\Pipeline\\Pipeline->Illuminate\\Pipeline\\{closure}()
#16 /var/www/jornada-automocion-api/vendor/laravel/framework/src/Illuminate/Pipeline/Pipeline.php(209): App\\Http\\Middleware\\CheckUserStatus->handle()
#17 /var/www/jornada-automocion-api/app/Http/Middleware/RoleMiddleware.php(25): Illuminate\\Pipeline\\Pipeline->Illuminate\\Pipeline\\{closure}()
#18 /var/www/jornada-automocion-api/vendor/laravel/framework/src/Illuminate/Pipeline/Pipeline.php(209): App\\Http\\Middleware\\RoleMiddleware->handle()
#19 /var/www/jornada-automocion-api/vendor/laravel/framework/src/Illuminate/Routing/Middleware/SubstituteBindings.php(51): Illuminate\\Pipeline\\Pipeline->Illuminate\\Pipeline\\{closure}()
#20 /var/www/jornada-automocion-api/vendor/laravel/framework/src/Illuminate/Pipeline/Pipeline.php(209): Illuminate\\Routing\\Middleware\\SubstituteBindings->handle()
#21 /var/www/jornada-automocion-api/vendor/laravel/framework/src/Illuminate/Auth/Middleware/Authenticate.php(64): Illuminate\\Pipeline\\Pipeline->Illuminate\\Pipeline\\{closure}()
#22 /var/www/jornada-automocion-api/vendor/laravel/framework/src/Illuminate/Pipeline/Pipeline.php(209): Illuminate\\Auth\\Middleware\\Authenticate->handle()
#23 /var/www/jornada-automocion-api/vendor/laravel/framework/src/Illuminate/Foundation/Http/Middleware/VerifyCsrfToken.php(88): Illuminate\\Pipeline\\Pipeline->Illuminate\\Pipeline\\{closure}()
#24 /var/www/jornada-automocion-api/vendor/laravel/framework/src/Illuminate/Pipeline/Pipeline.php(209): Illuminate\\Foundation\\Http\\Middleware\\VerifyCsrfToken->handle()
#25 /var/www/jornada-automocion-api/vendor/laravel/framework/src/Illuminate/View/Middleware/ShareErrorsFromSession.php(49): Illuminate\\Pipeline\\Pipeline->Illuminate\\Pipeline\\{closure}()
#26 /var/www/jornada-automocion-api/vendor/laravel/framework/src/Illuminate/Pipeline/Pipeline.php(209): Illuminate\\View\\Middleware\\ShareErrorsFromSession->handle()
#27 /var/www/jornada-automocion-api/vendor/laravel/framework/src/Illuminate/Session/Middleware/StartSession.php(121): Illuminate\\Pipeline\\Pipeline->Illuminate\\Pipeline\\{closure}()
#28 /var/www/jornada-automocion-api/vendor/laravel/framework/src/Illuminate/Session/Middleware/StartSession.php(64): Illuminate\\Session\\Middleware\\StartSession->handleStatefulRequest()
#29 /var/www/jornada-automocion-api/vendor/laravel/framework/src/Illuminate/Pipeline/Pipeline.php(209): Illuminate\\Session\\Middleware\\StartSession->handle()
#30 /var/www/jornada-automocion-api/vendor/laravel/framework/src/Illuminate/Cookie/Middleware/AddQueuedCookiesToResponse.php(37): Illuminate\\Pipeline\\Pipeline->Illuminate\\Pipeline\\{closure}()
#31 /var/www/jornada-automocion-api/vendor/laravel/framework/src/Illuminate/Pipeline/Pipeline.php(209): Illuminate\\Cookie\\Middleware\\AddQueuedCookiesToResponse->handle()
#32 /var/www/jornada-automocion-api/vendor/laravel/framework/src/Illuminate/Cookie/Middleware/EncryptCookies.php(75): Illuminate\\Pipeline\\Pipeline->Illuminate\\Pipeline\\{closure}()
#33 /var/www/jornada-automocion-api/vendor/laravel/framework/src/Illuminate/Pipeline/Pipeline.php(209): Illuminate\\Cookie\\Middleware\\EncryptCookies->handle()
#34 /var/www/jornada-automocion-api/vendor/laravel/framework/src/Illuminate/Pipeline/Pipeline.php(127): Illuminate\\Pipeline\\Pipeline->Illuminate\\Pipeline\\{closure}()
#35 /var/www/jornada-automocion-api/vendor/laravel/framework/src/Illuminate/Routing/Router.php(807): Illuminate\\Pipeline\\Pipeline->then()
#36 /var/www/jornada-automocion-api/vendor/laravel/framework/src/Illuminate/Routing/Router.php(786): Illuminate\\Routing\\Router->runRouteWithinStack()
#37 /var/www/jornada-automocion-api/vendor/laravel/framework/src/Illuminate/Routing/Router.php(750): Illuminate\\Routing\\Router->runRoute()
#38 /var/www/jornada-automocion-api/vendor/laravel/framework/src/Illuminate/Routing/Router.php(739): Illuminate\\Routing\\Router->dispatchToRoute()
#39 /var/www/jornada-automocion-api/vendor/laravel/framework/src/Illuminate/Foundation/Http/Kernel.php(201): Illuminate\\Routing\\Router->dispatch()
#40 /var/www/jornada-automocion-api/vendor/laravel/framework/src/Illuminate/Pipeline/Pipeline.php(170): Illuminate\\Foundation\\Http\\Kernel->Illuminate\\Foundation\\Http\\{closure}()
#41 /var/www/jornada-automocion-api/vendor/livewire/livewire/src/Features/SupportDisablingBackButtonCache/DisableBackButtonCacheMiddleware.php(19): Illuminate\\Pipeline\\Pipeline->Illuminate\\Pipeline\\{closure}()
#42 /var/www/jornada-automocion-api/vendor/laravel/framework/src/Illuminate/Pipeline/Pipeline.php(209): Livewire\\Features\\SupportDisablingBackButtonCache\\DisableBackButtonCacheMiddleware->handle()
#43 /var/www/jornada-automocion-api/vendor/laravel/framework/src/Illuminate/Foundation/Http/Middleware/TransformsRequest.php(21): Illuminate\\Pipeline\\Pipeline->Illuminate\\Pipeline\\{closure}()
#44 /var/www/jornada-automocion-api/vendor/laravel/framework/src/Illuminate/Foundation/Http/Middleware/ConvertEmptyStringsToNull.php(31): Illuminate\\Foundation\\Http\\Middleware\\TransformsRequest->handle()
#45 /var/www/jornada-automocion-api/vendor/laravel/framework/src/Illuminate/Pipeline/Pipeline.php(209): Illuminate\\Foundation\\Http\\Middleware\\ConvertEmptyStringsToNull->handle()
#46 /var/www/jornada-automocion-api/vendor/laravel/framework/src/Illuminate/Foundation/Http/Middleware/TransformsRequest.php(21): Illuminate\\Pipeline\\Pipeline->Illuminate\\Pipeline\\{closure}()
#47 /var/www/jornada-automocion-api/vendor/laravel/framework/src/Illuminate/Foundation/Http/Middleware/TrimStrings.php(51): Illuminate\\Foundation\\Http\\Middleware\\TransformsRequest->handle()
#48 /var/www/jornada-automocion-api/vendor/laravel/framework/src/Illuminate/Pipeline/Pipeline.php(209): Illuminate\\Foundation\\Http\\Middleware\\TrimStrings->handle()
#49 /var/www/jornada-automocion-api/vendor/laravel/framework/src/Illuminate/Http/Middleware/ValidatePostSize.php(27): Illuminate\\Pipeline\\Pipeline->Illuminate\\Pipeline\\{closure}()
#50 /var/www/jornada-automocion-api/vendor/laravel/framework/src/Illuminate/Pipeline/Pipeline.php(209): Illuminate\\Http\\Middleware\\ValidatePostSize->handle()
#51 /var/www/jornada-automocion-api/vendor/laravel/framework/src/Illuminate/Foundation/Http/Middleware/PreventRequestsDuringMaintenance.php(110): Illuminate\\Pipeline\\Pipeline->Illuminate\\Pipeline\\{closure}()
#52 /var/www/jornada-automocion-api/vendor/laravel/framework/src/Illuminate/Pipeline/Pipeline.php(209): Illuminate\\Foundation\\Http\\Middleware\\PreventRequestsDuringMaintenance->handle()
#53 /var/www/jornada-automocion-api/vendor/laravel/framework/src/Illuminate/Http/Middleware/HandleCors.php(49): Illuminate\\Pipeline\\Pipeline->Illuminate\\Pipeline\\{closure}()
#54 /var/www/jornada-automocion-api/vendor/laravel/framework/src/Illuminate/Pipeline/Pipeline.php(209): Illuminate\\Http\\Middleware\\HandleCors->handle()
#55 /var/www/jornada-automocion-api/vendor/laravel/framework/src/Illuminate/Http/Middleware/TrustProxies.php(58): Illuminate\\Pipeline\\Pipeline->Illuminate\\Pipeline\\{closure}()
#56 /var/www/jornada-automocion-api/vendor/laravel/framework/src/Illuminate/Pipeline/Pipeline.php(209): Illuminate\\Http\\Middleware\\TrustProxies->handle()
#57 /var/www/jornada-automocion-api/vendor/laravel/framework/src/Illuminate/Foundation/Http/Middleware/InvokeDeferredCallbacks.php(22): Illuminate\\Pipeline\\Pipeline->Illuminate\\Pipeline\\{closure}()
#58 /var/www/jornada-automocion-api/vendor/laravel/framework/src/Illuminate/Pipeline/Pipeline.php(209): Illuminate\\Foundation\\Http\\Middleware\\InvokeDeferredCallbacks->handle()
#59 /var/www/jornada-automocion-api/vendor/laravel/framework/src/Illuminate/Pipeline/Pipeline.php(127): Illuminate\\Pipeline\\Pipeline->Illuminate\\Pipeline\\{closure}()
#60 /var/www/jornada-automocion-api/vendor/laravel/framework/src/Illuminate/Foundation/Http/Kernel.php(176): Illuminate\\Pipeline\\Pipeline->then()
#61 /var/www/jornada-automocion-api/vendor/laravel/framework/src/Illuminate/Foundation/Http/Kernel.php(145): Illuminate\\Foundation\\Http\\Kernel->sendRequestThroughRouter()
#62 /var/www/jornada-automocion-api/vendor/laravel/framework/src/Illuminate/Foundation/Application.php(1220): Illuminate\\Foundation\\Http\\Kernel->handle()
#63 /var/www/jornada-automocion-api/public/index.php(17): Illuminate\\Foundation\\Application->handleRequest()
#64 {main}
"} 
[2026-05-16 07:00:06] production.ERROR: SQLSTATE[22001]: String data, right truncated: 1406 Data too long for column 'videoURL' at row 1 (Connection: mysql, SQL: update `projects` set `videoURL` = https://monlaues-my.sharepoint.com/:v:/g/personal/emiliomollil_campus_monlau_com/IQALGN-K1eJ0TpLCi0Jy-z8KATk3wjyNVJkqBE16S-eMYXU?nav=eyJyZWZlcnJhbEluZm8iOnsicmVmZXJyYWxBcHAiOiJPbmVEcml2ZUZvckJ1c2luZXNzIiwicmVmZXJyYWxBcHBQbGF0Zm9ybSI6IldlYiIsInJlZmVycmFsTW9kZSI6InZpZXciLCJyZWZlcnJhbFZpZXciOiJNeUZpbGVzTGlua0NvcHkifX0&e=IwRvib where `idProject` = 200) {"userId":1005,"exception":"[object] (Illuminate\\Database\\QueryException(code: 22001): SQLSTATE[22001]: String data, right truncated: 1406 Data too long for column 'videoURL' at row 1 (Connection: mysql, SQL: update `projects` set `videoURL` = https://monlaues-my.sharepoint.com/:v:/g/personal/emiliomollil_campus_monlau_com/IQALGN-K1eJ0TpLCi0Jy-z8KATk3wjyNVJkqBE16S-eMYXU?nav=eyJyZWZlcnJhbEluZm8iOnsicmVmZXJyYWxBcHAiOiJPbmVEcml2ZUZvckJ1c2luZXNzIiwicmVmZXJyYWxBcHBQbGF0Zm9ybSI6IldlYiIsInJlZmVycmFsTW9kZSI6InZpZXciLCJyZWZlcnJhbFZpZXciOiJNeUZpbGVzTGlua0NvcHkifX0&e=IwRvib where `idProject` = 200) at /var/www/jornada-automocion-api/vendor/laravel/framework/src/Illuminate/Database/Connection.php:825)
[stacktrace]
#0 /var/www/jornada-automocion-api/vendor/laravel/framework/src/Illuminate/Database/Connection.php(779): Illuminate\\Database\\Connection->runQueryCallback()
#1 /var/www/jornada-automocion-api/vendor/laravel/framework/src/Illuminate/Database/Connection.php(584): Illuminate\\Database\\Connection->run()
#2 /var/www/jornada-automocion-api/vendor/laravel/framework/src/Illuminate/Database/Connection.php(536): Illuminate\\Database\\Connection->affectingStatement()
#3 /var/www/jornada-automocion-api/vendor/laravel/framework/src/Illuminate/Database/Query/Builder.php(3830): Illuminate\\Database\\Connection->update()
#4 /var/www/jornada-automocion-api/vendor/laravel/framework/src/Illuminate/Database/Eloquent/Builder.php(1175): Illuminate\\Database\\Query\\Builder->update()
#5 /var/www/jornada-automocion-api/vendor/laravel/framework/src/Illuminate/Database/Eloquent/Model.php(1239): Illuminate\\Database\\Eloquent\\Builder->update()
#6 /var/www/jornada-automocion-api/vendor/laravel/framework/src/Illuminate/Database/Eloquent/Model.php(1156): Illuminate\\Database\\Eloquent\\Model->performUpdate()
#7 /var/www/jornada-automocion-api/app/Http/Controllers/ProjectController.php(332): Illuminate\\Database\\Eloquent\\Model->save()
#8 /var/www/jornada-automocion-api/vendor/laravel/framework/src/Illuminate/Routing/ControllerDispatcher.php(47): App\\Http\\Controllers\\ProjectController->update()
#9 /var/www/jornada-automocion-api/vendor/laravel/framework/src/Illuminate/Routing/Route.php(266): Illuminate\\Routing\\ControllerDispatcher->dispatch()
#10 /var/www/jornada-automocion-api/vendor/laravel/framework/src/Illuminate/Routing/Route.php(212): Illuminate\\Routing\\Route->runController()
#11 /var/www/jornada-automocion-api/vendor/laravel/framework/src/Illuminate/Routing/Router.php(808): Illuminate\\Routing\\Route->run()
#12 /var/www/jornada-automocion-api/vendor/laravel/framework/src/Illuminate/Pipeline/Pipeline.php(170): Illuminate\\Routing\\Router->Illuminate\\Routing\\{closure}()
#13 /var/www/jornada-automocion-api/app/Http/Middleware/CheckUserStatus.php(17): Illuminate\\Pipeline\\Pipeline->Illuminate\\Pipeline\\{closure}()
#14 /var/www/jornada-automocion-api/vendor/laravel/framework/src/Illuminate/Pipeline/Pipeline.php(209): App\\Http\\Middleware\\CheckUserStatus->handle()
#15 /var/www/jornada-automocion-api/app/Http/Middleware/RoleMiddleware.php(25): Illuminate\\Pipeline\\Pipeline->Illuminate\\Pipeline\\{closure}()
#16 /var/www/jornada-automocion-api/vendor/laravel/framework/src/Illuminate/Pipeline/Pipeline.php(209): App\\Http\\Middleware\\RoleMiddleware->handle()
#17 /var/www/jornada-automocion-api/vendor/laravel/framework/src/Illuminate/Routing/Middleware/SubstituteBindings.php(51): Illuminate\\Pipeline\\Pipeline->Illuminate\\Pipeline\\{closure}()
#18 /var/www/jornada-automocion-api/vendor/laravel/framework/src/Illuminate/Pipeline/Pipeline.php(209): Illuminate\\Routing\\Middleware\\SubstituteBindings->handle()
#19 /var/www/jornada-automocion-api/vendor/laravel/framework/src/Illuminate/Auth/Middleware/Authenticate.php(64): Illuminate\\Pipeline\\Pipeline->Illuminate\\Pipeline\\{closure}()
#20 /var/www/jornada-automocion-api/vendor/laravel/framework/src/Illuminate/Pipeline/Pipeline.php(209): Illuminate\\Auth\\Middleware\\Authenticate->handle()
#21 /var/www/jornada-automocion-api/vendor/laravel/framework/src/Illuminate/Foundation/Http/Middleware/VerifyCsrfToken.php(88): Illuminate\\Pipeline\\Pipeline->Illuminate\\Pipeline\\{closure}()
#22 /var/www/jornada-automocion-api/vendor/laravel/framework/src/Illuminate/Pipeline/Pipeline.php(209): Illuminate\\Foundation\\Http\\Middleware\\VerifyCsrfToken->handle()
#23 /var/www/jornada-automocion-api/vendor/laravel/framework/src/Illuminate/View/Middleware/ShareErrorsFromSession.php(49): Illuminate\\Pipeline\\Pipeline->Illuminate\\Pipeline\\{closure}()
#24 /var/www/jornada-automocion-api/vendor/laravel/framework/src/Illuminate/Pipeline/Pipeline.php(209): Illuminate\\View\\Middleware\\ShareErrorsFromSession->handle()
#25 /var/www/jornada-automocion-api/vendor/laravel/framework/src/Illuminate/Session/Middleware/StartSession.php(121): Illuminate\\Pipeline\\Pipeline->Illuminate\\Pipeline\\{closure}()
#26 /var/www/jornada-automocion-api/vendor/laravel/framework/src/Illuminate/Session/Middleware/StartSession.php(64): Illuminate\\Session\\Middleware\\StartSession->handleStatefulRequest()
#27 /var/www/jornada-automocion-api/vendor/laravel/framework/src/Illuminate/Pipeline/Pipeline.php(209): Illuminate\\Session\\Middleware\\StartSession->handle()
#28 /var/www/jornada-automocion-api/vendor/laravel/framework/src/Illuminate/Cookie/Middleware/AddQueuedCookiesToResponse.php(37): Illuminate\\Pipeline\\Pipeline->Illuminate\\Pipeline\\{closure}()
#29 /var/www/jornada-automocion-api/vendor/laravel/framework/src/Illuminate/Pipeline/Pipeline.php(209): Illuminate\\Cookie\\Middleware\\AddQueuedCookiesToResponse->handle()
#30 /var/www/jornada-automocion-api/vendor/laravel/framework/src/Illuminate/Cookie/Middleware/EncryptCookies.php(75): Illuminate\\Pipeline\\Pipeline->Illuminate\\Pipeline\\{closure}()
#31 /var/www/jornada-automocion-api/vendor/laravel/framework/src/Illuminate/Pipeline/Pipeline.php(209): Illuminate\\Cookie\\Middleware\\EncryptCookies->handle()
#32 /var/www/jornada-automocion-api/vendor/laravel/framework/src/Illuminate/Pipeline/Pipeline.php(127): Illuminate\\Pipeline\\Pipeline->Illuminate\\Pipeline\\{closure}()
#33 /var/www/jornada-automocion-api/vendor/laravel/framework/src/Illuminate/Routing/Router.php(807): Illuminate\\Pipeline\\Pipeline->then()
#34 /var/www/jornada-automocion-api/vendor/laravel/framework/src/Illuminate/Routing/Router.php(786): Illuminate\\Routing\\Router->runRouteWithinStack()
#35 /var/www/jornada-automocion-api/vendor/laravel/framework/src/Illuminate/Routing/Router.php(750): Illuminate\\Routing\\Router->runRoute()
#36 /var/www/jornada-automocion-api/vendor/laravel/framework/src/Illuminate/Routing/Router.php(739): Illuminate\\Routing\\Router->dispatchToRoute()
#37 /var/www/jornada-automocion-api/vendor/laravel/framework/src/Illuminate/Foundation/Http/Kernel.php(201): Illuminate\\Routing\\Router->dispatch()
#38 /var/www/jornada-automocion-api/vendor/laravel/framework/src/Illuminate/Pipeline/Pipeline.php(170): Illuminate\\Foundation\\Http\\Kernel->Illuminate\\Foundation\\Http\\{closure}()
#39 /var/www/jornada-automocion-api/vendor/livewire/livewire/src/Features/SupportDisablingBackButtonCache/DisableBackButtonCacheMiddleware.php(19): Illuminate\\Pipeline\\Pipeline->Illuminate\\Pipeline\\{closure}()
#40 /var/www/jornada-automocion-api/vendor/laravel/framework/src/Illuminate/Pipeline/Pipeline.php(209): Livewire\\Features\\SupportDisablingBackButtonCache\\DisableBackButtonCacheMiddleware->handle()
#41 /var/www/jornada-automocion-api/vendor/laravel/framework/src/Illuminate/Foundation/Http/Middleware/TransformsRequest.php(21): Illuminate\\Pipeline\\Pipeline->Illuminate\\Pipeline\\{closure}()
#42 /var/www/jornada-automocion-api/vendor/laravel/framework/src/Illuminate/Foundation/Http/Middleware/ConvertEmptyStringsToNull.php(31): Illuminate\\Foundation\\Http\\Middleware\\TransformsRequest->handle()
#43 /var/www/jornada-automocion-api/vendor/laravel/framework/src/Illuminate/Pipeline/Pipeline.php(209): Illuminate\\Foundation\\Http\\Middleware\\ConvertEmptyStringsToNull->handle()
#44 /var/www/jornada-automocion-api/vendor/laravel/framework/src/Illuminate/Foundation/Http/Middleware/TransformsRequest.php(21): Illuminate\\Pipeline\\Pipeline->Illuminate\\Pipeline\\{closure}()
#45 /var/www/jornada-automocion-api/vendor/laravel/framework/src/Illuminate/Foundation/Http/Middleware/TrimStrings.php(51): Illuminate\\Foundation\\Http\\Middleware\\TransformsRequest->handle()
#46 /var/www/jornada-automocion-api/vendor/laravel/framework/src/Illuminate/Pipeline/Pipeline.php(209): Illuminate\\Foundation\\Http\\Middleware\\TrimStrings->handle()
#47 /var/www/jornada-automocion-api/vendor/laravel/framework/src/Illuminate/Http/Middleware/ValidatePostSize.php(27): Illuminate\\Pipeline\\Pipeline->Illuminate\\Pipeline\\{closure}()
#48 /var/www/jornada-automocion-api/vendor/laravel/framework/src/Illuminate/Pipeline/Pipeline.php(209): Illuminate\\Http\\Middleware\\ValidatePostSize->handle()
#49 /var/www/jornada-automocion-api/vendor/laravel/framework/src/Illuminate/Foundation/Http/Middleware/PreventRequestsDuringMaintenance.php(110): Illuminate\\Pipeline\\Pipeline->Illuminate\\Pipeline\\{closure}()
#50 /var/www/jornada-automocion-api/vendor/laravel/framework/src/Illuminate/Pipeline/Pipeline.php(209): Illuminate\\Foundation\\Http\\Middleware\\PreventRequestsDuringMaintenance->handle()
#51 /var/www/jornada-automocion-api/vendor/laravel/framework/src/Illuminate/Http/Middleware/HandleCors.php(49): Illuminate\\Pipeline\\Pipeline->Illuminate\\Pipeline\\{closure}()
#52 /var/www/jornada-automocion-api/vendor/laravel/framework/src/Illuminate/Pipeline/Pipeline.php(209): Illuminate\\Http\\Middleware\\HandleCors->handle()
#53 /var/www/jornada-automocion-api/vendor/laravel/framework/src/Illuminate/Http/Middleware/TrustProxies.php(58): Illuminate\\Pipeline\\Pipeline->Illuminate\\Pipeline\\{closure}()
#54 /var/www/jornada-automocion-api/vendor/laravel/framework/src/Illuminate/Pipeline/Pipeline.php(209): Illuminate\\Http\\Middleware\\TrustProxies->handle()
#55 /var/www/jornada-automocion-api/vendor/laravel/framework/src/Illuminate/Foundation/Http/Middleware/InvokeDeferredCallbacks.php(22): Illuminate\\Pipeline\\Pipeline->Illuminate\\Pipeline\\{closure}()
#56 /var/www/jornada-automocion-api/vendor/laravel/framework/src/Illuminate/Pipeline/Pipeline.php(209): Illuminate\\Foundation\\Http\\Middleware\\InvokeDeferredCallbacks->handle()
#57 /var/www/jornada-automocion-api/vendor/laravel/framework/src/Illuminate/Pipeline/Pipeline.php(127): Illuminate\\Pipeline\\Pipeline->Illuminate\\Pipeline\\{closure}()
#58 /var/www/jornada-automocion-api/vendor/laravel/framework/src/Illuminate/Foundation/Http/Kernel.php(176): Illuminate\\Pipeline\\Pipeline->then()
#59 /var/www/jornada-automocion-api/vendor/laravel/framework/src/Illuminate/Foundation/Http/Kernel.php(145): Illuminate\\Foundation\\Http\\Kernel->sendRequestThroughRouter()
#60 /var/www/jornada-automocion-api/vendor/laravel/framework/src/Illuminate/Foundation/Application.php(1220): Illuminate\\Foundation\\Http\\Kernel->handle()
#61 /var/www/jornada-automocion-api/public/index.php(17): Illuminate\\Foundation\\Application->handleRequest()
#62 {main}

[previous exception] [object] (PDOException(code: 22001): SQLSTATE[22001]: String data, right truncated: 1406 Data too long for column 'videoURL' at row 1 at /var/www/jornada-automocion-api/vendor/laravel/framework/src/Illuminate/Database/Connection.php:596)
[stacktrace]
#0 /var/www/jornada-automocion-api/vendor/laravel/framework/src/Illuminate/Database/Connection.php(596): PDOStatement->execute()
#1 /var/www/jornada-automocion-api/vendor/laravel/framework/src/Illuminate/Database/Connection.php(812): Illuminate\\Database\\Connection->Illuminate\\Database\\{closure}()
#2 /var/www/jornada-automocion-api/vendor/laravel/framework/src/Illuminate/Database/Connection.php(779): Illuminate\\Database\\Connection->runQueryCallback()
#3 /var/www/jornada-automocion-api/vendor/laravel/framework/src/Illuminate/Database/Connection.php(584): Illuminate\\Database\\Connection->run()
#4 /var/www/jornada-automocion-api/vendor/laravel/framework/src/Illuminate/Database/Connection.php(536): Illuminate\\Database\\Connection->affectingStatement()
#5 /var/www/jornada-automocion-api/vendor/laravel/framework/src/Illuminate/Database/Query/Builder.php(3830): Illuminate\\Database\\Connection->update()
#6 /var/www/jornada-automocion-api/vendor/laravel/framework/src/Illuminate/Database/Eloquent/Builder.php(1175): Illuminate\\Database\\Query\\Builder->update()
#7 /var/www/jornada-automocion-api/vendor/laravel/framework/src/Illuminate/Database/Eloquent/Model.php(1239): Illuminate\\Database\\Eloquent\\Builder->update()
#8 /var/www/jornada-automocion-api/vendor/laravel/framework/src/Illuminate/Database/Eloquent/Model.php(1156): Illuminate\\Database\\Eloquent\\Model->performUpdate()
#9 /var/www/jornada-automocion-api/app/Http/Controllers/ProjectController.php(332): Illuminate\\Database\\Eloquent\\Model->save()
#10 /var/www/jornada-automocion-api/vendor/laravel/framework/src/Illuminate/Routing/ControllerDispatcher.php(47): App\\Http\\Controllers\\ProjectController->update()
#11 /var/www/jornada-automocion-api/vendor/laravel/framework/src/Illuminate/Routing/Route.php(266): Illuminate\\Routing\\ControllerDispatcher->dispatch()
#12 /var/www/jornada-automocion-api/vendor/laravel/framework/src/Illuminate/Routing/Route.php(212): Illuminate\\Routing\\Route->runController()
#13 /var/www/jornada-automocion-api/vendor/laravel/framework/src/Illuminate/Routing/Router.php(808): Illuminate\\Routing\\Route->run()
#14 /var/www/jornada-automocion-api/vendor/laravel/framework/src/Illuminate/Pipeline/Pipeline.php(170): Illuminate\\Routing\\Router->Illuminate\\Routing\\{closure}()
#15 /var/www/jornada-automocion-api/app/Http/Middleware/CheckUserStatus.php(17): Illuminate\\Pipeline\\Pipeline->Illuminate\\Pipeline\\{closure}()
#16 /var/www/jornada-automocion-api/vendor/laravel/framework/src/Illuminate/Pipeline/Pipeline.php(209): App\\Http\\Middleware\\CheckUserStatus->handle()
#17 /var/www/jornada-automocion-api/app/Http/Middleware/RoleMiddleware.php(25): Illuminate\\Pipeline\\Pipeline->Illuminate\\Pipeline\\{closure}()
#18 /var/www/jornada-automocion-api/vendor/laravel/framework/src/Illuminate/Pipeline/Pipeline.php(209): App\\Http\\Middleware\\RoleMiddleware->handle()
#19 /var/www/jornada-automocion-api/vendor/laravel/framework/src/Illuminate/Routing/Middleware/SubstituteBindings.php(51): Illuminate\\Pipeline\\Pipeline->Illuminate\\Pipeline\\{closure}()
#20 /var/www/jornada-automocion-api/vendor/laravel/framework/src/Illuminate/Pipeline/Pipeline.php(209): Illuminate\\Routing\\Middleware\\SubstituteBindings->handle()
#21 /var/www/jornada-automocion-api/vendor/laravel/framework/src/Illuminate/Auth/Middleware/Authenticate.php(64): Illuminate\\Pipeline\\Pipeline->Illuminate\\Pipeline\\{closure}()
#22 /var/www/jornada-automocion-api/vendor/laravel/framework/src/Illuminate/Pipeline/Pipeline.php(209): Illuminate\\Auth\\Middleware\\Authenticate->handle()
#23 /var/www/jornada-automocion-api/vendor/laravel/framework/src/Illuminate/Foundation/Http/Middleware/VerifyCsrfToken.php(88): Illuminate\\Pipeline\\Pipeline->Illuminate\\Pipeline\\{closure}()
#24 /var/www/jornada-automocion-api/vendor/laravel/framework/src/Illuminate/Pipeline/Pipeline.php(209): Illuminate\\Foundation\\Http\\Middleware\\VerifyCsrfToken->handle()
#25 /var/www/jornada-automocion-api/vendor/laravel/framework/src/Illuminate/View/Middleware/ShareErrorsFromSession.php(49): Illuminate\\Pipeline\\Pipeline->Illuminate\\Pipeline\\{closure}()
#26 /var/www/jornada-automocion-api/vendor/laravel/framework/src/Illuminate/Pipeline/Pipeline.php(209): Illuminate\\View\\Middleware\\ShareErrorsFromSession->handle()
#27 /var/www/jornada-automocion-api/vendor/laravel/framework/src/Illuminate/Session/Middleware/StartSession.php(121): Illuminate\\Pipeline\\Pipeline->Illuminate\\Pipeline\\{closure}()
#28 /var/www/jornada-automocion-api/vendor/laravel/framework/src/Illuminate/Session/Middleware/StartSession.php(64): Illuminate\\Session\\Middleware\\StartSession->handleStatefulRequest()
#29 /var/www/jornada-automocion-api/vendor/laravel/framework/src/Illuminate/Pipeline/Pipeline.php(209): Illuminate\\Session\\Middleware\\StartSession->handle()
#30 /var/www/jornada-automocion-api/vendor/laravel/framework/src/Illuminate/Cookie/Middleware/AddQueuedCookiesToResponse.php(37): Illuminate\\Pipeline\\Pipeline->Illuminate\\Pipeline\\{closure}()
#31 /var/www/jornada-automocion-api/vendor/laravel/framework/src/Illuminate/Pipeline/Pipeline.php(209): Illuminate\\Cookie\\Middleware\\AddQueuedCookiesToResponse->handle()
#32 /var/www/jornada-automocion-api/vendor/laravel/framework/src/Illuminate/Cookie/Middleware/EncryptCookies.php(75): Illuminate\\Pipeline\\Pipeline->Illuminate\\Pipeline\\{closure}()
#33 /var/www/jornada-automocion-api/vendor/laravel/framework/src/Illuminate/Pipeline/Pipeline.php(209): Illuminate\\Cookie\\Middleware\\EncryptCookies->handle()
#34 /var/www/jornada-automocion-api/vendor/laravel/framework/src/Illuminate/Pipeline/Pipeline.php(127): Illuminate\\Pipeline\\Pipeline->Illuminate\\Pipeline\\{closure}()
#35 /var/www/jornada-automocion-api/vendor/laravel/framework/src/Illuminate/Routing/Router.php(807): Illuminate\\Pipeline\\Pipeline->then()
#36 /var/www/jornada-automocion-api/vendor/laravel/framework/src/Illuminate/Routing/Router.php(786): Illuminate\\Routing\\Router->runRouteWithinStack()
#37 /var/www/jornada-automocion-api/vendor/laravel/framework/src/Illuminate/Routing/Router.php(750): Illuminate\\Routing\\Router->runRoute()
#38 /var/www/jornada-automocion-api/vendor/laravel/framework/src/Illuminate/Routing/Router.php(739): Illuminate\\Routing\\Router->dispatchToRoute()
#39 /var/www/jornada-automocion-api/vendor/laravel/framework/src/Illuminate/Foundation/Http/Kernel.php(201): Illuminate\\Routing\\Router->dispatch()
#40 /var/www/jornada-automocion-api/vendor/laravel/framework/src/Illuminate/Pipeline/Pipeline.php(170): Illuminate\\Foundation\\Http\\Kernel->Illuminate\\Foundation\\Http\\{closure}()
#41 /var/www/jornada-automocion-api/vendor/livewire/livewire/src/Features/SupportDisablingBackButtonCache/DisableBackButtonCacheMiddleware.php(19): Illuminate\\Pipeline\\Pipeline->Illuminate\\Pipeline\\{closure}()
#42 /var/www/jornada-automocion-api/vendor/laravel/framework/src/Illuminate/Pipeline/Pipeline.php(209): Livewire\\Features\\SupportDisablingBackButtonCache\\DisableBackButtonCacheMiddleware->handle()
#43 /var/www/jornada-automocion-api/vendor/laravel/framework/src/Illuminate/Foundation/Http/Middleware/TransformsRequest.php(21): Illuminate\\Pipeline\\Pipeline->Illuminate\\Pipeline\\{closure}()
#44 /var/www/jornada-automocion-api/vendor/laravel/framework/src/Illuminate/Foundation/Http/Middleware/ConvertEmptyStringsToNull.php(31): Illuminate\\Foundation\\Http\\Middleware\\TransformsRequest->handle()
#45 /var/www/jornada-automocion-api/vendor/laravel/framework/src/Illuminate/Pipeline/Pipeline.php(209): Illuminate\\Foundation\\Http\\Middleware\\ConvertEmptyStringsToNull->handle()
#46 /var/www/jornada-automocion-api/vendor/laravel/framework/src/Illuminate/Foundation/Http/Middleware/TransformsRequest.php(21): Illuminate\\Pipeline\\Pipeline->Illuminate\\Pipeline\\{closure}()
#47 /var/www/jornada-automocion-api/vendor/laravel/framework/src/Illuminate/Foundation/Http/Middleware/TrimStrings.php(51): Illuminate\\Foundation\\Http\\Middleware\\TransformsRequest->handle()
#48 /var/www/jornada-automocion-api/vendor/laravel/framework/src/Illuminate/Pipeline/Pipeline.php(209): Illuminate\\Foundation\\Http\\Middleware\\TrimStrings->handle()
#49 /var/www/jornada-automocion-api/vendor/laravel/framework/src/Illuminate/Http/Middleware/ValidatePostSize.php(27): Illuminate\\Pipeline\\Pipeline->Illuminate\\Pipeline\\{closure}()
#50 /var/www/jornada-automocion-api/vendor/laravel/framework/src/Illuminate/Pipeline/Pipeline.php(209): Illuminate\\Http\\Middleware\\ValidatePostSize->handle()
#51 /var/www/jornada-automocion-api/vendor/laravel/framework/src/Illuminate/Foundation/Http/Middleware/PreventRequestsDuringMaintenance.php(110): Illuminate\\Pipeline\\Pipeline->Illuminate\\Pipeline\\{closure}()
#52 /var/www/jornada-automocion-api/vendor/laravel/framework/src/Illuminate/Pipeline/Pipeline.php(209): Illuminate\\Foundation\\Http\\Middleware\\PreventRequestsDuringMaintenance->handle()
#53 /var/www/jornada-automocion-api/vendor/laravel/framework/src/Illuminate/Http/Middleware/HandleCors.php(49): Illuminate\\Pipeline\\Pipeline->Illuminate\\Pipeline\\{closure}()
#54 /var/www/jornada-automocion-api/vendor/laravel/framework/src/Illuminate/Pipeline/Pipeline.php(209): Illuminate\\Http\\Middleware\\HandleCors->handle()
#55 /var/www/jornada-automocion-api/vendor/laravel/framework/src/Illuminate/Http/Middleware/TrustProxies.php(58): Illuminate\\Pipeline\\Pipeline->Illuminate\\Pipeline\\{closure}()
#56 /var/www/jornada-automocion-api/vendor/laravel/framework/src/Illuminate/Pipeline/Pipeline.php(209): Illuminate\\Http\\Middleware\\TrustProxies->handle()
#57 /var/www/jornada-automocion-api/vendor/laravel/framework/src/Illuminate/Foundation/Http/Middleware/InvokeDeferredCallbacks.php(22): Illuminate\\Pipeline\\Pipeline->Illuminate\\Pipeline\\{closure}()
#58 /var/www/jornada-automocion-api/vendor/laravel/framework/src/Illuminate/Pipeline/Pipeline.php(209): Illuminate\\Foundation\\Http\\Middleware\\InvokeDeferredCallbacks->handle()
#59 /var/www/jornada-automocion-api/vendor/laravel/framework/src/Illuminate/Pipeline/Pipeline.php(127): Illuminate\\Pipeline\\Pipeline->Illuminate\\Pipeline\\{closure}()
#60 /var/www/jornada-automocion-api/vendor/laravel/framework/src/Illuminate/Foundation/Http/Kernel.php(176): Illuminate\\Pipeline\\Pipeline->then()
#61 /var/www/jornada-automocion-api/vendor/laravel/framework/src/Illuminate/Foundation/Http/Kernel.php(145): Illuminate\\Foundation\\Http\\Kernel->sendRequestThroughRouter()
#62 /var/www/jornada-automocion-api/vendor/laravel/framework/src/Illuminate/Foundation/Application.php(1220): Illuminate\\Foundation\\Http\\Kernel->handle()
#63 /var/www/jornada-automocion-api/public/index.php(17): Illuminate\\Foundation\\Application->handleRequest()
#64 {main}
"} 
[2026-05-16 07:01:47] production.ERROR: SQLSTATE[22001]: String data, right truncated: 1406 Data too long for column 'videoURL' at row 1 (Connection: mysql, SQL: update `projects` set `videoURL` = https://monlaues-my.sharepoint.com/:v:/g/personal/emiliomollil_campus_monlau_com/IQALGN-K1eJ0TpLCi0Jy-z8KATk3wjyNVJkqBE16S-eMYXU?e=jo5t1G&nav=eyJyZWZlcnJhbEluZm8iOnsicmVmZXJyYWxBcHAiOiJTdHJlYW1XZWJBcHAiLCJyZWZlcnJhbFZpZXciOiJTaGFyZURpYWxvZy1MaW5rIiwicmVmZXJyYWxBcHBQbGF0Zm9ybSI6IldlYiIsInJlZmVycmFsTW9kZSI6InZpZXcifX0%3D where `idProject` = 200) {"userId":1005,"exception":"[object] (Illuminate\\Database\\QueryException(code: 22001): SQLSTATE[22001]: String data, right truncated: 1406 Data too long for column 'videoURL' at row 1 (Connection: mysql, SQL: update `projects` set `videoURL` = https://monlaues-my.sharepoint.com/:v:/g/personal/emiliomollil_campus_monlau_com/IQALGN-K1eJ0TpLCi0Jy-z8KATk3wjyNVJkqBE16S-eMYXU?e=jo5t1G&nav=eyJyZWZlcnJhbEluZm8iOnsicmVmZXJyYWxBcHAiOiJTdHJlYW1XZWJBcHAiLCJyZWZlcnJhbFZpZXciOiJTaGFyZURpYWxvZy1MaW5rIiwicmVmZXJyYWxBcHBQbGF0Zm9ybSI6IldlYiIsInJlZmVycmFsTW9kZSI6InZpZXcifX0%3D where `idProject` = 200) at /var/www/jornada-automocion-api/vendor/laravel/framework/src/Illuminate/Database/Connection.php:825)
[stacktrace]
#0 /var/www/jornada-automocion-api/vendor/laravel/framework/src/Illuminate/Database/Connection.php(779): Illuminate\\Database\\Connection->runQueryCallback()
#1 /var/www/jornada-automocion-api/vendor/laravel/framework/src/Illuminate/Database/Connection.php(584): Illuminate\\Database\\Connection->run()
#2 /var/www/jornada-automocion-api/vendor/laravel/framework/src/Illuminate/Database/Connection.php(536): Illuminate\\Database\\Connection->affectingStatement()
#3 /var/www/jornada-automocion-api/vendor/laravel/framework/src/Illuminate/Database/Query/Builder.php(3830): Illuminate\\Database\\Connection->update()
#4 /var/www/jornada-automocion-api/vendor/laravel/framework/src/Illuminate/Database/Eloquent/Builder.php(1175): Illuminate\\Database\\Query\\Builder->update()
#5 /var/www/jornada-automocion-api/vendor/laravel/framework/src/Illuminate/Database/Eloquent/Model.php(1239): Illuminate\\Database\\Eloquent\\Builder->update()
#6 /var/www/jornada-automocion-api/vendor/laravel/framework/src/Illuminate/Database/Eloquent/Model.php(1156): Illuminate\\Database\\Eloquent\\Model->performUpdate()
#7 /var/www/jornada-automocion-api/app/Http/Controllers/ProjectController.php(332): Illuminate\\Database\\Eloquent\\Model->save()
#8 /var/www/jornada-automocion-api/vendor/laravel/framework/src/Illuminate/Routing/ControllerDispatcher.php(47): App\\Http\\Controllers\\ProjectController->update()
#9 /var/www/jornada-automocion-api/vendor/laravel/framework/src/Illuminate/Routing/Route.php(266): Illuminate\\Routing\\ControllerDispatcher->dispatch()
#10 /var/www/jornada-automocion-api/vendor/laravel/framework/src/Illuminate/Routing/Route.php(212): Illuminate\\Routing\\Route->runController()
#11 /var/www/jornada-automocion-api/vendor/laravel/framework/src/Illuminate/Routing/Router.php(808): Illuminate\\Routing\\Route->run()
#12 /var/www/jornada-automocion-api/vendor/laravel/framework/src/Illuminate/Pipeline/Pipeline.php(170): Illuminate\\Routing\\Router->Illuminate\\Routing\\{closure}()
#13 /var/www/jornada-automocion-api/app/Http/Middleware/CheckUserStatus.php(17): Illuminate\\Pipeline\\Pipeline->Illuminate\\Pipeline\\{closure}()
#14 /var/www/jornada-automocion-api/vendor/laravel/framework/src/Illuminate/Pipeline/Pipeline.php(209): App\\Http\\Middleware\\CheckUserStatus->handle()
#15 /var/www/jornada-automocion-api/app/Http/Middleware/RoleMiddleware.php(25): Illuminate\\Pipeline\\Pipeline->Illuminate\\Pipeline\\{closure}()
#16 /var/www/jornada-automocion-api/vendor/laravel/framework/src/Illuminate/Pipeline/Pipeline.php(209): App\\Http\\Middleware\\RoleMiddleware->handle()
#17 /var/www/jornada-automocion-api/vendor/laravel/framework/src/Illuminate/Routing/Middleware/SubstituteBindings.php(51): Illuminate\\Pipeline\\Pipeline->Illuminate\\Pipeline\\{closure}()
#18 /var/www/jornada-automocion-api/vendor/laravel/framework/src/Illuminate/Pipeline/Pipeline.php(209): Illuminate\\Routing\\Middleware\\SubstituteBindings->handle()
#19 /var/www/jornada-automocion-api/vendor/laravel/framework/src/Illuminate/Auth/Middleware/Authenticate.php(64): Illuminate\\Pipeline\\Pipeline->Illuminate\\Pipeline\\{closure}()
#20 /var/www/jornada-automocion-api/vendor/laravel/framework/src/Illuminate/Pipeline/Pipeline.php(209): Illuminate\\Auth\\Middleware\\Authenticate->handle()
#21 /var/www/jornada-automocion-api/vendor/laravel/framework/src/Illuminate/Foundation/Http/Middleware/VerifyCsrfToken.php(88): Illuminate\\Pipeline\\Pipeline->Illuminate\\Pipeline\\{closure}()
#22 /var/www/jornada-automocion-api/vendor/laravel/framework/src/Illuminate/Pipeline/Pipeline.php(209): Illuminate\\Foundation\\Http\\Middleware\\VerifyCsrfToken->handle()
#23 /var/www/jornada-automocion-api/vendor/laravel/framework/src/Illuminate/View/Middleware/ShareErrorsFromSession.php(49): Illuminate\\Pipeline\\Pipeline->Illuminate\\Pipeline\\{closure}()
#24 /var/www/jornada-automocion-api/vendor/laravel/framework/src/Illuminate/Pipeline/Pipeline.php(209): Illuminate\\View\\Middleware\\ShareErrorsFromSession->handle()
#25 /var/www/jornada-automocion-api/vendor/laravel/framework/src/Illuminate/Session/Middleware/StartSession.php(121): Illuminate\\Pipeline\\Pipeline->Illuminate\\Pipeline\\{closure}()
#26 /var/www/jornada-automocion-api/vendor/laravel/framework/src/Illuminate/Session/Middleware/StartSession.php(64): Illuminate\\Session\\Middleware\\StartSession->handleStatefulRequest()
#27 /var/www/jornada-automocion-api/vendor/laravel/framework/src/Illuminate/Pipeline/Pipeline.php(209): Illuminate\\Session\\Middleware\\StartSession->handle()
#28 /var/www/jornada-automocion-api/vendor/laravel/framework/src/Illuminate/Cookie/Middleware/AddQueuedCookiesToResponse.php(37): Illuminate\\Pipeline\\Pipeline->Illuminate\\Pipeline\\{closure}()
#29 /var/www/jornada-automocion-api/vendor/laravel/framework/src/Illuminate/Pipeline/Pipeline.php(209): Illuminate\\Cookie\\Middleware\\AddQueuedCookiesToResponse->handle()
#30 /var/www/jornada-automocion-api/vendor/laravel/framework/src/Illuminate/Cookie/Middleware/EncryptCookies.php(75): Illuminate\\Pipeline\\Pipeline->Illuminate\\Pipeline\\{closure}()
#31 /var/www/jornada-automocion-api/vendor/laravel/framework/src/Illuminate/Pipeline/Pipeline.php(209): Illuminate\\Cookie\\Middleware\\EncryptCookies->handle()
#32 /var/www/jornada-automocion-api/vendor/laravel/framework/src/Illuminate/Pipeline/Pipeline.php(127): Illuminate\\Pipeline\\Pipeline->Illuminate\\Pipeline\\{closure}()
#33 /var/www/jornada-automocion-api/vendor/laravel/framework/src/Illuminate/Routing/Router.php(807): Illuminate\\Pipeline\\Pipeline->then()
#34 /var/www/jornada-automocion-api/vendor/laravel/framework/src/Illuminate/Routing/Router.php(786): Illuminate\\Routing\\Router->runRouteWithinStack()
#35 /var/www/jornada-automocion-api/vendor/laravel/framework/src/Illuminate/Routing/Router.php(750): Illuminate\\Routing\\Router->runRoute()
#36 /var/www/jornada-automocion-api/vendor/laravel/framework/src/Illuminate/Routing/Router.php(739): Illuminate\\Routing\\Router->dispatchToRoute()
#37 /var/www/jornada-automocion-api/vendor/laravel/framework/src/Illuminate/Foundation/Http/Kernel.php(201): Illuminate\\Routing\\Router->dispatch()
#38 /var/www/jornada-automocion-api/vendor/laravel/framework/src/Illuminate/Pipeline/Pipeline.php(170): Illuminate\\Foundation\\Http\\Kernel->Illuminate\\Foundation\\Http\\{closure}()
#39 /var/www/jornada-automocion-api/vendor/livewire/livewire/src/Features/SupportDisablingBackButtonCache/DisableBackButtonCacheMiddleware.php(19): Illuminate\\Pipeline\\Pipeline->Illuminate\\Pipeline\\{closure}()
#40 /var/www/jornada-automocion-api/vendor/laravel/framework/src/Illuminate/Pipeline/Pipeline.php(209): Livewire\\Features\\SupportDisablingBackButtonCache\\DisableBackButtonCacheMiddleware->handle()
#41 /var/www/jornada-automocion-api/vendor/laravel/framework/src/Illuminate/Foundation/Http/Middleware/TransformsRequest.php(21): Illuminate\\Pipeline\\Pipeline->Illuminate\\Pipeline\\{closure}()
#42 /var/www/jornada-automocion-api/vendor/laravel/framework/src/Illuminate/Foundation/Http/Middleware/ConvertEmptyStringsToNull.php(31): Illuminate\\Foundation\\Http\\Middleware\\TransformsRequest->handle()
#43 /var/www/jornada-automocion-api/vendor/laravel/framework/src/Illuminate/Pipeline/Pipeline.php(209): Illuminate\\Foundation\\Http\\Middleware\\ConvertEmptyStringsToNull->handle()
#44 /var/www/jornada-automocion-api/vendor/laravel/framework/src/Illuminate/Foundation/Http/Middleware/TransformsRequest.php(21): Illuminate\\Pipeline\\Pipeline->Illuminate\\Pipeline\\{closure}()
#45 /var/www/jornada-automocion-api/vendor/laravel/framework/src/Illuminate/Foundation/Http/Middleware/TrimStrings.php(51): Illuminate\\Foundation\\Http\\Middleware\\TransformsRequest->handle()
#46 /var/www/jornada-automocion-api/vendor/laravel/framework/src/Illuminate/Pipeline/Pipeline.php(209): Illuminate\\Foundation\\Http\\Middleware\\TrimStrings->handle()
#47 /var/www/jornada-automocion-api/vendor/laravel/framework/src/Illuminate/Http/Middleware/ValidatePostSize.php(27): Illuminate\\Pipeline\\Pipeline->Illuminate\\Pipeline\\{closure}()
#48 /var/www/jornada-automocion-api/vendor/laravel/framework/src/Illuminate/Pipeline/Pipeline.php(209): Illuminate\\Http\\Middleware\\ValidatePostSize->handle()
#49 /var/www/jornada-automocion-api/vendor/laravel/framework/src/Illuminate/Foundation/Http/Middleware/PreventRequestsDuringMaintenance.php(110): Illuminate\\Pipeline\\Pipeline->Illuminate\\Pipeline\\{closure}()
#50 /var/www/jornada-automocion-api/vendor/laravel/framework/src/Illuminate/Pipeline/Pipeline.php(209): Illuminate\\Foundation\\Http\\Middleware\\PreventRequestsDuringMaintenance->handle()
#51 /var/www/jornada-automocion-api/vendor/laravel/framework/src/Illuminate/Http/Middleware/HandleCors.php(49): Illuminate\\Pipeline\\Pipeline->Illuminate\\Pipeline\\{closure}()
#52 /var/www/jornada-automocion-api/vendor/laravel/framework/src/Illuminate/Pipeline/Pipeline.php(209): Illuminate\\Http\\Middleware\\HandleCors->handle()
#53 /var/www/jornada-automocion-api/vendor/laravel/framework/src/Illuminate/Http/Middleware/TrustProxies.php(58): Illuminate\\Pipeline\\Pipeline->Illuminate\\Pipeline\\{closure}()
#54 /var/www/jornada-automocion-api/vendor/laravel/framework/src/Illuminate/Pipeline/Pipeline.php(209): Illuminate\\Http\\Middleware\\TrustProxies->handle()
#55 /var/www/jornada-automocion-api/vendor/laravel/framework/src/Illuminate/Foundation/Http/Middleware/InvokeDeferredCallbacks.php(22): Illuminate\\Pipeline\\Pipeline->Illuminate\\Pipeline\\{closure}()
#56 /var/www/jornada-automocion-api/vendor/laravel/framework/src/Illuminate/Pipeline/Pipeline.php(209): Illuminate\\Foundation\\Http\\Middleware\\InvokeDeferredCallbacks->handle()
#57 /var/www/jornada-automocion-api/vendor/laravel/framework/src/Illuminate/Pipeline/Pipeline.php(127): Illuminate\\Pipeline\\Pipeline->Illuminate\\Pipeline\\{closure}()
#58 /var/www/jornada-automocion-api/vendor/laravel/framework/src/Illuminate/Foundation/Http/Kernel.php(176): Illuminate\\Pipeline\\Pipeline->then()
#59 /var/www/jornada-automocion-api/vendor/laravel/framework/src/Illuminate/Foundation/Http/Kernel.php(145): Illuminate\\Foundation\\Http\\Kernel->sendRequestThroughRouter()
#60 /var/www/jornada-automocion-api/vendor/laravel/framework/src/Illuminate/Foundation/Application.php(1220): Illuminate\\Foundation\\Http\\Kernel->handle()
#61 /var/www/jornada-automocion-api/public/index.php(17): Illuminate\\Foundation\\Application->handleRequest()
#62 {main}

[previous exception] [object] (PDOException(code: 22001): SQLSTATE[22001]: String data, right truncated: 1406 Data too long for column 'videoURL' at row 1 at /var/www/jornada-automocion-api/vendor/laravel/framework/src/Illuminate/Database/Connection.php:596)
[stacktrace]
#0 /var/www/jornada-automocion-api/vendor/laravel/framework/src/Illuminate/Database/Connection.php(596): PDOStatement->execute()
#1 /var/www/jornada-automocion-api/vendor/laravel/framework/src/Illuminate/Database/Connection.php(812): Illuminate\\Database\\Connection->Illuminate\\Database\\{closure}()
#2 /var/www/jornada-automocion-api/vendor/laravel/framework/src/Illuminate/Database/Connection.php(779): Illuminate\\Database\\Connection->runQueryCallback()
#3 /var/www/jornada-automocion-api/vendor/laravel/framework/src/Illuminate/Database/Connection.php(584): Illuminate\\Database\\Connection->run()
#4 /var/www/jornada-automocion-api/vendor/laravel/framework/src/Illuminate/Database/Connection.php(536): Illuminate\\Database\\Connection->affectingStatement()
#5 /var/www/jornada-automocion-api/vendor/laravel/framework/src/Illuminate/Database/Query/Builder.php(3830): Illuminate\\Database\\Connection->update()
#6 /var/www/jornada-automocion-api/vendor/laravel/framework/src/Illuminate/Database/Eloquent/Builder.php(1175): Illuminate\\Database\\Query\\Builder->update()
#7 /var/www/jornada-automocion-api/vendor/laravel/framework/src/Illuminate/Database/Eloquent/Model.php(1239): Illuminate\\Database\\Eloquent\\Builder->update()
#8 /var/www/jornada-automocion-api/vendor/laravel/framework/src/Illuminate/Database/Eloquent/Model.php(1156): Illuminate\\Database\\Eloquent\\Model->performUpdate()
#9 /var/www/jornada-automocion-api/app/Http/Controllers/ProjectController.php(332): Illuminate\\Database\\Eloquent\\Model->save()
#10 /var/www/jornada-automocion-api/vendor/laravel/framework/src/Illuminate/Routing/ControllerDispatcher.php(47): App\\Http\\Controllers\\ProjectController->update()
#11 /var/www/jornada-automocion-api/vendor/laravel/framework/src/Illuminate/Routing/Route.php(266): Illuminate\\Routing\\ControllerDispatcher->dispatch()
#12 /var/www/jornada-automocion-api/vendor/laravel/framework/src/Illuminate/Routing/Route.php(212): Illuminate\\Routing\\Route->runController()
#13 /var/www/jornada-automocion-api/vendor/laravel/framework/src/Illuminate/Routing/Router.php(808): Illuminate\\Routing\\Route->run()
#14 /var/www/jornada-automocion-api/vendor/laravel/framework/src/Illuminate/Pipeline/Pipeline.php(170): Illuminate\\Routing\\Router->Illuminate\\Routing\\{closure}()
#15 /var/www/jornada-automocion-api/app/Http/Middleware/CheckUserStatus.php(17): Illuminate\\Pipeline\\Pipeline->Illuminate\\Pipeline\\{closure}()
#16 /var/www/jornada-automocion-api/vendor/laravel/framework/src/Illuminate/Pipeline/Pipeline.php(209): App\\Http\\Middleware\\CheckUserStatus->handle()
#17 /var/www/jornada-automocion-api/app/Http/Middleware/RoleMiddleware.php(25): Illuminate\\Pipeline\\Pipeline->Illuminate\\Pipeline\\{closure}()
#18 /var/www/jornada-automocion-api/vendor/laravel/framework/src/Illuminate/Pipeline/Pipeline.php(209): App\\Http\\Middleware\\RoleMiddleware->handle()
#19 /var/www/jornada-automocion-api/vendor/laravel/framework/src/Illuminate/Routing/Middleware/SubstituteBindings.php(51): Illuminate\\Pipeline\\Pipeline->Illuminate\\Pipeline\\{closure}()
#20 /var/www/jornada-automocion-api/vendor/laravel/framework/src/Illuminate/Pipeline/Pipeline.php(209): Illuminate\\Routing\\Middleware\\SubstituteBindings->handle()
#21 /var/www/jornada-automocion-api/vendor/laravel/framework/src/Illuminate/Auth/Middleware/Authenticate.php(64): Illuminate\\Pipeline\\Pipeline->Illuminate\\Pipeline\\{closure}()
#22 /var/www/jornada-automocion-api/vendor/laravel/framework/src/Illuminate/Pipeline/Pipeline.php(209): Illuminate\\Auth\\Middleware\\Authenticate->handle()
#23 /var/www/jornada-automocion-api/vendor/laravel/framework/src/Illuminate/Foundation/Http/Middleware/VerifyCsrfToken.php(88): Illuminate\\Pipeline\\Pipeline->Illuminate\\Pipeline\\{closure}()
#24 /var/www/jornada-automocion-api/vendor/laravel/framework/src/Illuminate/Pipeline/Pipeline.php(209): Illuminate\\Foundation\\Http\\Middleware\\VerifyCsrfToken->handle()
#25 /var/www/jornada-automocion-api/vendor/laravel/framework/src/Illuminate/View/Middleware/ShareErrorsFromSession.php(49): Illuminate\\Pipeline\\Pipeline->Illuminate\\Pipeline\\{closure}()
#26 /var/www/jornada-automocion-api/vendor/laravel/framework/src/Illuminate/Pipeline/Pipeline.php(209): Illuminate\\View\\Middleware\\ShareErrorsFromSession->handle()
#27 /var/www/jornada-automocion-api/vendor/laravel/framework/src/Illuminate/Session/Middleware/StartSession.php(121): Illuminate\\Pipeline\\Pipeline->Illuminate\\Pipeline\\{closure}()
#28 /var/www/jornada-automocion-api/vendor/laravel/framework/src/Illuminate/Session/Middleware/StartSession.php(64): Illuminate\\Session\\Middleware\\StartSession->handleStatefulRequest()
#29 /var/www/jornada-automocion-api/vendor/laravel/framework/src/Illuminate/Pipeline/Pipeline.php(209): Illuminate\\Session\\Middleware\\StartSession->handle()
#30 /var/www/jornada-automocion-api/vendor/laravel/framework/src/Illuminate/Cookie/Middleware/AddQueuedCookiesToResponse.php(37): Illuminate\\Pipeline\\Pipeline->Illuminate\\Pipeline\\{closure}()
#31 /var/www/jornada-automocion-api/vendor/laravel/framework/src/Illuminate/Pipeline/Pipeline.php(209): Illuminate\\Cookie\\Middleware\\AddQueuedCookiesToResponse->handle()
#32 /var/www/jornada-automocion-api/vendor/laravel/framework/src/Illuminate/Cookie/Middleware/EncryptCookies.php(75): Illuminate\\Pipeline\\Pipeline->Illuminate\\Pipeline\\{closure}()
#33 /var/www/jornada-automocion-api/vendor/laravel/framework/src/Illuminate/Pipeline/Pipeline.php(209): Illuminate\\Cookie\\Middleware\\EncryptCookies->handle()
#34 /var/www/jornada-automocion-api/vendor/laravel/framework/src/Illuminate/Pipeline/Pipeline.php(127): Illuminate\\Pipeline\\Pipeline->Illuminate\\Pipeline\\{closure}()
#35 /var/www/jornada-automocion-api/vendor/laravel/framework/src/Illuminate/Routing/Router.php(807): Illuminate\\Pipeline\\Pipeline->then()
#36 /var/www/jornada-automocion-api/vendor/laravel/framework/src/Illuminate/Routing/Router.php(786): Illuminate\\Routing\\Router->runRouteWithinStack()
#37 /var/www/jornada-automocion-api/vendor/laravel/framework/src/Illuminate/Routing/Router.php(750): Illuminate\\Routing\\Router->runRoute()
#38 /var/www/jornada-automocion-api/vendor/laravel/framework/src/Illuminate/Routing/Router.php(739): Illuminate\\Routing\\Router->dispatchToRoute()
#39 /var/www/jornada-automocion-api/vendor/laravel/framework/src/Illuminate/Foundation/Http/Kernel.php(201): Illuminate\\Routing\\Router->dispatch()
#40 /var/www/jornada-automocion-api/vendor/laravel/framework/src/Illuminate/Pipeline/Pipeline.php(170): Illuminate\\Foundation\\Http\\Kernel->Illuminate\\Foundation\\Http\\{closure}()
#41 /var/www/jornada-automocion-api/vendor/livewire/livewire/src/Features/SupportDisablingBackButtonCache/DisableBackButtonCacheMiddleware.php(19): Illuminate\\Pipeline\\Pipeline->Illuminate\\Pipeline\\{closure}()
#42 /var/www/jornada-automocion-api/vendor/laravel/framework/src/Illuminate/Pipeline/Pipeline.php(209): Livewire\\Features\\SupportDisablingBackButtonCache\\DisableBackButtonCacheMiddleware->handle()
#43 /var/www/jornada-automocion-api/vendor/laravel/framework/src/Illuminate/Foundation/Http/Middleware/TransformsRequest.php(21): Illuminate\\Pipeline\\Pipeline->Illuminate\\Pipeline\\{closure}()
#44 /var/www/jornada-automocion-api/vendor/laravel/framework/src/Illuminate/Foundation/Http/Middleware/ConvertEmptyStringsToNull.php(31): Illuminate\\Foundation\\Http\\Middleware\\TransformsRequest->handle()
#45 /var/www/jornada-automocion-api/vendor/laravel/framework/src/Illuminate/Pipeline/Pipeline.php(209): Illuminate\\Foundation\\Http\\Middleware\\ConvertEmptyStringsToNull->handle()
#46 /var/www/jornada-automocion-api/vendor/laravel/framework/src/Illuminate/Foundation/Http/Middleware/TransformsRequest.php(21): Illuminate\\Pipeline\\Pipeline->Illuminate\\Pipeline\\{closure}()
#47 /var/www/jornada-automocion-api/vendor/laravel/framework/src/Illuminate/Foundation/Http/Middleware/TrimStrings.php(51): Illuminate\\Foundation\\Http\\Middleware\\TransformsRequest->handle()
#48 /var/www/jornada-automocion-api/vendor/laravel/framework/src/Illuminate/Pipeline/Pipeline.php(209): Illuminate\\Foundation\\Http\\Middleware\\TrimStrings->handle()
#49 /var/www/jornada-automocion-api/vendor/laravel/framework/src/Illuminate/Http/Middleware/ValidatePostSize.php(27): Illuminate\\Pipeline\\Pipeline->Illuminate\\Pipeline\\{closure}()
#50 /var/www/jornada-automocion-api/vendor/laravel/framework/src/Illuminate/Pipeline/Pipeline.php(209): Illuminate\\Http\\Middleware\\ValidatePostSize->handle()
#51 /var/www/jornada-automocion-api/vendor/laravel/framework/src/Illuminate/Foundation/Http/Middleware/PreventRequestsDuringMaintenance.php(110): Illuminate\\Pipeline\\Pipeline->Illuminate\\Pipeline\\{closure}()
#52 /var/www/jornada-automocion-api/vendor/laravel/framework/src/Illuminate/Pipeline/Pipeline.php(209): Illuminate\\Foundation\\Http\\Middleware\\PreventRequestsDuringMaintenance->handle()
#53 /var/www/jornada-automocion-api/vendor/laravel/framework/src/Illuminate/Http/Middleware/HandleCors.php(49): Illuminate\\Pipeline\\Pipeline->Illuminate\\Pipeline\\{closure}()
#54 /var/www/jornada-automocion-api/vendor/laravel/framework/src/Illuminate/Pipeline/Pipeline.php(209): Illuminate\\Http\\Middleware\\HandleCors->handle()
#55 /var/www/jornada-automocion-api/vendor/laravel/framework/src/Illuminate/Http/Middleware/TrustProxies.php(58): Illuminate\\Pipeline\\Pipeline->Illuminate\\Pipeline\\{closure}()
#56 /var/www/jornada-automocion-api/vendor/laravel/framework/src/Illuminate/Pipeline/Pipeline.php(209): Illuminate\\Http\\Middleware\\TrustProxies->handle()
#57 /var/www/jornada-automocion-api/vendor/laravel/framework/src/Illuminate/Foundation/Http/Middleware/InvokeDeferredCallbacks.php(22): Illuminate\\Pipeline\\Pipeline->Illuminate\\Pipeline\\{closure}()
#58 /var/www/jornada-automocion-api/vendor/laravel/framework/src/Illuminate/Pipeline/Pipeline.php(209): Illuminate\\Foundation\\Http\\Middleware\\InvokeDeferredCallbacks->handle()
#59 /var/www/jornada-automocion-api/vendor/laravel/framework/src/Illuminate/Pipeline/Pipeline.php(127): Illuminate\\Pipeline\\Pipeline->Illuminate\\Pipeline\\{closure}()
#60 /var/www/jornada-automocion-api/vendor/laravel/framework/src/Illuminate/Foundation/Http/Kernel.php(176): Illuminate\\Pipeline\\Pipeline->then()
#61 /var/www/jornada-automocion-api/vendor/laravel/framework/src/Illuminate/Foundation/Http/Kernel.php(145): Illuminate\\Foundation\\Http\\Kernel->sendRequestThroughRouter()
#62 /var/www/jornada-automocion-api/vendor/laravel/framework/src/Illuminate/Foundation/Application.php(1220): Illuminate\\Foundation\\Http\\Kernel->handle()
#63 /var/www/jornada-automocion-api/public/index.php(17): Illuminate\\Foundation\\Application->handleRequest()
#64 {main}
"} 
[2026-05-16 07:02:28] production.ERROR: SQLSTATE[22001]: String data, right truncated: 1406 Data too long for column 'videoURL' at row 1 (Connection: mysql, SQL: update `projects` set `videoURL` = https://monlaues-my.sharepoint.com/:v:/g/personal/emiliomollil_campus_monlau_com/IQALGN-K1eJ0TpLCi0Jy-z8KATk3wjyNVJkqBE16S-eMYXU?e=vZ3qep&nav=eyJyZWZlcnJhbEluZm8iOnsicmVmZXJyYWxBcHAiOiJTdHJlYW1XZWJBcHAiLCJyZWZlcnJhbFZpZXciOiJTaGFyZURpYWxvZy1MaW5rIiwicmVmZXJyYWxBcHBQbGF0Zm9ybSI6IldlYiIsInJlZmVycmFsTW9kZSI6InZpZXcifSwicGxheWJhY2tPcHRpb25zIjp7fX0%3D where `idProject` = 200) {"userId":1005,"exception":"[object] (Illuminate\\Database\\QueryException(code: 22001): SQLSTATE[22001]: String data, right truncated: 1406 Data too long for column 'videoURL' at row 1 (Connection: mysql, SQL: update `projects` set `videoURL` = https://monlaues-my.sharepoint.com/:v:/g/personal/emiliomollil_campus_monlau_com/IQALGN-K1eJ0TpLCi0Jy-z8KATk3wjyNVJkqBE16S-eMYXU?e=vZ3qep&nav=eyJyZWZlcnJhbEluZm8iOnsicmVmZXJyYWxBcHAiOiJTdHJlYW1XZWJBcHAiLCJyZWZlcnJhbFZpZXciOiJTaGFyZURpYWxvZy1MaW5rIiwicmVmZXJyYWxBcHBQbGF0Zm9ybSI6IldlYiIsInJlZmVycmFsTW9kZSI6InZpZXcifSwicGxheWJhY2tPcHRpb25zIjp7fX0%3D where `idProject` = 200) at /var/www/jornada-automocion-api/vendor/laravel/framework/src/Illuminate/Database/Connection.php:825)
[stacktrace]
#0 /var/www/jornada-automocion-api/vendor/laravel/framework/src/Illuminate/Database/Connection.php(779): Illuminate\\Database\\Connection->runQueryCallback()
#1 /var/www/jornada-automocion-api/vendor/laravel/framework/src/Illuminate/Database/Connection.php(584): Illuminate\\Database\\Connection->run()
#2 /var/www/jornada-automocion-api/vendor/laravel/framework/src/Illuminate/Database/Connection.php(536): Illuminate\\Database\\Connection->affectingStatement()
#3 /var/www/jornada-automocion-api/vendor/laravel/framework/src/Illuminate/Database/Query/Builder.php(3830): Illuminate\\Database\\Connection->update()
#4 /var/www/jornada-automocion-api/vendor/laravel/framework/src/Illuminate/Database/Eloquent/Builder.php(1175): Illuminate\\Database\\Query\\Builder->update()
#5 /var/www/jornada-automocion-api/vendor/laravel/framework/src/Illuminate/Database/Eloquent/Model.php(1239): Illuminate\\Database\\Eloquent\\Builder->update()
#6 /var/www/jornada-automocion-api/vendor/laravel/framework/src/Illuminate/Database/Eloquent/Model.php(1156): Illuminate\\Database\\Eloquent\\Model->performUpdate()
#7 /var/www/jornada-automocion-api/app/Http/Controllers/ProjectController.php(332): Illuminate\\Database\\Eloquent\\Model->save()
#8 /var/www/jornada-automocion-api/vendor/laravel/framework/src/Illuminate/Routing/ControllerDispatcher.php(47): App\\Http\\Controllers\\ProjectController->update()
#9 /var/www/jornada-automocion-api/vendor/laravel/framework/src/Illuminate/Routing/Route.php(266): Illuminate\\Routing\\ControllerDispatcher->dispatch()
#10 /var/www/jornada-automocion-api/vendor/laravel/framework/src/Illuminate/Routing/Route.php(212): Illuminate\\Routing\\Route->runController()
#11 /var/www/jornada-automocion-api/vendor/laravel/framework/src/Illuminate/Routing/Router.php(808): Illuminate\\Routing\\Route->run()
#12 /var/www/jornada-automocion-api/vendor/laravel/framework/src/Illuminate/Pipeline/Pipeline.php(170): Illuminate\\Routing\\Router->Illuminate\\Routing\\{closure}()
#13 /var/www/jornada-automocion-api/app/Http/Middleware/CheckUserStatus.php(17): Illuminate\\Pipeline\\Pipeline->Illuminate\\Pipeline\\{closure}()
#14 /var/www/jornada-automocion-api/vendor/laravel/framework/src/Illuminate/Pipeline/Pipeline.php(209): App\\Http\\Middleware\\CheckUserStatus->handle()
#15 /var/www/jornada-automocion-api/app/Http/Middleware/RoleMiddleware.php(25): Illuminate\\Pipeline\\Pipeline->Illuminate\\Pipeline\\{closure}()
#16 /var/www/jornada-automocion-api/vendor/laravel/framework/src/Illuminate/Pipeline/Pipeline.php(209): App\\Http\\Middleware\\RoleMiddleware->handle()
#17 /var/www/jornada-automocion-api/vendor/laravel/framework/src/Illuminate/Routing/Middleware/SubstituteBindings.php(51): Illuminate\\Pipeline\\Pipeline->Illuminate\\Pipeline\\{closure}()
#18 /var/www/jornada-automocion-api/vendor/laravel/framework/src/Illuminate/Pipeline/Pipeline.php(209): Illuminate\\Routing\\Middleware\\SubstituteBindings->handle()
#19 /var/www/jornada-automocion-api/vendor/laravel/framework/src/Illuminate/Auth/Middleware/Authenticate.php(64): Illuminate\\Pipeline\\Pipeline->Illuminate\\Pipeline\\{closure}()
#20 /var/www/jornada-automocion-api/vendor/laravel/framework/src/Illuminate/Pipeline/Pipeline.php(209): Illuminate\\Auth\\Middleware\\Authenticate->handle()
#21 /var/www/jornada-automocion-api/vendor/laravel/framework/src/Illuminate/Foundation/Http/Middleware/VerifyCsrfToken.php(88): Illuminate\\Pipeline\\Pipeline->Illuminate\\Pipeline\\{closure}()
#22 /var/www/jornada-automocion-api/vendor/laravel/framework/src/Illuminate/Pipeline/Pipeline.php(209): Illuminate\\Foundation\\Http\\Middleware\\VerifyCsrfToken->handle()
#23 /var/www/jornada-automocion-api/vendor/laravel/framework/src/Illuminate/View/Middleware/ShareErrorsFromSession.php(49): Illuminate\\Pipeline\\Pipeline->Illuminate\\Pipeline\\{closure}()
#24 /var/www/jornada-automocion-api/vendor/laravel/framework/src/Illuminate/Pipeline/Pipeline.php(209): Illuminate\\View\\Middleware\\ShareErrorsFromSession->handle()
#25 /var/www/jornada-automocion-api/vendor/laravel/framework/src/Illuminate/Session/Middleware/StartSession.php(121): Illuminate\\Pipeline\\Pipeline->Illuminate\\Pipeline\\{closure}()
#26 /var/www/jornada-automocion-api/vendor/laravel/framework/src/Illuminate/Session/Middleware/StartSession.php(64): Illuminate\\Session\\Middleware\\StartSession->handleStatefulRequest()
#27 /var/www/jornada-automocion-api/vendor/laravel/framework/src/Illuminate/Pipeline/Pipeline.php(209): Illuminate\\Session\\Middleware\\StartSession->handle()
#28 /var/www/jornada-automocion-api/vendor/laravel/framework/src/Illuminate/Cookie/Middleware/AddQueuedCookiesToResponse.php(37): Illuminate\\Pipeline\\Pipeline->Illuminate\\Pipeline\\{closure}()
#29 /var/www/jornada-automocion-api/vendor/laravel/framework/src/Illuminate/Pipeline/Pipeline.php(209): Illuminate\\Cookie\\Middleware\\AddQueuedCookiesToResponse->handle()
#30 /var/www/jornada-automocion-api/vendor/laravel/framework/src/Illuminate/Cookie/Middleware/EncryptCookies.php(75): Illuminate\\Pipeline\\Pipeline->Illuminate\\Pipeline\\{closure}()
#31 /var/www/jornada-automocion-api/vendor/laravel/framework/src/Illuminate/Pipeline/Pipeline.php(209): Illuminate\\Cookie\\Middleware\\EncryptCookies->handle()
#32 /var/www/jornada-automocion-api/vendor/laravel/framework/src/Illuminate/Pipeline/Pipeline.php(127): Illuminate\\Pipeline\\Pipeline->Illuminate\\Pipeline\\{closure}()
#33 /var/www/jornada-automocion-api/vendor/laravel/framework/src/Illuminate/Routing/Router.php(807): Illuminate\\Pipeline\\Pipeline->then()
#34 /var/www/jornada-automocion-api/vendor/laravel/framework/src/Illuminate/Routing/Router.php(786): Illuminate\\Routing\\Router->runRouteWithinStack()
#35 /var/www/jornada-automocion-api/vendor/laravel/framework/src/Illuminate/Routing/Router.php(750): Illuminate\\Routing\\Router->runRoute()
#36 /var/www/jornada-automocion-api/vendor/laravel/framework/src/Illuminate/Routing/Router.php(739): Illuminate\\Routing\\Router->dispatchToRoute()
#37 /var/www/jornada-automocion-api/vendor/laravel/framework/src/Illuminate/Foundation/Http/Kernel.php(201): Illuminate\\Routing\\Router->dispatch()
#38 /var/www/jornada-automocion-api/vendor/laravel/framework/src/Illuminate/Pipeline/Pipeline.php(170): Illuminate\\Foundation\\Http\\Kernel->Illuminate\\Foundation\\Http\\{closure}()
#39 /var/www/jornada-automocion-api/vendor/livewire/livewire/src/Features/SupportDisablingBackButtonCache/DisableBackButtonCacheMiddleware.php(19): Illuminate\\Pipeline\\Pipeline->Illuminate\\Pipeline\\{closure}()
#40 /var/www/jornada-automocion-api/vendor/laravel/framework/src/Illuminate/Pipeline/Pipeline.php(209): Livewire\\Features\\SupportDisablingBackButtonCache\\DisableBackButtonCacheMiddleware->handle()
#41 /var/www/jornada-automocion-api/vendor/laravel/framework/src/Illuminate/Foundation/Http/Middleware/TransformsRequest.php(21): Illuminate\\Pipeline\\Pipeline->Illuminate\\Pipeline\\{closure}()
#42 /var/www/jornada-automocion-api/vendor/laravel/framework/src/Illuminate/Foundation/Http/Middleware/ConvertEmptyStringsToNull.php(31): Illuminate\\Foundation\\Http\\Middleware\\TransformsRequest->handle()
#43 /var/www/jornada-automocion-api/vendor/laravel/framework/src/Illuminate/Pipeline/Pipeline.php(209): Illuminate\\Foundation\\Http\\Middleware\\ConvertEmptyStringsToNull->handle()
#44 /var/www/jornada-automocion-api/vendor/laravel/framework/src/Illuminate/Foundation/Http/Middleware/TransformsRequest.php(21): Illuminate\\Pipeline\\Pipeline->Illuminate\\Pipeline\\{closure}()
#45 /var/www/jornada-automocion-api/vendor/laravel/framework/src/Illuminate/Foundation/Http/Middleware/TrimStrings.php(51): Illuminate\\Foundation\\Http\\Middleware\\TransformsRequest->handle()
#46 /var/www/jornada-automocion-api/vendor/laravel/framework/src/Illuminate/Pipeline/Pipeline.php(209): Illuminate\\Foundation\\Http\\Middleware\\TrimStrings->handle()
#47 /var/www/jornada-automocion-api/vendor/laravel/framework/src/Illuminate/Http/Middleware/ValidatePostSize.php(27): Illuminate\\Pipeline\\Pipeline->Illuminate\\Pipeline\\{closure}()
#48 /var/www/jornada-automocion-api/vendor/laravel/framework/src/Illuminate/Pipeline/Pipeline.php(209): Illuminate\\Http\\Middleware\\ValidatePostSize->handle()
#49 /var/www/jornada-automocion-api/vendor/laravel/framework/src/Illuminate/Foundation/Http/Middleware/PreventRequestsDuringMaintenance.php(110): Illuminate\\Pipeline\\Pipeline->Illuminate\\Pipeline\\{closure}()
#50 /var/www/jornada-automocion-api/vendor/laravel/framework/src/Illuminate/Pipeline/Pipeline.php(209): Illuminate\\Foundation\\Http\\Middleware\\PreventRequestsDuringMaintenance->handle()
#51 /var/www/jornada-automocion-api/vendor/laravel/framework/src/Illuminate/Http/Middleware/HandleCors.php(49): Illuminate\\Pipeline\\Pipeline->Illuminate\\Pipeline\\{closure}()
#52 /var/www/jornada-automocion-api/vendor/laravel/framework/src/Illuminate/Pipeline/Pipeline.php(209): Illuminate\\Http\\Middleware\\HandleCors->handle()
#53 /var/www/jornada-automocion-api/vendor/laravel/framework/src/Illuminate/Http/Middleware/TrustProxies.php(58): Illuminate\\Pipeline\\Pipeline->Illuminate\\Pipeline\\{closure}()
#54 /var/www/jornada-automocion-api/vendor/laravel/framework/src/Illuminate/Pipeline/Pipeline.php(209): Illuminate\\Http\\Middleware\\TrustProxies->handle()
#55 /var/www/jornada-automocion-api/vendor/laravel/framework/src/Illuminate/Foundation/Http/Middleware/InvokeDeferredCallbacks.php(22): Illuminate\\Pipeline\\Pipeline->Illuminate\\Pipeline\\{closure}()
#56 /var/www/jornada-automocion-api/vendor/laravel/framework/src/Illuminate/Pipeline/Pipeline.php(209): Illuminate\\Foundation\\Http\\Middleware\\InvokeDeferredCallbacks->handle()
#57 /var/www/jornada-automocion-api/vendor/laravel/framework/src/Illuminate/Pipeline/Pipeline.php(127): Illuminate\\Pipeline\\Pipeline->Illuminate\\Pipeline\\{closure}()
#58 /var/www/jornada-automocion-api/vendor/laravel/framework/src/Illuminate/Foundation/Http/Kernel.php(176): Illuminate\\Pipeline\\Pipeline->then()
#59 /var/www/jornada-automocion-api/vendor/laravel/framework/src/Illuminate/Foundation/Http/Kernel.php(145): Illuminate\\Foundation\\Http\\Kernel->sendRequestThroughRouter()
#60 /var/www/jornada-automocion-api/vendor/laravel/framework/src/Illuminate/Foundation/Application.php(1220): Illuminate\\Foundation\\Http\\Kernel->handle()
#61 /var/www/jornada-automocion-api/public/index.php(17): Illuminate\\Foundation\\Application->handleRequest()
#62 {main}

[previous exception] [object] (PDOException(code: 22001): SQLSTATE[22001]: String data, right truncated: 1406 Data too long for column 'videoURL' at row 1 at /var/www/jornada-automocion-api/vendor/laravel/framework/src/Illuminate/Database/Connection.php:596)
[stacktrace]
#0 /var/www/jornada-automocion-api/vendor/laravel/framework/src/Illuminate/Database/Connection.php(596): PDOStatement->execute()
#1 /var/www/jornada-automocion-api/vendor/laravel/framework/src/Illuminate/Database/Connection.php(812): Illuminate\\Database\\Connection->Illuminate\\Database\\{closure}()
#2 /var/www/jornada-automocion-api/vendor/laravel/framework/src/Illuminate/Database/Connection.php(779): Illuminate\\Database\\Connection->runQueryCallback()
#3 /var/www/jornada-automocion-api/vendor/laravel/framework/src/Illuminate/Database/Connection.php(584): Illuminate\\Database\\Connection->run()
#4 /var/www/jornada-automocion-api/vendor/laravel/framework/src/Illuminate/Database/Connection.php(536): Illuminate\\Database\\Connection->affectingStatement()
#5 /var/www/jornada-automocion-api/vendor/laravel/framework/src/Illuminate/Database/Query/Builder.php(3830): Illuminate\\Database\\Connection->update()
#6 /var/www/jornada-automocion-api/vendor/laravel/framework/src/Illuminate/Database/Eloquent/Builder.php(1175): Illuminate\\Database\\Query\\Builder->update()
#7 /var/www/jornada-automocion-api/vendor/laravel/framework/src/Illuminate/Database/Eloquent/Model.php(1239): Illuminate\\Database\\Eloquent\\Builder->update()
#8 /var/www/jornada-automocion-api/vendor/laravel/framework/src/Illuminate/Database/Eloquent/Model.php(1156): Illuminate\\Database\\Eloquent\\Model->performUpdate()
#9 /var/www/jornada-automocion-api/app/Http/Controllers/ProjectController.php(332): Illuminate\\Database\\Eloquent\\Model->save()
#10 /var/www/jornada-automocion-api/vendor/laravel/framework/src/Illuminate/Routing/ControllerDispatcher.php(47): App\\Http\\Controllers\\ProjectController->update()
#11 /var/www/jornada-automocion-api/vendor/laravel/framework/src/Illuminate/Routing/Route.php(266): Illuminate\\Routing\\ControllerDispatcher->dispatch()
#12 /var/www/jornada-automocion-api/vendor/laravel/framework/src/Illuminate/Routing/Route.php(212): Illuminate\\Routing\\Route->runController()
#13 /var/www/jornada-automocion-api/vendor/laravel/framework/src/Illuminate/Routing/Router.php(808): Illuminate\\Routing\\Route->run()
#14 /var/www/jornada-automocion-api/vendor/laravel/framework/src/Illuminate/Pipeline/Pipeline.php(170): Illuminate\\Routing\\Router->Illuminate\\Routing\\{closure}()
#15 /var/www/jornada-automocion-api/app/Http/Middleware/CheckUserStatus.php(17): Illuminate\\Pipeline\\Pipeline->Illuminate\\Pipeline\\{closure}()
#16 /var/www/jornada-automocion-api/vendor/laravel/framework/src/Illuminate/Pipeline/Pipeline.php(209): App\\Http\\Middleware\\CheckUserStatus->handle()
#17 /var/www/jornada-automocion-api/app/Http/Middleware/RoleMiddleware.php(25): Illuminate\\Pipeline\\Pipeline->Illuminate\\Pipeline\\{closure}()
#18 /var/www/jornada-automocion-api/vendor/laravel/framework/src/Illuminate/Pipeline/Pipeline.php(209): App\\Http\\Middleware\\RoleMiddleware->handle()
#19 /var/www/jornada-automocion-api/vendor/laravel/framework/src/Illuminate/Routing/Middleware/SubstituteBindings.php(51): Illuminate\\Pipeline\\Pipeline->Illuminate\\Pipeline\\{closure}()
#20 /var/www/jornada-automocion-api/vendor/laravel/framework/src/Illuminate/Pipeline/Pipeline.php(209): Illuminate\\Routing\\Middleware\\SubstituteBindings->handle()
#21 /var/www/jornada-automocion-api/vendor/laravel/framework/src/Illuminate/Auth/Middleware/Authenticate.php(64): Illuminate\\Pipeline\\Pipeline->Illuminate\\Pipeline\\{closure}()
#22 /var/www/jornada-automocion-api/vendor/laravel/framework/src/Illuminate/Pipeline/Pipeline.php(209): Illuminate\\Auth\\Middleware\\Authenticate->handle()
#23 /var/www/jornada-automocion-api/vendor/laravel/framework/src/Illuminate/Foundation/Http/Middleware/VerifyCsrfToken.php(88): Illuminate\\Pipeline\\Pipeline->Illuminate\\Pipeline\\{closure}()
#24 /var/www/jornada-automocion-api/vendor/laravel/framework/src/Illuminate/Pipeline/Pipeline.php(209): Illuminate\\Foundation\\Http\\Middleware\\VerifyCsrfToken->handle()
#25 /var/www/jornada-automocion-api/vendor/laravel/framework/src/Illuminate/View/Middleware/ShareErrorsFromSession.php(49): Illuminate\\Pipeline\\Pipeline->Illuminate\\Pipeline\\{closure}()
#26 /var/www/jornada-automocion-api/vendor/laravel/framework/src/Illuminate/Pipeline/Pipeline.php(209): Illuminate\\View\\Middleware\\ShareErrorsFromSession->handle()
#27 /var/www/jornada-automocion-api/vendor/laravel/framework/src/Illuminate/Session/Middleware/StartSession.php(121): Illuminate\\Pipeline\\Pipeline->Illuminate\\Pipeline\\{closure}()
#28 /var/www/jornada-automocion-api/vendor/laravel/framework/src/Illuminate/Session/Middleware/StartSession.php(64): Illuminate\\Session\\Middleware\\StartSession->handleStatefulRequest()
#29 /var/www/jornada-automocion-api/vendor/laravel/framework/src/Illuminate/Pipeline/Pipeline.php(209): Illuminate\\Session\\Middleware\\StartSession->handle()
#30 /var/www/jornada-automocion-api/vendor/laravel/framework/src/Illuminate/Cookie/Middleware/AddQueuedCookiesToResponse.php(37): Illuminate\\Pipeline\\Pipeline->Illuminate\\Pipeline\\{closure}()
#31 /var/www/jornada-automocion-api/vendor/laravel/framework/src/Illuminate/Pipeline/Pipeline.php(209): Illuminate\\Cookie\\Middleware\\AddQueuedCookiesToResponse->handle()
#32 /var/www/jornada-automocion-api/vendor/laravel/framework/src/Illuminate/Cookie/Middleware/EncryptCookies.php(75): Illuminate\\Pipeline\\Pipeline->Illuminate\\Pipeline\\{closure}()
#33 /var/www/jornada-automocion-api/vendor/laravel/framework/src/Illuminate/Pipeline/Pipeline.php(209): Illuminate\\Cookie\\Middleware\\EncryptCookies->handle()
#34 /var/www/jornada-automocion-api/vendor/laravel/framework/src/Illuminate/Pipeline/Pipeline.php(127): Illuminate\\Pipeline\\Pipeline->Illuminate\\Pipeline\\{closure}()
#35 /var/www/jornada-automocion-api/vendor/laravel/framework/src/Illuminate/Routing/Router.php(807): Illuminate\\Pipeline\\Pipeline->then()
#36 /var/www/jornada-automocion-api/vendor/laravel/framework/src/Illuminate/Routing/Router.php(786): Illuminate\\Routing\\Router->runRouteWithinStack()
#37 /var/www/jornada-automocion-api/vendor/laravel/framework/src/Illuminate/Routing/Router.php(750): Illuminate\\Routing\\Router->runRoute()
#38 /var/www/jornada-automocion-api/vendor/laravel/framework/src/Illuminate/Routing/Router.php(739): Illuminate\\Routing\\Router->dispatchToRoute()
#39 /var/www/jornada-automocion-api/vendor/laravel/framework/src/Illuminate/Foundation/Http/Kernel.php(201): Illuminate\\Routing\\Router->dispatch()
#40 /var/www/jornada-automocion-api/vendor/laravel/framework/src/Illuminate/Pipeline/Pipeline.php(170): Illuminate\\Foundation\\Http\\Kernel->Illuminate\\Foundation\\Http\\{closure}()
#41 /var/www/jornada-automocion-api/vendor/livewire/livewire/src/Features/SupportDisablingBackButtonCache/DisableBackButtonCacheMiddleware.php(19): Illuminate\\Pipeline\\Pipeline->Illuminate\\Pipeline\\{closure}()
#42 /var/www/jornada-automocion-api/vendor/laravel/framework/src/Illuminate/Pipeline/Pipeline.php(209): Livewire\\Features\\SupportDisablingBackButtonCache\\DisableBackButtonCacheMiddleware->handle()
#43 /var/www/jornada-automocion-api/vendor/laravel/framework/src/Illuminate/Foundation/Http/Middleware/TransformsRequest.php(21): Illuminate\\Pipeline\\Pipeline->Illuminate\\Pipeline\\{closure}()
#44 /var/www/jornada-automocion-api/vendor/laravel/framework/src/Illuminate/Foundation/Http/Middleware/ConvertEmptyStringsToNull.php(31): Illuminate\\Foundation\\Http\\Middleware\\TransformsRequest->handle()
#45 /var/www/jornada-automocion-api/vendor/laravel/framework/src/Illuminate/Pipeline/Pipeline.php(209): Illuminate\\Foundation\\Http\\Middleware\\ConvertEmptyStringsToNull->handle()
#46 /var/www/jornada-automocion-api/vendor/laravel/framework/src/Illuminate/Foundation/Http/Middleware/TransformsRequest.php(21): Illuminate\\Pipeline\\Pipeline->Illuminate\\Pipeline\\{closure}()
#47 /var/www/jornada-automocion-api/vendor/laravel/framework/src/Illuminate/Foundation/Http/Middleware/TrimStrings.php(51): Illuminate\\Foundation\\Http\\Middleware\\TransformsRequest->handle()
#48 /var/www/jornada-automocion-api/vendor/laravel/framework/src/Illuminate/Pipeline/Pipeline.php(209): Illuminate\\Foundation\\Http\\Middleware\\TrimStrings->handle()
#49 /var/www/jornada-automocion-api/vendor/laravel/framework/src/Illuminate/Http/Middleware/ValidatePostSize.php(27): Illuminate\\Pipeline\\Pipeline->Illuminate\\Pipeline\\{closure}()
#50 /var/www/jornada-automocion-api/vendor/laravel/framework/src/Illuminate/Pipeline/Pipeline.php(209): Illuminate\\Http\\Middleware\\ValidatePostSize->handle()
#51 /var/www/jornada-automocion-api/vendor/laravel/framework/src/Illuminate/Foundation/Http/Middleware/PreventRequestsDuringMaintenance.php(110): Illuminate\\Pipeline\\Pipeline->Illuminate\\Pipeline\\{closure}()
#52 /var/www/jornada-automocion-api/vendor/laravel/framework/src/Illuminate/Pipeline/Pipeline.php(209): Illuminate\\Foundation\\Http\\Middleware\\PreventRequestsDuringMaintenance->handle()
#53 /var/www/jornada-automocion-api/vendor/laravel/framework/src/Illuminate/Http/Middleware/HandleCors.php(49): Illuminate\\Pipeline\\Pipeline->Illuminate\\Pipeline\\{closure}()
#54 /var/www/jornada-automocion-api/vendor/laravel/framework/src/Illuminate/Pipeline/Pipeline.php(209): Illuminate\\Http\\Middleware\\HandleCors->handle()
#55 /var/www/jornada-automocion-api/vendor/laravel/framework/src/Illuminate/Http/Middleware/TrustProxies.php(58): Illuminate\\Pipeline\\Pipeline->Illuminate\\Pipeline\\{closure}()
#56 /var/www/jornada-automocion-api/vendor/laravel/framework/src/Illuminate/Pipeline/Pipeline.php(209): Illuminate\\Http\\Middleware\\TrustProxies->handle()
#57 /var/www/jornada-automocion-api/vendor/laravel/framework/src/Illuminate/Foundation/Http/Middleware/InvokeDeferredCallbacks.php(22): Illuminate\\Pipeline\\Pipeline->Illuminate\\Pipeline\\{closure}()
#58 /var/www/jornada-automocion-api/vendor/laravel/framework/src/Illuminate/Pipeline/Pipeline.php(209): Illuminate\\Foundation\\Http\\Middleware\\InvokeDeferredCallbacks->handle()
#59 /var/www/jornada-automocion-api/vendor/laravel/framework/src/Illuminate/Pipeline/Pipeline.php(127): Illuminate\\Pipeline\\Pipeline->Illuminate\\Pipeline\\{closure}()
#60 /var/www/jornada-automocion-api/vendor/laravel/framework/src/Illuminate/Foundation/Http/Kernel.php(176): Illuminate\\Pipeline\\Pipeline->then()
#61 /var/www/jornada-automocion-api/vendor/laravel/framework/src/Illuminate/Foundation/Http/Kernel.php(145): Illuminate\\Foundation\\Http\\Kernel->sendRequestThroughRouter()
#62 /var/www/jornada-automocion-api/vendor/laravel/framework/src/Illuminate/Foundation/Application.php(1220): Illuminate\\Foundation\\Http\\Kernel->handle()
#63 /var/www/jornada-automocion-api/public/index.php(17): Illuminate\\Foundation\\Application->handleRequest()
#64 {main}
"} 
[2026-05-16 08:15:35] production.INFO: UPLOAD IMAGE REQUEST {"_token":"WeS2BxVFYdmR8sET89PQewsNi53t5VWqBVhByZHI","_method":"PUT","title":"Actualización gas gas ec250 2005 a supermotard 2021","abstract":"La moto me costo 900 euros ya que se encontraba con una falla electrica. Se le han hecho: Todas las juntas, retenes y rodamientos ya que tenia varia fugas. Repasar instalación eléctrica. hacer suspensiones ya que perdían aceite Adaptar llantas de supermotard de beta, adaptar frenos y plastica.","tipos":["1","8"],"videoURL":null,"new_image_fase":"header","action":"upload_image","conclusion":null,"photoName":{"Illuminate\\Http\\UploadedFile":"/tmp/phpXxEtGl"},"new_project_image":{"Illuminate\\Http\\UploadedFile":"/tmp/phpEWN1ds"}} 
[2026-05-16 08:37:31] production.INFO: UPLOAD IMAGE REQUEST {"_token":"WeS2BxVFYdmR8sET89PQewsNi53t5VWqBVhByZHI","_method":"PUT","title":"Sustituir motor fer suspensions frenada trasera y algun problema elèctric que te","abstract":"Sustituir motor fer suspensions( reté s)frenada trasera(canviar líquid de frens, disc, pastilles) y algun problema elèctric que te (sensor de maneta de fre)","tipos":["1","6","8"],"videoURL":null,"new_image_fase":"initial","action":"upload_image","conclusion":null,"new_project_image":{"Illuminate\\Http\\UploadedFile":"/tmp/phpUoGwYr"}} 
[2026-05-16 08:38:20] production.INFO: UPLOAD IMAGE REQUEST {"_token":"WeS2BxVFYdmR8sET89PQewsNi53t5VWqBVhByZHI","_method":"PUT","title":"Sustituir motor fer suspensions frenada trasera y algun problema elèctric que te","abstract":"Sustituir motor fer suspensions( reté s)frenada trasera(canviar líquid de frens, disc, pastilles) y algun problema elèctric que te (sensor de maneta de fre)","videoURL":null,"new_image_fase":"procedimiento_1","action":"upload_image","image_descriptions":{"674":null},"conclusion":null,"new_project_image":{"Illuminate\\Http\\UploadedFile":"/tmp/phpI0W47V"}} 
[2026-05-16 08:39:03] production.INFO: UPLOAD IMAGE REQUEST {"_token":"WeS2BxVFYdmR8sET89PQewsNi53t5VWqBVhByZHI","_method":"PUT","title":"Sustituir motor fer suspensions frenada trasera y algun problema elèctric que te","abstract":"Sustituir motor fer suspensions( reté s)frenada trasera(canviar líquid de frens, disc, pastilles) y algun problema elèctric que te (sensor de maneta de fre)","videoURL":null,"new_image_fase":"procedimiento_2","action":"upload_image","image_descriptions":{"674":null,"675":null},"conclusion":null,"new_project_image":{"Illuminate\\Http\\UploadedFile":"/tmp/phpS98VVQ"}} 
[2026-05-16 08:39:52] production.INFO: UPLOAD IMAGE REQUEST {"_token":"WeS2BxVFYdmR8sET89PQewsNi53t5VWqBVhByZHI","_method":"PUT","title":"Sustituir motor fer suspensions frenada trasera y algun problema elèctric que te","abstract":"Sustituir motor fer suspensions( reté s)frenada trasera(canviar líquid de frens, disc, pastilles) y algun problema elèctric que te (sensor de maneta de fre)","videoURL":null,"new_image_fase":"procedimiento_3","action":"upload_image","image_descriptions":{"674":null,"675":null,"676":null},"conclusion":null,"new_project_image":{"Illuminate\\Http\\UploadedFile":"/tmp/php6fi2nI"}} 
[2026-05-16 08:40:17] production.INFO: UPLOAD IMAGE REQUEST {"_token":"WeS2BxVFYdmR8sET89PQewsNi53t5VWqBVhByZHI","_method":"PUT","title":"Sustituir motor fer suspensions frenada trasera y algun problema elèctric que te","abstract":"Sustituir motor fer suspensions( reté s)frenada trasera(canviar líquid de frens, disc, pastilles) y algun problema elèctric que te (sensor de maneta de fre)","videoURL":null,"new_image_fase":"final","action":"upload_image","image_descriptions":{"674":null,"675":null,"676":null,"677":null},"conclusion":null,"new_project_image":{"Illuminate\\Http\\UploadedFile":"/tmp/phpHu3bXy"}} 
[2026-05-16 10:32:52] production.INFO: UPLOAD IMAGE REQUEST {"_token":"Bz5FAw7wrSP6fkBMQxF9ZRJwq2CrRCUfq2nYQ3wf","_method":"PUT","title":"Restauración Sinestrada y Preparación Off-Road de un Mitsubishi Montero V20","abstract":"El objetivo principal del proyecto es la reparación y restauración funcional de un Mitsubishi Montero 2.5 TDI GLS (V20) dañado por un siniestro frontal. El trabajo combina el mantenimiento correctivo de chapa y mecánica con la optimización estética y de sus prestaciones dinámicas originales.","tipos":["1"],"videoURL":"https://www.youtube.com/watch?v=bb046jqrJ8A","new_image_fase":"initial","action":"upload_image","conclusion":null,"new_project_image":{"Illuminate\\Http\\UploadedFile":"/tmp/phpPE0aaY"}} 
[2026-05-16 10:33:28] production.INFO: UPLOAD IMAGE REQUEST {"_token":"Bz5FAw7wrSP6fkBMQxF9ZRJwq2CrRCUfq2nYQ3wf","_method":"PUT","title":"Restauración Sinestrada y Preparación Off-Road de un Mitsubishi Montero V20","abstract":"El objetivo principal del proyecto es la reparación y restauración funcional de un Mitsubishi Montero 2.5 TDI GLS (V20) dañado por un siniestro frontal. El trabajo combina el mantenimiento correctivo de chapa y mecánica con la optimización estética y de sus prestaciones dinámicas originales.","tipos":["1"],"videoURL":"https://www.youtube.com/watch?v=bb046jqrJ8A","new_image_fase":"procedimiento_1","action":"upload_image","image_descriptions":{"679":null},"conclusion":null,"new_project_image":{"Illuminate\\Http\\UploadedFile":"/tmp/phpAabGFt"}} 
[2026-05-16 10:33:50] production.INFO: UPLOAD IMAGE REQUEST {"_token":"Bz5FAw7wrSP6fkBMQxF9ZRJwq2CrRCUfq2nYQ3wf","_method":"PUT","title":"Restauración Sinestrada y Preparación Off-Road de un Mitsubishi Montero V20","abstract":"El objetivo principal del proyecto es la reparación y restauración funcional de un Mitsubishi Montero 2.5 TDI GLS (V20) dañado por un siniestro frontal. El trabajo combina el mantenimiento correctivo de chapa y mecánica con la optimización estética y de sus prestaciones dinámicas originales.","tipos":["1"],"videoURL":"https://www.youtube.com/watch?v=bb046jqrJ8A","new_image_fase":"procedimiento_2","action":"upload_image","image_descriptions":{"679":null,"680":null},"conclusion":null,"new_project_image":{"Illuminate\\Http\\UploadedFile":"/tmp/phpxvbJO7"}} 
[2026-05-16 10:34:08] production.INFO: UPLOAD IMAGE REQUEST {"_token":"Bz5FAw7wrSP6fkBMQxF9ZRJwq2CrRCUfq2nYQ3wf","_method":"PUT","title":"Restauración Sinestrada y Preparación Off-Road de un Mitsubishi Montero V20","abstract":"El objetivo principal del proyecto es la reparación y restauración funcional de un Mitsubishi Montero 2.5 TDI GLS (V20) dañado por un siniestro frontal. El trabajo combina el mantenimiento correctivo de chapa y mecánica con la optimización estética y de sus prestaciones dinámicas originales.","tipos":["1"],"videoURL":"https://www.youtube.com/watch?v=bb046jqrJ8A","new_image_fase":"procedimiento_3","action":"upload_image","image_descriptions":{"679":null,"680":null,"681":null},"conclusion":null,"new_project_image":{"Illuminate\\Http\\UploadedFile":"/tmp/php4XzzPL"}} 
[2026-05-16 10:34:33] production.INFO: UPLOAD IMAGE REQUEST {"_token":"Bz5FAw7wrSP6fkBMQxF9ZRJwq2CrRCUfq2nYQ3wf","_method":"PUT","title":"Restauración Sinestrada y Preparación Off-Road de un Mitsubishi Montero V20","abstract":"El objetivo principal del proyecto es la reparación y restauración funcional de un Mitsubishi Montero 2.5 TDI GLS (V20) dañado por un siniestro frontal. El trabajo combina el mantenimiento correctivo de chapa y mecánica con la optimización estética y de sus prestaciones dinámicas originales.","tipos":["1"],"videoURL":"https://www.youtube.com/watch?v=bb046jqrJ8A","new_image_fase":"header","action":"upload_image","image_descriptions":{"679":null,"680":null,"681":null,"682":null},"conclusion":null,"new_project_image":{"Illuminate\\Http\\UploadedFile":"/tmp/phpNDfW25"}} 
[2026-05-16 10:43:31] production.INFO: UPLOAD IMAGE REQUEST {"_token":"Bz5FAw7wrSP6fkBMQxF9ZRJwq2CrRCUfq2nYQ3wf","_method":"PUT","title":"Restauración Sinestrada y Preparación Off-Road de un Mitsubishi Montero V20","abstract":"El objetivo principal del proyecto es la reparación y restauración funcional de un Mitsubishi Montero 2.5 TDI GLS (V20) dañado por un siniestro frontal. El trabajo combina el mantenimiento correctivo de chapa y mecánica con la optimización estética y de sus prestaciones dinámicas originales.","tipos":["1"],"videoURL":"https://www.youtube.com/watch?v=bb046jqrJ8A","new_image_fase":"final","action":"upload_image","image_descriptions":{"679":"El vehículo presentaba un impacto de gran magnitud que afectó gravemente a los sistemas de dirección, suspensión y al conjunto de la rueda delantera izquierda","680":"Para poder realizar el enderezado correctamente, fue necesario cortar los soportes del brazo con el fin de liberar la tensión mecánica","681":"Para lograr el alineado correcto y devolver la pieza a su posición original, se utilizaron pistones hidráulicos combinados con la aplicación de calor mediante soplete","682":"Se abrió la culata para comprobar las condiciones del motor y revisar el líquido anticongelante, ya que se observó que estaba en mal estado"},"conclusion":"Este proyecto me ha permitido trabajar en múltiples ámbitos de la mecánica. A pesar de los constantes problemas que tuve que superar, ha sido una experiencia muy gratificante con la que he aprendido muchísimo y que me ha gustado mucho.","new_project_image":{"Illuminate\\Http\\UploadedFile":"/tmp/phproBXfK"}} 
[2026-05-16 13:30:51] production.DEBUG: From: Jornada =?utf-8?Q?automoci=C3=B3n?= <hello@example.com>
To: bielcadper@campus.monlau.com
Subject: Reset Password Notification
MIME-Version: 1.0
Date: Sat, 16 May 2026 13:30:51 +0000
Message-ID: <aeeb31b7cd4ef1a065f044c5b5753612@example.com>
Content-Type: multipart/alternative; boundary=-xY4QLvu

---xY4QLvu
Content-Type: text/plain; charset=utf-8
Content-Transfer-Encoding: quoted-printable

Jornada automoción: https://jornadaautomocion.monlau.com

# Hello!

You are receiving this email because we received a password reset request for your account.

Reset Password: https://jornadaautomocion.monlau.com/reset-password/8005dfb7a1784143f21ffd24c81d042eb74caf2cb7608a481211821aa5a74ac4?email=bielcadper%40campus.monlau.com

This password reset link will expire in 60 minutes.

If you did not request a password reset, no further action is required.

Regards,
Jornada automoción

If you're having trouble clicking the "Reset Password" button, copy and paste the URL below
into your web browser: [https://jornadaautomocion.monlau.com/reset-password/8005dfb7a1784143f21ffd24c81d042eb74caf2cb7608a481211821aa5a74ac4?email=bielcadper%40campus.monlau.com](https://jornadaautomocion.monlau.com/reset-password/8005dfb7a1784143f21ffd24c81d042eb74caf2cb7608a481211821aa5a74ac4?email=bielcadper%40campus.monlau.com)

© 2026 Jornada automoción. All rights reserved.

---xY4QLvu
Content-Type: text/html; charset=utf-8
Content-Transfer-Encoding: quoted-printable

<!DOCTYPE html PUBLIC "-//W3C//DTD XHTML 1.0 Transitional//EN" "http://www.w3.org/TR/xhtml1/DTD/xhtml1-transitional.dtd">
<html xmlns="http://www.w3.org/1999/xhtml">
<head>
<title>Jornada automoción</title>
<meta name="viewport" content="width=device-width, initial-scale=1.0">
<meta http-equiv="Content-Type" content="text/html; charset=UTF-8">
<meta name="color-scheme" content="light">
<meta name="supported-color-schemes" content="light">
<style>
@media only screen and (max-width: 600px) {
.inner-body {
width: 100% !important;
}

.footer {
width: 100% !important;
}
}

@media only screen and (max-width: 500px) {
.button {
width: 100% !important;
}
}
</style>

</head>
<body style="box-sizing: border-box; font-family: -apple-system, BlinkMacSystemFont, 'Segoe UI', Roboto, Helvetica, Arial, sans-serif, 'Apple Color Emoji', 'Segoe UI Emoji', 'Segoe UI Symbol'; position: relative; -webkit-text-size-adjust: none; background-color: #ffffff; color: #718096; height: 100%; line-height: 1.4; margin: 0; padding: 0; width: 100% !important;">

<table class="wrapper" width="100%" cellpadding="0" cellspacing="0" role="presentation" style="box-sizing: border-box; font-family: -apple-system, BlinkMacSystemFont, 'Segoe UI', Roboto, Helvetica, Arial, sans-serif, 'Apple Color Emoji', 'Segoe UI Emoji', 'Segoe UI Symbol'; position: relative; -premailer-cellpadding: 0; -premailer-cellspacing: 0; -premailer-width: 100%; background-color: #edf2f7; margin: 0; padding: 0; width: 100%;">
<tr>
<td align="center" style="box-sizing: border-box; font-family: -apple-system, BlinkMacSystemFont, 'Segoe UI', Roboto, Helvetica, Arial, sans-serif, 'Apple Color Emoji', 'Segoe UI Emoji', 'Segoe UI Symbol'; position: relative;">
<table class="content" width="100%" cellpadding="0" cellspacing="0" role="presentation" style="box-sizing: border-box; font-family: -apple-system, BlinkMacSystemFont, 'Segoe UI', Roboto, Helvetica, Arial, sans-serif, 'Apple Color Emoji', 'Segoe UI Emoji', 'Segoe UI Symbol'; position: relative; -premailer-cellpadding: 0; -premailer-cellspacing: 0; -premailer-width: 100%; margin: 0; padding: 0; width: 100%;">
<tr>
<td class="header" style="box-sizing: border-box; font-family: -apple-system, BlinkMacSystemFont, 'Segoe UI', Roboto, Helvetica, Arial, sans-serif, 'Apple Color Emoji', 'Segoe UI Emoji', 'Segoe UI Symbol'; position: relative; padding: 25px 0; text-align: center;">
<a href="https://jornadaautomocion.monlau.com" style="box-sizing: border-box; font-family: -apple-system, BlinkMacSystemFont, 'Segoe UI', Roboto, Helvetica, Arial, sans-serif, 'Apple Color Emoji', 'Segoe UI Emoji', 'Segoe UI Symbol'; position: relative; color: #3d4852; font-size: 19px; font-weight: bold; text-decoration: none; display: inline-block;">
Jornada automoción
</a>
</td>
</tr>

<!-- Email Body -->
<tr>
<td class="body" width="100%" cellpadding="0" cellspacing="0" style="box-sizing: border-box; font-family: -apple-system, BlinkMacSystemFont, 'Segoe UI', Roboto, Helvetica, Arial, sans-serif, 'Apple Color Emoji', 'Segoe UI Emoji', 'Segoe UI Symbol'; position: relative; -premailer-cellpadding: 0; -premailer-cellspacing: 0; -premailer-width: 100%; background-color: #edf2f7; border-bottom: 1px solid #edf2f7; border-top: 1px solid #edf2f7; margin: 0; padding: 0; width: 100%; border: hidden !important;">
<table class="inner-body" align="center" width="570" cellpadding="0" cellspacing="0" role="presentation" style="box-sizing: border-box; font-family: -apple-system, BlinkMacSystemFont, 'Segoe UI', Roboto, Helvetica, Arial, sans-serif, 'Apple Color Emoji', 'Segoe UI Emoji', 'Segoe UI Symbol'; position: relative; -premailer-cellpadding: 0; -premailer-cellspacing: 0; -premailer-width: 570px; background-color: #ffffff; border-color: #e8e5ef; border-radius: 2px; border-width: 1px; box-shadow: 0 2px 0 rgba(0, 0, 150, 0.025), 2px 4px 0 rgba(0, 0, 150, 0.015); margin: 0 auto; padding: 0; width: 570px;">
<!-- Body content -->
<tr>
<td class="content-cell" style="box-sizing: border-box; font-family: -apple-system, BlinkMacSystemFont, 'Segoe UI', Roboto, Helvetica, Arial, sans-serif, 'Apple Color Emoji', 'Segoe UI Emoji', 'Segoe UI Symbol'; position: relative; max-width: 100vw; padding: 32px;">
<h1 style="box-sizing: border-box; font-family: -apple-system, BlinkMacSystemFont, 'Segoe UI', Roboto, Helvetica, Arial, sans-serif, 'Apple Color Emoji', 'Segoe UI Emoji', 'Segoe UI Symbol'; position: relative; color: #3d4852; font-size: 18px; font-weight: bold; margin-top: 0; text-align: left;">Hello!</h1>
<p style="box-sizing: border-box; font-family: -apple-system, BlinkMacSystemFont, 'Segoe UI', Roboto, Helvetica, Arial, sans-serif, 'Apple Color Emoji', 'Segoe UI Emoji', 'Segoe UI Symbol'; position: relative; font-size: 16px; line-height: 1.5em; margin-top: 0; text-align: left;">You are receiving this email because we received a password reset request for your account.</p>
<table class="action" align="center" width="100%" cellpadding="0" cellspacing="0" role="presentation" style="box-sizing: border-box; font-family: -apple-system, BlinkMacSystemFont, 'Segoe UI', Roboto, Helvetica, Arial, sans-serif, 'Apple Color Emoji', 'Segoe UI Emoji', 'Segoe UI Symbol'; position: relative; -premailer-cellpadding: 0; -premailer-cellspacing: 0; -premailer-width: 100%; margin: 30px auto; padding: 0; text-align: center; width: 100%; float: unset;">
<tr>
<td align="center" style="box-sizing: border-box; font-family: -apple-system, BlinkMacSystemFont, 'Segoe UI', Roboto, Helvetica, Arial, sans-serif, 'Apple Color Emoji', 'Segoe UI Emoji', 'Segoe UI Symbol'; position: relative;">
<table width="100%" border="0" cellpadding="0" cellspacing="0" role="presentation" style="box-sizing: border-box; font-family: -apple-system, BlinkMacSystemFont, 'Segoe UI', Roboto, Helvetica, Arial, sans-serif, 'Apple Color Emoji', 'Segoe UI Emoji', 'Segoe UI Symbol'; position: relative;">
<tr>
<td align="center" style="box-sizing: border-box; font-family: -apple-system, BlinkMacSystemFont, 'Segoe UI', Roboto, Helvetica, Arial, sans-serif, 'Apple Color Emoji', 'Segoe UI Emoji', 'Segoe UI Symbol'; position: relative;">
<table border="0" cellpadding="0" cellspacing="0" role="presentation" style="box-sizing: border-box; font-family: -apple-system, BlinkMacSystemFont, 'Segoe UI', Roboto, Helvetica, Arial, sans-serif, 'Apple Color Emoji', 'Segoe UI Emoji', 'Segoe UI Symbol'; position: relative;">
<tr>
<td style="box-sizing: border-box; font-family: -apple-system, BlinkMacSystemFont, 'Segoe UI', Roboto, Helvetica, Arial, sans-serif, 'Apple Color Emoji', 'Segoe UI Emoji', 'Segoe UI Symbol'; position: relative;">
<a href="https://jornadaautomocion.monlau.com/reset-password/8005dfb7a1784143f21ffd24c81d042eb74caf2cb7608a481211821aa5a74ac4?email=bielcadper%40campus.monlau.com" class="button button-primary" target="_blank" rel="noopener" style="box-sizing: border-box; font-family: -apple-system, BlinkMacSystemFont, 'Segoe UI', Roboto, Helvetica, Arial, sans-serif, 'Apple Color Emoji', 'Segoe UI Emoji', 'Segoe UI Symbol'; position: relative; -webkit-text-size-adjust: none; border-radius: 4px; color: #fff; display: inline-block; overflow: hidden; text-decoration: none; background-color: #2d3748; border-bottom: 8px solid #2d3748; border-left: 18px solid #2d3748; border-right: 18px solid #2d3748; border-top: 8px solid #2d3748; word-break: break-all;">Reset Password</a>
</td>
</tr>
</table>
</td>
</tr>
</table>
</td>
</tr>
</table>
<p style="box-sizing: border-box; font-family: -apple-system, BlinkMacSystemFont, 'Segoe UI', Roboto, Helvetica, Arial, sans-serif, 'Apple Color Emoji', 'Segoe UI Emoji', 'Segoe UI Symbol'; position: relative; font-size: 16px; line-height: 1.5em; margin-top: 0; text-align: left;">This password reset link will expire in 60 minutes.</p>
<p style="box-sizing: border-box; font-family: -apple-system, BlinkMacSystemFont, 'Segoe UI', Roboto, Helvetica, Arial, sans-serif, 'Apple Color Emoji', 'Segoe UI Emoji', 'Segoe UI Symbol'; position: relative; font-size: 16px; line-height: 1.5em; margin-top: 0; text-align: left;">If you did not request a password reset, no further action is required.</p>
<p style="box-sizing: border-box; font-family: -apple-system, BlinkMacSystemFont, 'Segoe UI', Roboto, Helvetica, Arial, sans-serif, 'Apple Color Emoji', 'Segoe UI Emoji', 'Segoe UI Symbol'; position: relative; font-size: 16px; line-height: 1.5em; margin-top: 0; text-align: left;">Regards,<br>
Jornada automoción</p>


<table class="subcopy" width="100%" cellpadding="0" cellspacing="0" role="presentation" style="box-sizing: border-box; font-family: -apple-system, BlinkMacSystemFont, 'Segoe UI', Roboto, Helvetica, Arial, sans-serif, 'Apple Color Emoji', 'Segoe UI Emoji', 'Segoe UI Symbol'; position: relative; border-top: 1px solid #e8e5ef; margin-top: 25px; padding-top: 25px;">
<tr>
<td style="box-sizing: border-box; font-family: -apple-system, BlinkMacSystemFont, 'Segoe UI', Roboto, Helvetica, Arial, sans-serif, 'Apple Color Emoji', 'Segoe UI Emoji', 'Segoe UI Symbol'; position: relative;">
<p style="box-sizing: border-box; font-family: -apple-system, BlinkMacSystemFont, 'Segoe UI', Roboto, Helvetica, Arial, sans-serif, 'Apple Color Emoji', 'Segoe UI Emoji', 'Segoe UI Symbol'; position: relative; line-height: 1.5em; margin-top: 0; text-align: left; font-size: 14px;">If you're having trouble clicking the "Reset Password" button, copy and paste the URL below
into your web browser: <span class="break-all" style="box-sizing: border-box; font-family: -apple-system, BlinkMacSystemFont, 'Segoe UI', Roboto, Helvetica, Arial, sans-serif, 'Apple Color Emoji', 'Segoe UI Emoji', 'Segoe UI Symbol'; position: relative; word-break: break-all;"><a href="https://jornadaautomocion.monlau.com/reset-password/8005dfb7a1784143f21ffd24c81d042eb74caf2cb7608a481211821aa5a74ac4?email=bielcadper%40campus.monlau.com" style="box-sizing: border-box; font-family: -apple-system, BlinkMacSystemFont, 'Segoe UI', Roboto, Helvetica, Arial, sans-serif, 'Apple Color Emoji', 'Segoe UI Emoji', 'Segoe UI Symbol'; position: relative; color: #3869d4; word-break: break-all;">https://jornadaautomocion.monlau.com/reset-password/8005dfb7a1784143f21ffd24c81d042eb74caf2cb7608a481211821aa5a74ac4?email=bielcadper%40campus.monlau.com</a></span></p>

</td>
</tr>
</table>
</td>
</tr>
</table>
</td>
</tr>

<tr>
<td style="box-sizing: border-box; font-family: -apple-system, BlinkMacSystemFont, 'Segoe UI', Roboto, Helvetica, Arial, sans-serif, 'Apple Color Emoji', 'Segoe UI Emoji', 'Segoe UI Symbol'; position: relative;">
<table class="footer" align="center" width="570" cellpadding="0" cellspacing="0" role="presentation" style="box-sizing: border-box; font-family: -apple-system, BlinkMacSystemFont, 'Segoe UI', Roboto, Helvetica, Arial, sans-serif, 'Apple Color Emoji', 'Segoe UI Emoji', 'Segoe UI Symbol'; position: relative; -premailer-cellpadding: 0; -premailer-cellspacing: 0; -premailer-width: 570px; margin: 0 auto; padding: 0; text-align: center; width: 570px;">
<tr>
<td class="content-cell" align="center" style="box-sizing: border-box; font-family: -apple-system, BlinkMacSystemFont, 'Segoe UI', Roboto, Helvetica, Arial, sans-serif, 'Apple Color Emoji', 'Segoe UI Emoji', 'Segoe UI Symbol'; position: relative; max-width: 100vw; padding: 32px;">
<p style="box-sizing: border-box; font-family: -apple-system, BlinkMacSystemFont, 'Segoe UI', Roboto, Helvetica, Arial, sans-serif, 'Apple Color Emoji', 'Segoe UI Emoji', 'Segoe UI Symbol'; position: relative; line-height: 1.5em; margin-top: 0; color: #b0adc5; font-size: 12px; text-align: center;">© 2026 Jornada automoción. All rights reserved.</p>

</td>
</tr>
</table>
</td>
</tr>
</table>
</td>
</tr>
</table>
</body>
</html>
---xY4QLvu--
  
[2026-05-16 13:34:29] production.DEBUG: From: Jornada =?utf-8?Q?automoci=C3=B3n?= <hello@example.com>
To: bielcadper@campus.monlau.com
Subject: Reset Password Notification
MIME-Version: 1.0
Date: Sat, 16 May 2026 13:34:29 +0000
Message-ID: <d2ee47ae236537c9be70a34572ea4b6f@example.com>
Content-Type: multipart/alternative; boundary=Zl7GlNNW

--Zl7GlNNW
Content-Type: text/plain; charset=utf-8
Content-Transfer-Encoding: quoted-printable

Jornada automoción: https://jornadaautomocion.monlau.com

# Hello!

You are receiving this email because we received a password reset request for your account.

Reset Password: https://jornadaautomocion.monlau.com/reset-password/8b90ed71a1c26fbda6dbbdb8afe0a27e44899b50e9dd45ea4a1d2fbfb19b78c0?email=bielcadper%40campus.monlau.com

This password reset link will expire in 60 minutes.

If you did not request a password reset, no further action is required.

Regards,
Jornada automoción

If you're having trouble clicking the "Reset Password" button, copy and paste the URL below
into your web browser: [https://jornadaautomocion.monlau.com/reset-password/8b90ed71a1c26fbda6dbbdb8afe0a27e44899b50e9dd45ea4a1d2fbfb19b78c0?email=bielcadper%40campus.monlau.com](https://jornadaautomocion.monlau.com/reset-password/8b90ed71a1c26fbda6dbbdb8afe0a27e44899b50e9dd45ea4a1d2fbfb19b78c0?email=bielcadper%40campus.monlau.com)

© 2026 Jornada automoción. All rights reserved.

--Zl7GlNNW
Content-Type: text/html; charset=utf-8
Content-Transfer-Encoding: quoted-printable

<!DOCTYPE html PUBLIC "-//W3C//DTD XHTML 1.0 Transitional//EN" "http://www.w3.org/TR/xhtml1/DTD/xhtml1-transitional.dtd">
<html xmlns="http://www.w3.org/1999/xhtml">
<head>
<title>Jornada automoción</title>
<meta name="viewport" content="width=device-width, initial-scale=1.0">
<meta http-equiv="Content-Type" content="text/html; charset=UTF-8">
<meta name="color-scheme" content="light">
<meta name="supported-color-schemes" content="light">
<style>
@media only screen and (max-width: 600px) {
.inner-body {
width: 100% !important;
}

.footer {
width: 100% !important;
}
}

@media only screen and (max-width: 500px) {
.button {
width: 100% !important;
}
}
</style>

</head>
<body style="box-sizing: border-box; font-family: -apple-system, BlinkMacSystemFont, 'Segoe UI', Roboto, Helvetica, Arial, sans-serif, 'Apple Color Emoji', 'Segoe UI Emoji', 'Segoe UI Symbol'; position: relative; -webkit-text-size-adjust: none; background-color: #ffffff; color: #718096; height: 100%; line-height: 1.4; margin: 0; padding: 0; width: 100% !important;">

<table class="wrapper" width="100%" cellpadding="0" cellspacing="0" role="presentation" style="box-sizing: border-box; font-family: -apple-system, BlinkMacSystemFont, 'Segoe UI', Roboto, Helvetica, Arial, sans-serif, 'Apple Color Emoji', 'Segoe UI Emoji', 'Segoe UI Symbol'; position: relative; -premailer-cellpadding: 0; -premailer-cellspacing: 0; -premailer-width: 100%; background-color: #edf2f7; margin: 0; padding: 0; width: 100%;">
<tr>
<td align="center" style="box-sizing: border-box; font-family: -apple-system, BlinkMacSystemFont, 'Segoe UI', Roboto, Helvetica, Arial, sans-serif, 'Apple Color Emoji', 'Segoe UI Emoji', 'Segoe UI Symbol'; position: relative;">
<table class="content" width="100%" cellpadding="0" cellspacing="0" role="presentation" style="box-sizing: border-box; font-family: -apple-system, BlinkMacSystemFont, 'Segoe UI', Roboto, Helvetica, Arial, sans-serif, 'Apple Color Emoji', 'Segoe UI Emoji', 'Segoe UI Symbol'; position: relative; -premailer-cellpadding: 0; -premailer-cellspacing: 0; -premailer-width: 100%; margin: 0; padding: 0; width: 100%;">
<tr>
<td class="header" style="box-sizing: border-box; font-family: -apple-system, BlinkMacSystemFont, 'Segoe UI', Roboto, Helvetica, Arial, sans-serif, 'Apple Color Emoji', 'Segoe UI Emoji', 'Segoe UI Symbol'; position: relative; padding: 25px 0; text-align: center;">
<a href="https://jornadaautomocion.monlau.com" style="box-sizing: border-box; font-family: -apple-system, BlinkMacSystemFont, 'Segoe UI', Roboto, Helvetica, Arial, sans-serif, 'Apple Color Emoji', 'Segoe UI Emoji', 'Segoe UI Symbol'; position: relative; color: #3d4852; font-size: 19px; font-weight: bold; text-decoration: none; display: inline-block;">
Jornada automoción
</a>
</td>
</tr>

<!-- Email Body -->
<tr>
<td class="body" width="100%" cellpadding="0" cellspacing="0" style="box-sizing: border-box; font-family: -apple-system, BlinkMacSystemFont, 'Segoe UI', Roboto, Helvetica, Arial, sans-serif, 'Apple Color Emoji', 'Segoe UI Emoji', 'Segoe UI Symbol'; position: relative; -premailer-cellpadding: 0; -premailer-cellspacing: 0; -premailer-width: 100%; background-color: #edf2f7; border-bottom: 1px solid #edf2f7; border-top: 1px solid #edf2f7; margin: 0; padding: 0; width: 100%; border: hidden !important;">
<table class="inner-body" align="center" width="570" cellpadding="0" cellspacing="0" role="presentation" style="box-sizing: border-box; font-family: -apple-system, BlinkMacSystemFont, 'Segoe UI', Roboto, Helvetica, Arial, sans-serif, 'Apple Color Emoji', 'Segoe UI Emoji', 'Segoe UI Symbol'; position: relative; -premailer-cellpadding: 0; -premailer-cellspacing: 0; -premailer-width: 570px; background-color: #ffffff; border-color: #e8e5ef; border-radius: 2px; border-width: 1px; box-shadow: 0 2px 0 rgba(0, 0, 150, 0.025), 2px 4px 0 rgba(0, 0, 150, 0.015); margin: 0 auto; padding: 0; width: 570px;">
<!-- Body content -->
<tr>
<td class="content-cell" style="box-sizing: border-box; font-family: -apple-system, BlinkMacSystemFont, 'Segoe UI', Roboto, Helvetica, Arial, sans-serif, 'Apple Color Emoji', 'Segoe UI Emoji', 'Segoe UI Symbol'; position: relative; max-width: 100vw; padding: 32px;">
<h1 style="box-sizing: border-box; font-family: -apple-system, BlinkMacSystemFont, 'Segoe UI', Roboto, Helvetica, Arial, sans-serif, 'Apple Color Emoji', 'Segoe UI Emoji', 'Segoe UI Symbol'; position: relative; color: #3d4852; font-size: 18px; font-weight: bold; margin-top: 0; text-align: left;">Hello!</h1>
<p style="box-sizing: border-box; font-family: -apple-system, BlinkMacSystemFont, 'Segoe UI', Roboto, Helvetica, Arial, sans-serif, 'Apple Color Emoji', 'Segoe UI Emoji', 'Segoe UI Symbol'; position: relative; font-size: 16px; line-height: 1.5em; margin-top: 0; text-align: left;">You are receiving this email because we received a password reset request for your account.</p>
<table class="action" align="center" width="100%" cellpadding="0" cellspacing="0" role="presentation" style="box-sizing: border-box; font-family: -apple-system, BlinkMacSystemFont, 'Segoe UI', Roboto, Helvetica, Arial, sans-serif, 'Apple Color Emoji', 'Segoe UI Emoji', 'Segoe UI Symbol'; position: relative; -premailer-cellpadding: 0; -premailer-cellspacing: 0; -premailer-width: 100%; margin: 30px auto; padding: 0; text-align: center; width: 100%; float: unset;">
<tr>
<td align="center" style="box-sizing: border-box; font-family: -apple-system, BlinkMacSystemFont, 'Segoe UI', Roboto, Helvetica, Arial, sans-serif, 'Apple Color Emoji', 'Segoe UI Emoji', 'Segoe UI Symbol'; position: relative;">
<table width="100%" border="0" cellpadding="0" cellspacing="0" role="presentation" style="box-sizing: border-box; font-family: -apple-system, BlinkMacSystemFont, 'Segoe UI', Roboto, Helvetica, Arial, sans-serif, 'Apple Color Emoji', 'Segoe UI Emoji', 'Segoe UI Symbol'; position: relative;">
<tr>
<td align="center" style="box-sizing: border-box; font-family: -apple-system, BlinkMacSystemFont, 'Segoe UI', Roboto, Helvetica, Arial, sans-serif, 'Apple Color Emoji', 'Segoe UI Emoji', 'Segoe UI Symbol'; position: relative;">
<table border="0" cellpadding="0" cellspacing="0" role="presentation" style="box-sizing: border-box; font-family: -apple-system, BlinkMacSystemFont, 'Segoe UI', Roboto, Helvetica, Arial, sans-serif, 'Apple Color Emoji', 'Segoe UI Emoji', 'Segoe UI Symbol'; position: relative;">
<tr>
<td style="box-sizing: border-box; font-family: -apple-system, BlinkMacSystemFont, 'Segoe UI', Roboto, Helvetica, Arial, sans-serif, 'Apple Color Emoji', 'Segoe UI Emoji', 'Segoe UI Symbol'; position: relative;">
<a href="https://jornadaautomocion.monlau.com/reset-password/8b90ed71a1c26fbda6dbbdb8afe0a27e44899b50e9dd45ea4a1d2fbfb19b78c0?email=bielcadper%40campus.monlau.com" class="button button-primary" target="_blank" rel="noopener" style="box-sizing: border-box; font-family: -apple-system, BlinkMacSystemFont, 'Segoe UI', Roboto, Helvetica, Arial, sans-serif, 'Apple Color Emoji', 'Segoe UI Emoji', 'Segoe UI Symbol'; position: relative; -webkit-text-size-adjust: none; border-radius: 4px; color: #fff; display: inline-block; overflow: hidden; text-decoration: none; background-color: #2d3748; border-bottom: 8px solid #2d3748; border-left: 18px solid #2d3748; border-right: 18px solid #2d3748; border-top: 8px solid #2d3748; word-break: break-all;">Reset Password</a>
</td>
</tr>
</table>
</td>
</tr>
</table>
</td>
</tr>
</table>
<p style="box-sizing: border-box; font-family: -apple-system, BlinkMacSystemFont, 'Segoe UI', Roboto, Helvetica, Arial, sans-serif, 'Apple Color Emoji', 'Segoe UI Emoji', 'Segoe UI Symbol'; position: relative; font-size: 16px; line-height: 1.5em; margin-top: 0; text-align: left;">This password reset link will expire in 60 minutes.</p>
<p style="box-sizing: border-box; font-family: -apple-system, BlinkMacSystemFont, 'Segoe UI', Roboto, Helvetica, Arial, sans-serif, 'Apple Color Emoji', 'Segoe UI Emoji', 'Segoe UI Symbol'; position: relative; font-size: 16px; line-height: 1.5em; margin-top: 0; text-align: left;">If you did not request a password reset, no further action is required.</p>
<p style="box-sizing: border-box; font-family: -apple-system, BlinkMacSystemFont, 'Segoe UI', Roboto, Helvetica, Arial, sans-serif, 'Apple Color Emoji', 'Segoe UI Emoji', 'Segoe UI Symbol'; position: relative; font-size: 16px; line-height: 1.5em; margin-top: 0; text-align: left;">Regards,<br>
Jornada automoción</p>


<table class="subcopy" width="100%" cellpadding="0" cellspacing="0" role="presentation" style="box-sizing: border-box; font-family: -apple-system, BlinkMacSystemFont, 'Segoe UI', Roboto, Helvetica, Arial, sans-serif, 'Apple Color Emoji', 'Segoe UI Emoji', 'Segoe UI Symbol'; position: relative; border-top: 1px solid #e8e5ef; margin-top: 25px; padding-top: 25px;">
<tr>
<td style="box-sizing: border-box; font-family: -apple-system, BlinkMacSystemFont, 'Segoe UI', Roboto, Helvetica, Arial, sans-serif, 'Apple Color Emoji', 'Segoe UI Emoji', 'Segoe UI Symbol'; position: relative;">
<p style="box-sizing: border-box; font-family: -apple-system, BlinkMacSystemFont, 'Segoe UI', Roboto, Helvetica, Arial, sans-serif, 'Apple Color Emoji', 'Segoe UI Emoji', 'Segoe UI Symbol'; position: relative; line-height: 1.5em; margin-top: 0; text-align: left; font-size: 14px;">If you're having trouble clicking the "Reset Password" button, copy and paste the URL below
into your web browser: <span class="break-all" style="box-sizing: border-box; font-family: -apple-system, BlinkMacSystemFont, 'Segoe UI', Roboto, Helvetica, Arial, sans-serif, 'Apple Color Emoji', 'Segoe UI Emoji', 'Segoe UI Symbol'; position: relative; word-break: break-all;"><a href="https://jornadaautomocion.monlau.com/reset-password/8b90ed71a1c26fbda6dbbdb8afe0a27e44899b50e9dd45ea4a1d2fbfb19b78c0?email=bielcadper%40campus.monlau.com" style="box-sizing: border-box; font-family: -apple-system, BlinkMacSystemFont, 'Segoe UI', Roboto, Helvetica, Arial, sans-serif, 'Apple Color Emoji', 'Segoe UI Emoji', 'Segoe UI Symbol'; position: relative; color: #3869d4; word-break: break-all;">https://jornadaautomocion.monlau.com/reset-password/8b90ed71a1c26fbda6dbbdb8afe0a27e44899b50e9dd45ea4a1d2fbfb19b78c0?email=bielcadper%40campus.monlau.com</a></span></p>

</td>
</tr>
</table>
</td>
</tr>
</table>
</td>
</tr>

<tr>
<td style="box-sizing: border-box; font-family: -apple-system, BlinkMacSystemFont, 'Segoe UI', Roboto, Helvetica, Arial, sans-serif, 'Apple Color Emoji', 'Segoe UI Emoji', 'Segoe UI Symbol'; position: relative;">
<table class="footer" align="center" width="570" cellpadding="0" cellspacing="0" role="presentation" style="box-sizing: border-box; font-family: -apple-system, BlinkMacSystemFont, 'Segoe UI', Roboto, Helvetica, Arial, sans-serif, 'Apple Color Emoji', 'Segoe UI Emoji', 'Segoe UI Symbol'; position: relative; -premailer-cellpadding: 0; -premailer-cellspacing: 0; -premailer-width: 570px; margin: 0 auto; padding: 0; text-align: center; width: 570px;">
<tr>
<td class="content-cell" align="center" style="box-sizing: border-box; font-family: -apple-system, BlinkMacSystemFont, 'Segoe UI', Roboto, Helvetica, Arial, sans-serif, 'Apple Color Emoji', 'Segoe UI Emoji', 'Segoe UI Symbol'; position: relative; max-width: 100vw; padding: 32px;">
<p style="box-sizing: border-box; font-family: -apple-system, BlinkMacSystemFont, 'Segoe UI', Roboto, Helvetica, Arial, sans-serif, 'Apple Color Emoji', 'Segoe UI Emoji', 'Segoe UI Symbol'; position: relative; line-height: 1.5em; margin-top: 0; color: #b0adc5; font-size: 12px; text-align: center;">© 2026 Jornada automoción. All rights reserved.</p>

</td>
</tr>
</table>
</td>
</tr>
</table>
</td>
</tr>
</table>
</body>
</html>
--Zl7GlNNW--
  
[2026-05-16 17:40:47] production.INFO: UPLOAD IMAGE REQUEST {"_token":"5gYgV2wAtgniJGiTnOoqtHEJ2LBQ9cxmsWIsKnwk","_method":"PUT","title":"Restauración y puesta a punto de una macbor shifter 125","abstract":"Se ha hecho una restauración y puesta a punto de una motocicleta de un familiar que fue robada y se logró encontrar, a la cual hemos hecho una inspección de los componentes, los mantenimientos básicos, reemplazar las piezas que están fuera de tolerancia y reparación de piezas mecánicas que se pudieron recuperar.","tipos":["1","8"],"videoURL":null,"new_image_fase":"initial","action":"upload_image","conclusion":null,"new_project_image":{"Illuminate\\Http\\UploadedFile":"/tmp/phpZvBKM9"}} 
[2026-05-16 17:44:21] production.INFO: UPLOAD IMAGE REQUEST {"_token":"5gYgV2wAtgniJGiTnOoqtHEJ2LBQ9cxmsWIsKnwk","_method":"PUT","title":"Restauración y puesta a punto de una macbor shifter 125","abstract":"Se ha hecho una restauración y puesta a punto de una motocicleta de un familiar que fue robada y se logró encontrar, a la cual hemos hecho una inspección de los componentes, los mantenimientos básicos, reemplazar las piezas que están fuera de tolerancia y reparación de piezas mecánicas que se pudieron recuperar.","videoURL":null,"new_image_fase":"procedimiento_1","action":"upload_image","image_descriptions":{"685":null},"conclusion":null,"new_project_image":{"Illuminate\\Http\\UploadedFile":"/tmp/phpbzx1bj"}} 
[2026-05-16 17:44:49] production.INFO: UPLOAD IMAGE REQUEST {"_token":"5gYgV2wAtgniJGiTnOoqtHEJ2LBQ9cxmsWIsKnwk","_method":"PUT","title":"Restauración y puesta a punto de una macbor shifter 125","abstract":"Se ha hecho una restauración y puesta a punto de una motocicleta de un familiar que fue robada y se logró encontrar, a la cual hemos hecho una inspección de los componentes, los mantenimientos básicos, reemplazar las piezas que están fuera de tolerancia y reparación de piezas mecánicas que se pudieron recuperar.","videoURL":null,"new_image_fase":"procedimiento_1","action":"upload_image","image_descriptions":{"685":null},"conclusion":null,"new_project_image":{"Illuminate\\Http\\UploadedFile":"/tmp/phpCfR5o0"}} 
[2026-05-16 17:45:06] production.INFO: UPLOAD IMAGE REQUEST {"_token":"5gYgV2wAtgniJGiTnOoqtHEJ2LBQ9cxmsWIsKnwk","_method":"PUT","title":"Restauración y puesta a punto de una macbor shifter 125","abstract":"Se ha hecho una restauración y puesta a punto de una motocicleta de un familiar que fue robada y se logró encontrar, a la cual hemos hecho una inspección de los componentes, los mantenimientos básicos, reemplazar las piezas que están fuera de tolerancia y reparación de piezas mecánicas que se pudieron recuperar.","videoURL":null,"new_image_fase":"procedimiento_1","action":"upload_image","image_descriptions":{"685":null,"687":null},"conclusion":null,"new_project_image":{"Illuminate\\Http\\UploadedFile":"/tmp/phpMXL6LB"}} 
[2026-05-16 17:45:21] production.INFO: UPLOAD IMAGE REQUEST {"_token":"5gYgV2wAtgniJGiTnOoqtHEJ2LBQ9cxmsWIsKnwk","_method":"PUT","title":"Restauración y puesta a punto de una macbor shifter 125","abstract":"Se ha hecho una restauración y puesta a punto de una motocicleta de un familiar que fue robada y se logró encontrar, a la cual hemos hecho una inspección de los componentes, los mantenimientos básicos, reemplazar las piezas que están fuera de tolerancia y reparación de piezas mecánicas que se pudieron recuperar.","videoURL":null,"new_image_fase":"procedimiento_1","action":"upload_image","image_descriptions":{"685":null},"conclusion":null,"new_project_image":{"Illuminate\\Http\\UploadedFile":"/tmp/php9bNHLE"}} 
[2026-05-16 17:45:30] production.INFO: UPLOAD IMAGE REQUEST {"_token":"5gYgV2wAtgniJGiTnOoqtHEJ2LBQ9cxmsWIsKnwk","_method":"PUT","title":"Restauración y puesta a punto de una macbor shifter 125","abstract":"Se ha hecho una restauración y puesta a punto de una motocicleta de un familiar que fue robada y se logró encontrar, a la cual hemos hecho una inspección de los componentes, los mantenimientos básicos, reemplazar las piezas que están fuera de tolerancia y reparación de piezas mecánicas que se pudieron recuperar.","videoURL":null,"new_image_fase":"procedimiento_2","action":"upload_image","image_descriptions":{"685":null,"689":null},"conclusion":null,"new_project_image":{"Illuminate\\Http\\UploadedFile":"/tmp/phphBhNJs"}} 
[2026-05-16 17:45:46] production.INFO: UPLOAD IMAGE REQUEST {"_token":"5gYgV2wAtgniJGiTnOoqtHEJ2LBQ9cxmsWIsKnwk","_method":"PUT","title":"Restauración y puesta a punto de una macbor shifter 125","abstract":"Se ha hecho una restauración y puesta a punto de una motocicleta de un familiar que fue robada y se logró encontrar, a la cual hemos hecho una inspección de los componentes, los mantenimientos básicos, reemplazar las piezas que están fuera de tolerancia y reparación de piezas mecánicas que se pudieron recuperar.","videoURL":null,"new_image_fase":"header","action":"upload_image","image_descriptions":{"685":null,"689":null,"690":null},"conclusion":null,"new_project_image":{"Illuminate\\Http\\UploadedFile":"/tmp/phpNi9d4u"}} 
[2026-05-16 17:46:22] production.INFO: UPLOAD IMAGE REQUEST {"_token":"5gYgV2wAtgniJGiTnOoqtHEJ2LBQ9cxmsWIsKnwk","_method":"PUT","title":"Restauración y puesta a punto de una macbor shifter 125","abstract":"Se ha hecho una restauración y puesta a punto de una motocicleta de un familiar que fue robada y se logró encontrar, a la cual hemos hecho una inspección de los componentes, los mantenimientos básicos, reemplazar las piezas que están fuera de tolerancia y reparación de piezas mecánicas que se pudieron recuperar.","videoURL":null,"new_image_fase":"procedimiento_3","action":"upload_image","image_descriptions":{"685":null,"689":null,"690":null},"conclusion":null,"new_project_image":{"Illuminate\\Http\\UploadedFile":"/tmp/phpRz3ACj"}} 
[2026-05-16 21:08:18] production.INFO: UPLOAD IMAGE REQUEST {"_token":"AmS2rqpKKSztczGcSoyg6x5aZcBbhV4ZfqXO09lv","_method":"PUT","title":"Peugeot 208 r2 Rally","abstract":"Mantenimiento de un coche de competición después de una temporada corriendo rallys para su próximo año de competición.","tipos":["1","9"],"videoURL":null,"new_image_fase":"header","action":"upload_image","conclusion":".","photoName":{"Illuminate\\Http\\UploadedFile":"/tmp/phpi5eflA"},"new_project_image":{"Illuminate\\Http\\UploadedFile":"/tmp/phpaiba8O"}} 
[2026-05-16 21:09:59] production.INFO: UPLOAD IMAGE REQUEST {"_token":"AmS2rqpKKSztczGcSoyg6x5aZcBbhV4ZfqXO09lv","_method":"PUT","title":"Peugeot 208 r2 Rally","abstract":"Mantenimiento de un coche de competición después de una temporada corriendo rallys para su próximo año de competición.","tipos":["1","9"],"videoURL":null,"new_image_fase":"initial","action":"upload_image","conclusion":".","new_project_image":{"Illuminate\\Http\\UploadedFile":"/tmp/phpTDmrT0"}} 
[2026-05-16 21:10:32] production.INFO: UPLOAD IMAGE REQUEST {"_token":"AmS2rqpKKSztczGcSoyg6x5aZcBbhV4ZfqXO09lv","_method":"PUT","title":"Peugeot 208 r2 Rally","abstract":"Mantenimiento de un coche de competición después de una temporada corriendo rallys para su próximo año de competición.","tipos":["1","9"],"videoURL":null,"new_image_fase":"procedimiento_1","action":"upload_image","image_descriptions":{"694":null},"conclusion":".","new_project_image":{"Illuminate\\Http\\UploadedFile":"/tmp/phptcP36u"}} 
[2026-05-16 21:12:13] production.INFO: UPLOAD IMAGE REQUEST {"_token":"AmS2rqpKKSztczGcSoyg6x5aZcBbhV4ZfqXO09lv","_method":"PUT","title":"Peugeot 208 r2 Rally","abstract":"Mantenimiento de un coche de competición después de una temporada corriendo rallys para su próximo año de competición.","tipos":["1","9"],"videoURL":null,"new_image_fase":"procedimiento_2","action":"upload_image","image_descriptions":{"694":null,"695":null},"conclusion":".","new_project_image":{"Illuminate\\Http\\UploadedFile":"/tmp/phpUj8xDN"}} 
[2026-05-16 21:12:24] production.INFO: UPLOAD IMAGE REQUEST {"_token":"AmS2rqpKKSztczGcSoyg6x5aZcBbhV4ZfqXO09lv","_method":"PUT","title":"Peugeot 208 r2 Rally","abstract":"Mantenimiento de un coche de competición después de una temporada corriendo rallys para su próximo año de competición.","tipos":["1","9"],"videoURL":null,"new_image_fase":"procedimiento_3","action":"upload_image","image_descriptions":{"694":null,"695":null,"696":null},"conclusion":".","new_project_image":{"Illuminate\\Http\\UploadedFile":"/tmp/phpT4FKJW"}} 
[2026-05-16 21:12:34] production.INFO: UPLOAD IMAGE REQUEST {"_token":"AmS2rqpKKSztczGcSoyg6x5aZcBbhV4ZfqXO09lv","_method":"PUT","title":"Peugeot 208 r2 Rally","abstract":"Mantenimiento de un coche de competición después de una temporada corriendo rallys para su próximo año de competición.","tipos":["1","9"],"videoURL":null,"new_image_fase":"final","action":"upload_image","image_descriptions":{"694":null,"695":null,"696":null,"697":null},"conclusion":".","new_project_image":{"Illuminate\\Http\\UploadedFile":"/tmp/phpjL494r"}} 
[2026-05-16 22:58:41] production.INFO: UPLOAD IMAGE REQUEST {"_token":"PgYez0tbyZa8iNCANDc0D0BvbXIqb4CAm52zG5UL","_method":"PUT","title":"Supermotard","abstract":"El proyecto trata sobre montar una moto de supermotard desde 0. Compro piezas de segunda mano, las verifico, limpio, engraso y monto. Cuando la tenga montada la iré a probar a un circuito.","tipos":["1","8"],"videoURL":null,"new_image_fase":"header","action":"upload_image","conclusion":null,"photoName":{"Illuminate\\Http\\UploadedFile":"/tmp/phpyme6s1"},"new_project_image":{"Illuminate\\Http\\UploadedFile":"/tmp/phpG1VpnX"}} 
[2026-05-16 23:00:33] production.INFO: UPLOAD IMAGE REQUEST {"_token":"PgYez0tbyZa8iNCANDc0D0BvbXIqb4CAm52zG5UL","_method":"PUT","title":"Supermotard","abstract":"El proyecto trata sobre montar una moto de supermotard desde 0. Compro piezas de segunda mano, las verifico, limpio, engraso y monto. Cuando la tenga montada iré al circuito a probarla.","tipos":["1","8"],"videoURL":null,"new_image_fase":"initial","action":"upload_image","conclusion":null,"photoName":{"Illuminate\\Http\\UploadedFile":"/tmp/phpJt61Wf"},"new_project_image":{"Illuminate\\Http\\UploadedFile":"/tmp/phpF41pzM"}} 
[2026-05-16 23:01:01] production.INFO: UPLOAD IMAGE REQUEST {"_token":"PgYez0tbyZa8iNCANDc0D0BvbXIqb4CAm52zG5UL","_method":"PUT","title":"Supermotard","abstract":"El proyecto trata sobre montar una moto de supermotard desde 0. Compro piezas de segunda mano, las verifico, limpio, engraso y monto. La parte eléctrica trata sobre revisar todo el sistema eléctrico. Cuando esté todo montado la probaré en un circuito, y cambiaré todo los ajustes de geometría de la moto para ponerla a mi estilo de pilotaje.","videoURL":null,"new_image_fase":"procedimiento_1","action":"upload_image","image_descriptions":{"700":null},"conclusion":null,"new_project_image":{"Illuminate\\Http\\UploadedFile":"/tmp/phpiTOOzI"}} 
[2026-05-16 23:01:40] production.INFO: UPLOAD IMAGE REQUEST {"_token":"PgYez0tbyZa8iNCANDc0D0BvbXIqb4CAm52zG5UL","_method":"PUT","title":"Supermotard","abstract":"El proyecto trata sobre montar una moto de supermotard desde 0. Compro piezas de segunda mano, las verifico, limpio, engraso y monto. La parte eléctrica trata sobre revisar todo el sistema eléctrico. Cuando esté todo montado la probaré en un circuito, y cambiaré todo los ajustes de geometría de la moto para ponerla a mi estilo de pilotaje.","videoURL":null,"new_image_fase":"procedimiento_2","action":"upload_image","image_descriptions":{"700":null,"701":null},"conclusion":null,"new_project_image":{"Illuminate\\Http\\UploadedFile":"/tmp/phpjgkM1Y"}} 
[2026-05-16 23:02:12] production.INFO: UPLOAD IMAGE REQUEST {"_token":"PgYez0tbyZa8iNCANDc0D0BvbXIqb4CAm52zG5UL","_method":"PUT","title":"Supermotard","abstract":"El proyecto trata sobre montar una moto de supermotard desde 0. Compro piezas de segunda mano, las verifico, limpio, engraso y monto. La parte eléctrica trata sobre revisar todo el sistema eléctrico. Cuando esté todo montado la probaré en un circuito, y cambiaré todo los ajustes de geometría de la moto para ponerla a mi estilo de pilotaje.","videoURL":null,"new_image_fase":"header","action":"upload_image","image_descriptions":{"700":null,"701":null,"702":null},"conclusion":null,"new_project_image":{"Illuminate\\Http\\UploadedFile":"/tmp/phpvDB3s5"}} 
[2026-05-16 23:03:11] production.INFO: UPLOAD IMAGE REQUEST {"_token":"PgYez0tbyZa8iNCANDc0D0BvbXIqb4CAm52zG5UL","_method":"PUT","title":"Supermotard","abstract":"El proyecto trata sobre montar una moto de supermotard desde 0. Compro piezas de segunda mano, las verifico, limpio, engraso y monto. La parte eléctrica trata sobre revisar todo el sistema eléctrico. Cuando esté todo montado la probaré en un circuito, y cambiaré todo los ajustes de geometría de la moto para ponerla a mi estilo de pilotaje.","videoURL":null,"new_image_fase":"procedimiento_3","action":"upload_image","image_descriptions":{"700":null,"701":null,"702":null},"conclusion":null,"new_project_image":{"Illuminate\\Http\\UploadedFile":"/tmp/phpDJnHCQ"}} 
[2026-05-16 23:03:42] production.INFO: UPLOAD IMAGE REQUEST {"_token":"PgYez0tbyZa8iNCANDc0D0BvbXIqb4CAm52zG5UL","_method":"PUT","title":"Supermotard","abstract":"El proyecto trata sobre montar una moto de supermotard desde 0. Compro piezas de segunda mano, las verifico, limpio, engraso y monto. La parte eléctrica trata sobre revisar todo el sistema eléctrico. Cuando esté todo montado la probaré en un circuito, y cambiaré todo los ajustes de geometría de la moto para ponerla a mi estilo de pilotaje.","videoURL":null,"new_image_fase":"final","action":"upload_image","image_descriptions":{"700":null,"701":null,"702":null,"704":null},"conclusion":null,"new_project_image":{"Illuminate\\Http\\UploadedFile":"/tmp/phpu56Ajy"}} 
[2026-05-16 23:04:11] production.INFO: UPLOAD IMAGE REQUEST {"_token":"PgYez0tbyZa8iNCANDc0D0BvbXIqb4CAm52zG5UL","_method":"PUT","title":"Supermotard","abstract":"El proyecto trata sobre montar una moto de supermotard desde 0. Compro piezas de segunda mano, las verifico, limpio, engraso y monto. La parte eléctrica trata sobre revisar todo el sistema eléctrico. Cuando esté todo montado la probaré en un circuito, y cambiaré todo los ajustes de geometría de la moto para ponerla a mi estilo de pilotaje.","tipos":["1","8"],"videoURL":null,"new_image_fase":"header","action":"upload_image","image_descriptions":{"700":null,"701":null,"702":null,"704":null,"705":null},"conclusion":null,"new_project_image":{"Illuminate\\Http\\UploadedFile":"/tmp/phpOTvrK4"}} 
