[2026-05-07 06:38:53] production.ERROR: Error Login Microsoft: Client error: `POST https://login.microsoftonline.com/common/oauth2/v2.0/token` resulted in a `400 Bad Request` response:
{"error":"invalid_grant","error_description":"AADSTS54005: OAuth2 Authorization code was already redeemed, please retry  (truncated...)
  
[2026-05-07 06:39:03] production.ERROR: Error Login Microsoft: Client error: `POST https://login.microsoftonline.com/common/oauth2/v2.0/token` resulted in a `400 Bad Request` response:
{"error":"invalid_grant","error_description":"AADSTS54005: OAuth2 Authorization code was already redeemed, please retry  (truncated...)
  
[2026-05-07 06:39:14] production.DEBUG: From: Jornada =?utf-8?Q?automoci=C3=B3n?= <hello@example.com>
To: johnmormon@campus.monlau.com
Subject: Reset Password Notification
MIME-Version: 1.0
Date: Thu, 07 May 2026 06:39:14 +0000
Message-ID: <415f577ba883d91cfff80f7e73191565@example.com>
Content-Type: multipart/alternative; boundary=p2grWHvu

--p2grWHvu
Content-Type: text/plain; charset=utf-8
Content-Transfer-Encoding: quoted-printable

Jornada automoción: https://jornadaautomocion.monlau.com

# Hello!

You are receiving this email because we received a password reset request for your account.

Reset Password: https://jornadaautomocion.monlau.com/reset-password/8b682c34ca53d851487bfbcb63f506df6f71c27a651430a0de1377ec9aea893b?email=johnmormon%40campus.monlau.com

This password reset link will expire in 60 minutes.

If you did not request a password reset, no further action is required.

Regards,
Jornada automoción

If you're having trouble clicking the "Reset Password" button, copy and paste the URL below
into your web browser: [https://jornadaautomocion.monlau.com/reset-password/8b682c34ca53d851487bfbcb63f506df6f71c27a651430a0de1377ec9aea893b?email=johnmormon%40campus.monlau.com](https://jornadaautomocion.monlau.com/reset-password/8b682c34ca53d851487bfbcb63f506df6f71c27a651430a0de1377ec9aea893b?email=johnmormon%40campus.monlau.com)

© 2026 Jornada automoción. All rights reserved.

--p2grWHvu
Content-Type: text/html; charset=utf-8
Content-Transfer-Encoding: quoted-printable

<!DOCTYPE html PUBLIC "-//W3C//DTD XHTML 1.0 Transitional//EN" "http://www.w3.org/TR/xhtml1/DTD/xhtml1-transitional.dtd">
<html xmlns="http://www.w3.org/1999/xhtml">
<head>
<title>Jornada automoción</title>
<meta name="viewport" content="width=device-width, initial-scale=1.0">
<meta http-equiv="Content-Type" content="text/html; charset=UTF-8">
<meta name="color-scheme" content="light">
<meta name="supported-color-schemes" content="light">
<style>
@media only screen and (max-width: 600px) {
.inner-body {
width: 100% !important;
}

.footer {
width: 100% !important;
}
}

@media only screen and (max-width: 500px) {
.button {
width: 100% !important;
}
}
</style>

</head>
<body style="box-sizing: border-box; font-family: -apple-system, BlinkMacSystemFont, 'Segoe UI', Roboto, Helvetica, Arial, sans-serif, 'Apple Color Emoji', 'Segoe UI Emoji', 'Segoe UI Symbol'; position: relative; -webkit-text-size-adjust: none; background-color: #ffffff; color: #718096; height: 100%; line-height: 1.4; margin: 0; padding: 0; width: 100% !important;">

<table class="wrapper" width="100%" cellpadding="0" cellspacing="0" role="presentation" style="box-sizing: border-box; font-family: -apple-system, BlinkMacSystemFont, 'Segoe UI', Roboto, Helvetica, Arial, sans-serif, 'Apple Color Emoji', 'Segoe UI Emoji', 'Segoe UI Symbol'; position: relative; -premailer-cellpadding: 0; -premailer-cellspacing: 0; -premailer-width: 100%; background-color: #edf2f7; margin: 0; padding: 0; width: 100%;">
<tr>
<td align="center" style="box-sizing: border-box; font-family: -apple-system, BlinkMacSystemFont, 'Segoe UI', Roboto, Helvetica, Arial, sans-serif, 'Apple Color Emoji', 'Segoe UI Emoji', 'Segoe UI Symbol'; position: relative;">
<table class="content" width="100%" cellpadding="0" cellspacing="0" role="presentation" style="box-sizing: border-box; font-family: -apple-system, BlinkMacSystemFont, 'Segoe UI', Roboto, Helvetica, Arial, sans-serif, 'Apple Color Emoji', 'Segoe UI Emoji', 'Segoe UI Symbol'; position: relative; -premailer-cellpadding: 0; -premailer-cellspacing: 0; -premailer-width: 100%; margin: 0; padding: 0; width: 100%;">
<tr>
<td class="header" style="box-sizing: border-box; font-family: -apple-system, BlinkMacSystemFont, 'Segoe UI', Roboto, Helvetica, Arial, sans-serif, 'Apple Color Emoji', 'Segoe UI Emoji', 'Segoe UI Symbol'; position: relative; padding: 25px 0; text-align: center;">
<a href="https://jornadaautomocion.monlau.com" style="box-sizing: border-box; font-family: -apple-system, BlinkMacSystemFont, 'Segoe UI', Roboto, Helvetica, Arial, sans-serif, 'Apple Color Emoji', 'Segoe UI Emoji', 'Segoe UI Symbol'; position: relative; color: #3d4852; font-size: 19px; font-weight: bold; text-decoration: none; display: inline-block;">
Jornada automoción
</a>
</td>
</tr>

<!-- Email Body -->
<tr>
<td class="body" width="100%" cellpadding="0" cellspacing="0" style="box-sizing: border-box; font-family: -apple-system, BlinkMacSystemFont, 'Segoe UI', Roboto, Helvetica, Arial, sans-serif, 'Apple Color Emoji', 'Segoe UI Emoji', 'Segoe UI Symbol'; position: relative; -premailer-cellpadding: 0; -premailer-cellspacing: 0; -premailer-width: 100%; background-color: #edf2f7; border-bottom: 1px solid #edf2f7; border-top: 1px solid #edf2f7; margin: 0; padding: 0; width: 100%; border: hidden !important;">
<table class="inner-body" align="center" width="570" cellpadding="0" cellspacing="0" role="presentation" style="box-sizing: border-box; font-family: -apple-system, BlinkMacSystemFont, 'Segoe UI', Roboto, Helvetica, Arial, sans-serif, 'Apple Color Emoji', 'Segoe UI Emoji', 'Segoe UI Symbol'; position: relative; -premailer-cellpadding: 0; -premailer-cellspacing: 0; -premailer-width: 570px; background-color: #ffffff; border-color: #e8e5ef; border-radius: 2px; border-width: 1px; box-shadow: 0 2px 0 rgba(0, 0, 150, 0.025), 2px 4px 0 rgba(0, 0, 150, 0.015); margin: 0 auto; padding: 0; width: 570px;">
<!-- Body content -->
<tr>
<td class="content-cell" style="box-sizing: border-box; font-family: -apple-system, BlinkMacSystemFont, 'Segoe UI', Roboto, Helvetica, Arial, sans-serif, 'Apple Color Emoji', 'Segoe UI Emoji', 'Segoe UI Symbol'; position: relative; max-width: 100vw; padding: 32px;">
<h1 style="box-sizing: border-box; font-family: -apple-system, BlinkMacSystemFont, 'Segoe UI', Roboto, Helvetica, Arial, sans-serif, 'Apple Color Emoji', 'Segoe UI Emoji', 'Segoe UI Symbol'; position: relative; color: #3d4852; font-size: 18px; font-weight: bold; margin-top: 0; text-align: left;">Hello!</h1>
<p style="box-sizing: border-box; font-family: -apple-system, BlinkMacSystemFont, 'Segoe UI', Roboto, Helvetica, Arial, sans-serif, 'Apple Color Emoji', 'Segoe UI Emoji', 'Segoe UI Symbol'; position: relative; font-size: 16px; line-height: 1.5em; margin-top: 0; text-align: left;">You are receiving this email because we received a password reset request for your account.</p>
<table class="action" align="center" width="100%" cellpadding="0" cellspacing="0" role="presentation" style="box-sizing: border-box; font-family: -apple-system, BlinkMacSystemFont, 'Segoe UI', Roboto, Helvetica, Arial, sans-serif, 'Apple Color Emoji', 'Segoe UI Emoji', 'Segoe UI Symbol'; position: relative; -premailer-cellpadding: 0; -premailer-cellspacing: 0; -premailer-width: 100%; margin: 30px auto; padding: 0; text-align: center; width: 100%; float: unset;">
<tr>
<td align="center" style="box-sizing: border-box; font-family: -apple-system, BlinkMacSystemFont, 'Segoe UI', Roboto, Helvetica, Arial, sans-serif, 'Apple Color Emoji', 'Segoe UI Emoji', 'Segoe UI Symbol'; position: relative;">
<table width="100%" border="0" cellpadding="0" cellspacing="0" role="presentation" style="box-sizing: border-box; font-family: -apple-system, BlinkMacSystemFont, 'Segoe UI', Roboto, Helvetica, Arial, sans-serif, 'Apple Color Emoji', 'Segoe UI Emoji', 'Segoe UI Symbol'; position: relative;">
<tr>
<td align="center" style="box-sizing: border-box; font-family: -apple-system, BlinkMacSystemFont, 'Segoe UI', Roboto, Helvetica, Arial, sans-serif, 'Apple Color Emoji', 'Segoe UI Emoji', 'Segoe UI Symbol'; position: relative;">
<table border="0" cellpadding="0" cellspacing="0" role="presentation" style="box-sizing: border-box; font-family: -apple-system, BlinkMacSystemFont, 'Segoe UI', Roboto, Helvetica, Arial, sans-serif, 'Apple Color Emoji', 'Segoe UI Emoji', 'Segoe UI Symbol'; position: relative;">
<tr>
<td style="box-sizing: border-box; font-family: -apple-system, BlinkMacSystemFont, 'Segoe UI', Roboto, Helvetica, Arial, sans-serif, 'Apple Color Emoji', 'Segoe UI Emoji', 'Segoe UI Symbol'; position: relative;">
<a href="https://jornadaautomocion.monlau.com/reset-password/8b682c34ca53d851487bfbcb63f506df6f71c27a651430a0de1377ec9aea893b?email=johnmormon%40campus.monlau.com" class="button button-primary" target="_blank" rel="noopener" style="box-sizing: border-box; font-family: -apple-system, BlinkMacSystemFont, 'Segoe UI', Roboto, Helvetica, Arial, sans-serif, 'Apple Color Emoji', 'Segoe UI Emoji', 'Segoe UI Symbol'; position: relative; -webkit-text-size-adjust: none; border-radius: 4px; color: #fff; display: inline-block; overflow: hidden; text-decoration: none; background-color: #2d3748; border-bottom: 8px solid #2d3748; border-left: 18px solid #2d3748; border-right: 18px solid #2d3748; border-top: 8px solid #2d3748; word-break: break-all;">Reset Password</a>
</td>
</tr>
</table>
</td>
</tr>
</table>
</td>
</tr>
</table>
<p style="box-sizing: border-box; font-family: -apple-system, BlinkMacSystemFont, 'Segoe UI', Roboto, Helvetica, Arial, sans-serif, 'Apple Color Emoji', 'Segoe UI Emoji', 'Segoe UI Symbol'; position: relative; font-size: 16px; line-height: 1.5em; margin-top: 0; text-align: left;">This password reset link will expire in 60 minutes.</p>
<p style="box-sizing: border-box; font-family: -apple-system, BlinkMacSystemFont, 'Segoe UI', Roboto, Helvetica, Arial, sans-serif, 'Apple Color Emoji', 'Segoe UI Emoji', 'Segoe UI Symbol'; position: relative; font-size: 16px; line-height: 1.5em; margin-top: 0; text-align: left;">If you did not request a password reset, no further action is required.</p>
<p style="box-sizing: border-box; font-family: -apple-system, BlinkMacSystemFont, 'Segoe UI', Roboto, Helvetica, Arial, sans-serif, 'Apple Color Emoji', 'Segoe UI Emoji', 'Segoe UI Symbol'; position: relative; font-size: 16px; line-height: 1.5em; margin-top: 0; text-align: left;">Regards,<br>
Jornada automoción</p>


<table class="subcopy" width="100%" cellpadding="0" cellspacing="0" role="presentation" style="box-sizing: border-box; font-family: -apple-system, BlinkMacSystemFont, 'Segoe UI', Roboto, Helvetica, Arial, sans-serif, 'Apple Color Emoji', 'Segoe UI Emoji', 'Segoe UI Symbol'; position: relative; border-top: 1px solid #e8e5ef; margin-top: 25px; padding-top: 25px;">
<tr>
<td style="box-sizing: border-box; font-family: -apple-system, BlinkMacSystemFont, 'Segoe UI', Roboto, Helvetica, Arial, sans-serif, 'Apple Color Emoji', 'Segoe UI Emoji', 'Segoe UI Symbol'; position: relative;">
<p style="box-sizing: border-box; font-family: -apple-system, BlinkMacSystemFont, 'Segoe UI', Roboto, Helvetica, Arial, sans-serif, 'Apple Color Emoji', 'Segoe UI Emoji', 'Segoe UI Symbol'; position: relative; line-height: 1.5em; margin-top: 0; text-align: left; font-size: 14px;">If you're having trouble clicking the "Reset Password" button, copy and paste the URL below
into your web browser: <span class="break-all" style="box-sizing: border-box; font-family: -apple-system, BlinkMacSystemFont, 'Segoe UI', Roboto, Helvetica, Arial, sans-serif, 'Apple Color Emoji', 'Segoe UI Emoji', 'Segoe UI Symbol'; position: relative; word-break: break-all;"><a href="https://jornadaautomocion.monlau.com/reset-password/8b682c34ca53d851487bfbcb63f506df6f71c27a651430a0de1377ec9aea893b?email=johnmormon%40campus.monlau.com" style="box-sizing: border-box; font-family: -apple-system, BlinkMacSystemFont, 'Segoe UI', Roboto, Helvetica, Arial, sans-serif, 'Apple Color Emoji', 'Segoe UI Emoji', 'Segoe UI Symbol'; position: relative; color: #3869d4; word-break: break-all;">https://jornadaautomocion.monlau.com/reset-password/8b682c34ca53d851487bfbcb63f506df6f71c27a651430a0de1377ec9aea893b?email=johnmormon%40campus.monlau.com</a></span></p>

</td>
</tr>
</table>
</td>
</tr>
</table>
</td>
</tr>

<tr>
<td style="box-sizing: border-box; font-family: -apple-system, BlinkMacSystemFont, 'Segoe UI', Roboto, Helvetica, Arial, sans-serif, 'Apple Color Emoji', 'Segoe UI Emoji', 'Segoe UI Symbol'; position: relative;">
<table class="footer" align="center" width="570" cellpadding="0" cellspacing="0" role="presentation" style="box-sizing: border-box; font-family: -apple-system, BlinkMacSystemFont, 'Segoe UI', Roboto, Helvetica, Arial, sans-serif, 'Apple Color Emoji', 'Segoe UI Emoji', 'Segoe UI Symbol'; position: relative; -premailer-cellpadding: 0; -premailer-cellspacing: 0; -premailer-width: 570px; margin: 0 auto; padding: 0; text-align: center; width: 570px;">
<tr>
<td class="content-cell" align="center" style="box-sizing: border-box; font-family: -apple-system, BlinkMacSystemFont, 'Segoe UI', Roboto, Helvetica, Arial, sans-serif, 'Apple Color Emoji', 'Segoe UI Emoji', 'Segoe UI Symbol'; position: relative; max-width: 100vw; padding: 32px;">
<p style="box-sizing: border-box; font-family: -apple-system, BlinkMacSystemFont, 'Segoe UI', Roboto, Helvetica, Arial, sans-serif, 'Apple Color Emoji', 'Segoe UI Emoji', 'Segoe UI Symbol'; position: relative; line-height: 1.5em; margin-top: 0; color: #b0adc5; font-size: 12px; text-align: center;">© 2026 Jornada automoción. All rights reserved.</p>

</td>
</tr>
</table>
</td>
</tr>
</table>
</td>
</tr>
</table>
</body>
</html>
--p2grWHvu--
  
[2026-05-07 06:39:56] production.DEBUG: From: Jornada =?utf-8?Q?automoci=C3=B3n?= <hello@example.com>
To: ikervingin@campus.monlau.com
Subject: Reset Password Notification
MIME-Version: 1.0
Date: Thu, 07 May 2026 06:39:56 +0000
Message-ID: <70964df589dc80d419d465c01eb88867@example.com>
Content-Type: multipart/alternative; boundary=wxvCifTI

--wxvCifTI
Content-Type: text/plain; charset=utf-8
Content-Transfer-Encoding: quoted-printable

Jornada automoción: https://jornadaautomocion.monlau.com

# Hello!

You are receiving this email because we received a password reset request for your account.

Reset Password: https://jornadaautomocion.monlau.com/reset-password/e25e95865d4a3a9a3aad64408c0731e3f3d2f8febafa9673f79ee7de86e3a885?email=ikervingin%40campus.monlau.com

This password reset link will expire in 60 minutes.

If you did not request a password reset, no further action is required.

Regards,
Jornada automoción

If you're having trouble clicking the "Reset Password" button, copy and paste the URL below
into your web browser: [https://jornadaautomocion.monlau.com/reset-password/e25e95865d4a3a9a3aad64408c0731e3f3d2f8febafa9673f79ee7de86e3a885?email=ikervingin%40campus.monlau.com](https://jornadaautomocion.monlau.com/reset-password/e25e95865d4a3a9a3aad64408c0731e3f3d2f8febafa9673f79ee7de86e3a885?email=ikervingin%40campus.monlau.com)

© 2026 Jornada automoción. All rights reserved.

--wxvCifTI
Content-Type: text/html; charset=utf-8
Content-Transfer-Encoding: quoted-printable

<!DOCTYPE html PUBLIC "-//W3C//DTD XHTML 1.0 Transitional//EN" "http://www.w3.org/TR/xhtml1/DTD/xhtml1-transitional.dtd">
<html xmlns="http://www.w3.org/1999/xhtml">
<head>
<title>Jornada automoción</title>
<meta name="viewport" content="width=device-width, initial-scale=1.0">
<meta http-equiv="Content-Type" content="text/html; charset=UTF-8">
<meta name="color-scheme" content="light">
<meta name="supported-color-schemes" content="light">
<style>
@media only screen and (max-width: 600px) {
.inner-body {
width: 100% !important;
}

.footer {
width: 100% !important;
}
}

@media only screen and (max-width: 500px) {
.button {
width: 100% !important;
}
}
</style>

</head>
<body style="box-sizing: border-box; font-family: -apple-system, BlinkMacSystemFont, 'Segoe UI', Roboto, Helvetica, Arial, sans-serif, 'Apple Color Emoji', 'Segoe UI Emoji', 'Segoe UI Symbol'; position: relative; -webkit-text-size-adjust: none; background-color: #ffffff; color: #718096; height: 100%; line-height: 1.4; margin: 0; padding: 0; width: 100% !important;">

<table class="wrapper" width="100%" cellpadding="0" cellspacing="0" role="presentation" style="box-sizing: border-box; font-family: -apple-system, BlinkMacSystemFont, 'Segoe UI', Roboto, Helvetica, Arial, sans-serif, 'Apple Color Emoji', 'Segoe UI Emoji', 'Segoe UI Symbol'; position: relative; -premailer-cellpadding: 0; -premailer-cellspacing: 0; -premailer-width: 100%; background-color: #edf2f7; margin: 0; padding: 0; width: 100%;">
<tr>
<td align="center" style="box-sizing: border-box; font-family: -apple-system, BlinkMacSystemFont, 'Segoe UI', Roboto, Helvetica, Arial, sans-serif, 'Apple Color Emoji', 'Segoe UI Emoji', 'Segoe UI Symbol'; position: relative;">
<table class="content" width="100%" cellpadding="0" cellspacing="0" role="presentation" style="box-sizing: border-box; font-family: -apple-system, BlinkMacSystemFont, 'Segoe UI', Roboto, Helvetica, Arial, sans-serif, 'Apple Color Emoji', 'Segoe UI Emoji', 'Segoe UI Symbol'; position: relative; -premailer-cellpadding: 0; -premailer-cellspacing: 0; -premailer-width: 100%; margin: 0; padding: 0; width: 100%;">
<tr>
<td class="header" style="box-sizing: border-box; font-family: -apple-system, BlinkMacSystemFont, 'Segoe UI', Roboto, Helvetica, Arial, sans-serif, 'Apple Color Emoji', 'Segoe UI Emoji', 'Segoe UI Symbol'; position: relative; padding: 25px 0; text-align: center;">
<a href="https://jornadaautomocion.monlau.com" style="box-sizing: border-box; font-family: -apple-system, BlinkMacSystemFont, 'Segoe UI', Roboto, Helvetica, Arial, sans-serif, 'Apple Color Emoji', 'Segoe UI Emoji', 'Segoe UI Symbol'; position: relative; color: #3d4852; font-size: 19px; font-weight: bold; text-decoration: none; display: inline-block;">
Jornada automoción
</a>
</td>
</tr>

<!-- Email Body -->
<tr>
<td class="body" width="100%" cellpadding="0" cellspacing="0" style="box-sizing: border-box; font-family: -apple-system, BlinkMacSystemFont, 'Segoe UI', Roboto, Helvetica, Arial, sans-serif, 'Apple Color Emoji', 'Segoe UI Emoji', 'Segoe UI Symbol'; position: relative; -premailer-cellpadding: 0; -premailer-cellspacing: 0; -premailer-width: 100%; background-color: #edf2f7; border-bottom: 1px solid #edf2f7; border-top: 1px solid #edf2f7; margin: 0; padding: 0; width: 100%; border: hidden !important;">
<table class="inner-body" align="center" width="570" cellpadding="0" cellspacing="0" role="presentation" style="box-sizing: border-box; font-family: -apple-system, BlinkMacSystemFont, 'Segoe UI', Roboto, Helvetica, Arial, sans-serif, 'Apple Color Emoji', 'Segoe UI Emoji', 'Segoe UI Symbol'; position: relative; -premailer-cellpadding: 0; -premailer-cellspacing: 0; -premailer-width: 570px; background-color: #ffffff; border-color: #e8e5ef; border-radius: 2px; border-width: 1px; box-shadow: 0 2px 0 rgba(0, 0, 150, 0.025), 2px 4px 0 rgba(0, 0, 150, 0.015); margin: 0 auto; padding: 0; width: 570px;">
<!-- Body content -->
<tr>
<td class="content-cell" style="box-sizing: border-box; font-family: -apple-system, BlinkMacSystemFont, 'Segoe UI', Roboto, Helvetica, Arial, sans-serif, 'Apple Color Emoji', 'Segoe UI Emoji', 'Segoe UI Symbol'; position: relative; max-width: 100vw; padding: 32px;">
<h1 style="box-sizing: border-box; font-family: -apple-system, BlinkMacSystemFont, 'Segoe UI', Roboto, Helvetica, Arial, sans-serif, 'Apple Color Emoji', 'Segoe UI Emoji', 'Segoe UI Symbol'; position: relative; color: #3d4852; font-size: 18px; font-weight: bold; margin-top: 0; text-align: left;">Hello!</h1>
<p style="box-sizing: border-box; font-family: -apple-system, BlinkMacSystemFont, 'Segoe UI', Roboto, Helvetica, Arial, sans-serif, 'Apple Color Emoji', 'Segoe UI Emoji', 'Segoe UI Symbol'; position: relative; font-size: 16px; line-height: 1.5em; margin-top: 0; text-align: left;">You are receiving this email because we received a password reset request for your account.</p>
<table class="action" align="center" width="100%" cellpadding="0" cellspacing="0" role="presentation" style="box-sizing: border-box; font-family: -apple-system, BlinkMacSystemFont, 'Segoe UI', Roboto, Helvetica, Arial, sans-serif, 'Apple Color Emoji', 'Segoe UI Emoji', 'Segoe UI Symbol'; position: relative; -premailer-cellpadding: 0; -premailer-cellspacing: 0; -premailer-width: 100%; margin: 30px auto; padding: 0; text-align: center; width: 100%; float: unset;">
<tr>
<td align="center" style="box-sizing: border-box; font-family: -apple-system, BlinkMacSystemFont, 'Segoe UI', Roboto, Helvetica, Arial, sans-serif, 'Apple Color Emoji', 'Segoe UI Emoji', 'Segoe UI Symbol'; position: relative;">
<table width="100%" border="0" cellpadding="0" cellspacing="0" role="presentation" style="box-sizing: border-box; font-family: -apple-system, BlinkMacSystemFont, 'Segoe UI', Roboto, Helvetica, Arial, sans-serif, 'Apple Color Emoji', 'Segoe UI Emoji', 'Segoe UI Symbol'; position: relative;">
<tr>
<td align="center" style="box-sizing: border-box; font-family: -apple-system, BlinkMacSystemFont, 'Segoe UI', Roboto, Helvetica, Arial, sans-serif, 'Apple Color Emoji', 'Segoe UI Emoji', 'Segoe UI Symbol'; position: relative;">
<table border="0" cellpadding="0" cellspacing="0" role="presentation" style="box-sizing: border-box; font-family: -apple-system, BlinkMacSystemFont, 'Segoe UI', Roboto, Helvetica, Arial, sans-serif, 'Apple Color Emoji', 'Segoe UI Emoji', 'Segoe UI Symbol'; position: relative;">
<tr>
<td style="box-sizing: border-box; font-family: -apple-system, BlinkMacSystemFont, 'Segoe UI', Roboto, Helvetica, Arial, sans-serif, 'Apple Color Emoji', 'Segoe UI Emoji', 'Segoe UI Symbol'; position: relative;">
<a href="https://jornadaautomocion.monlau.com/reset-password/e25e95865d4a3a9a3aad64408c0731e3f3d2f8febafa9673f79ee7de86e3a885?email=ikervingin%40campus.monlau.com" class="button button-primary" target="_blank" rel="noopener" style="box-sizing: border-box; font-family: -apple-system, BlinkMacSystemFont, 'Segoe UI', Roboto, Helvetica, Arial, sans-serif, 'Apple Color Emoji', 'Segoe UI Emoji', 'Segoe UI Symbol'; position: relative; -webkit-text-size-adjust: none; border-radius: 4px; color: #fff; display: inline-block; overflow: hidden; text-decoration: none; background-color: #2d3748; border-bottom: 8px solid #2d3748; border-left: 18px solid #2d3748; border-right: 18px solid #2d3748; border-top: 8px solid #2d3748; word-break: break-all;">Reset Password</a>
</td>
</tr>
</table>
</td>
</tr>
</table>
</td>
</tr>
</table>
<p style="box-sizing: border-box; font-family: -apple-system, BlinkMacSystemFont, 'Segoe UI', Roboto, Helvetica, Arial, sans-serif, 'Apple Color Emoji', 'Segoe UI Emoji', 'Segoe UI Symbol'; position: relative; font-size: 16px; line-height: 1.5em; margin-top: 0; text-align: left;">This password reset link will expire in 60 minutes.</p>
<p style="box-sizing: border-box; font-family: -apple-system, BlinkMacSystemFont, 'Segoe UI', Roboto, Helvetica, Arial, sans-serif, 'Apple Color Emoji', 'Segoe UI Emoji', 'Segoe UI Symbol'; position: relative; font-size: 16px; line-height: 1.5em; margin-top: 0; text-align: left;">If you did not request a password reset, no further action is required.</p>
<p style="box-sizing: border-box; font-family: -apple-system, BlinkMacSystemFont, 'Segoe UI', Roboto, Helvetica, Arial, sans-serif, 'Apple Color Emoji', 'Segoe UI Emoji', 'Segoe UI Symbol'; position: relative; font-size: 16px; line-height: 1.5em; margin-top: 0; text-align: left;">Regards,<br>
Jornada automoción</p>


<table class="subcopy" width="100%" cellpadding="0" cellspacing="0" role="presentation" style="box-sizing: border-box; font-family: -apple-system, BlinkMacSystemFont, 'Segoe UI', Roboto, Helvetica, Arial, sans-serif, 'Apple Color Emoji', 'Segoe UI Emoji', 'Segoe UI Symbol'; position: relative; border-top: 1px solid #e8e5ef; margin-top: 25px; padding-top: 25px;">
<tr>
<td style="box-sizing: border-box; font-family: -apple-system, BlinkMacSystemFont, 'Segoe UI', Roboto, Helvetica, Arial, sans-serif, 'Apple Color Emoji', 'Segoe UI Emoji', 'Segoe UI Symbol'; position: relative;">
<p style="box-sizing: border-box; font-family: -apple-system, BlinkMacSystemFont, 'Segoe UI', Roboto, Helvetica, Arial, sans-serif, 'Apple Color Emoji', 'Segoe UI Emoji', 'Segoe UI Symbol'; position: relative; line-height: 1.5em; margin-top: 0; text-align: left; font-size: 14px;">If you're having trouble clicking the "Reset Password" button, copy and paste the URL below
into your web browser: <span class="break-all" style="box-sizing: border-box; font-family: -apple-system, BlinkMacSystemFont, 'Segoe UI', Roboto, Helvetica, Arial, sans-serif, 'Apple Color Emoji', 'Segoe UI Emoji', 'Segoe UI Symbol'; position: relative; word-break: break-all;"><a href="https://jornadaautomocion.monlau.com/reset-password/e25e95865d4a3a9a3aad64408c0731e3f3d2f8febafa9673f79ee7de86e3a885?email=ikervingin%40campus.monlau.com" style="box-sizing: border-box; font-family: -apple-system, BlinkMacSystemFont, 'Segoe UI', Roboto, Helvetica, Arial, sans-serif, 'Apple Color Emoji', 'Segoe UI Emoji', 'Segoe UI Symbol'; position: relative; color: #3869d4; word-break: break-all;">https://jornadaautomocion.monlau.com/reset-password/e25e95865d4a3a9a3aad64408c0731e3f3d2f8febafa9673f79ee7de86e3a885?email=ikervingin%40campus.monlau.com</a></span></p>

</td>
</tr>
</table>
</td>
</tr>
</table>
</td>
</tr>

<tr>
<td style="box-sizing: border-box; font-family: -apple-system, BlinkMacSystemFont, 'Segoe UI', Roboto, Helvetica, Arial, sans-serif, 'Apple Color Emoji', 'Segoe UI Emoji', 'Segoe UI Symbol'; position: relative;">
<table class="footer" align="center" width="570" cellpadding="0" cellspacing="0" role="presentation" style="box-sizing: border-box; font-family: -apple-system, BlinkMacSystemFont, 'Segoe UI', Roboto, Helvetica, Arial, sans-serif, 'Apple Color Emoji', 'Segoe UI Emoji', 'Segoe UI Symbol'; position: relative; -premailer-cellpadding: 0; -premailer-cellspacing: 0; -premailer-width: 570px; margin: 0 auto; padding: 0; text-align: center; width: 570px;">
<tr>
<td class="content-cell" align="center" style="box-sizing: border-box; font-family: -apple-system, BlinkMacSystemFont, 'Segoe UI', Roboto, Helvetica, Arial, sans-serif, 'Apple Color Emoji', 'Segoe UI Emoji', 'Segoe UI Symbol'; position: relative; max-width: 100vw; padding: 32px;">
<p style="box-sizing: border-box; font-family: -apple-system, BlinkMacSystemFont, 'Segoe UI', Roboto, Helvetica, Arial, sans-serif, 'Apple Color Emoji', 'Segoe UI Emoji', 'Segoe UI Symbol'; position: relative; line-height: 1.5em; margin-top: 0; color: #b0adc5; font-size: 12px; text-align: center;">© 2026 Jornada automoción. All rights reserved.</p>

</td>
</tr>
</table>
</td>
</tr>
</table>
</td>
</tr>
</table>
</body>
</html>
--wxvCifTI--
  
[2026-05-07 06:40:45] production.ERROR: Error Login Microsoft: Client error: `POST https://login.microsoftonline.com/common/oauth2/v2.0/token` resulted in a `400 Bad Request` response:
{"error":"invalid_grant","error_description":"AADSTS54005: OAuth2 Authorization code was already redeemed, please retry  (truncated...)
  
[2026-05-07 06:40:52] production.ERROR: Error Login Microsoft: Client error: `POST https://login.microsoftonline.com/common/oauth2/v2.0/token` resulted in a `400 Bad Request` response:
{"error":"invalid_grant","error_description":"AADSTS54005: OAuth2 Authorization code was already redeemed, please retry  (truncated...)
  
[2026-05-07 06:41:14] production.DEBUG: From: Jornada =?utf-8?Q?automoci=C3=B3n?= <hello@example.com>
To: ikervingin@campus.monlau.com
Subject: Reset Password Notification
MIME-Version: 1.0
Date: Thu, 07 May 2026 06:41:14 +0000
Message-ID: <87a9a07dc920b8dd38d894e64e184c64@example.com>
Content-Type: multipart/alternative; boundary=hdx-qpoy

--hdx-qpoy
Content-Type: text/plain; charset=utf-8
Content-Transfer-Encoding: quoted-printable

Jornada automoción: https://jornadaautomocion.monlau.com

# Hello!

You are receiving this email because we received a password reset request for your account.

Reset Password: https://jornadaautomocion.monlau.com/reset-password/ea8b2385015bc1b1c2e39d8a2db9bce0ebbc9e5a44bcf3b3130219fd737fd21d?email=ikervingin%40campus.monlau.com

This password reset link will expire in 60 minutes.

If you did not request a password reset, no further action is required.

Regards,
Jornada automoción

If you're having trouble clicking the "Reset Password" button, copy and paste the URL below
into your web browser: [https://jornadaautomocion.monlau.com/reset-password/ea8b2385015bc1b1c2e39d8a2db9bce0ebbc9e5a44bcf3b3130219fd737fd21d?email=ikervingin%40campus.monlau.com](https://jornadaautomocion.monlau.com/reset-password/ea8b2385015bc1b1c2e39d8a2db9bce0ebbc9e5a44bcf3b3130219fd737fd21d?email=ikervingin%40campus.monlau.com)

© 2026 Jornada automoción. All rights reserved.

--hdx-qpoy
Content-Type: text/html; charset=utf-8
Content-Transfer-Encoding: quoted-printable

<!DOCTYPE html PUBLIC "-//W3C//DTD XHTML 1.0 Transitional//EN" "http://www.w3.org/TR/xhtml1/DTD/xhtml1-transitional.dtd">
<html xmlns="http://www.w3.org/1999/xhtml">
<head>
<title>Jornada automoción</title>
<meta name="viewport" content="width=device-width, initial-scale=1.0">
<meta http-equiv="Content-Type" content="text/html; charset=UTF-8">
<meta name="color-scheme" content="light">
<meta name="supported-color-schemes" content="light">
<style>
@media only screen and (max-width: 600px) {
.inner-body {
width: 100% !important;
}

.footer {
width: 100% !important;
}
}

@media only screen and (max-width: 500px) {
.button {
width: 100% !important;
}
}
</style>

</head>
<body style="box-sizing: border-box; font-family: -apple-system, BlinkMacSystemFont, 'Segoe UI', Roboto, Helvetica, Arial, sans-serif, 'Apple Color Emoji', 'Segoe UI Emoji', 'Segoe UI Symbol'; position: relative; -webkit-text-size-adjust: none; background-color: #ffffff; color: #718096; height: 100%; line-height: 1.4; margin: 0; padding: 0; width: 100% !important;">

<table class="wrapper" width="100%" cellpadding="0" cellspacing="0" role="presentation" style="box-sizing: border-box; font-family: -apple-system, BlinkMacSystemFont, 'Segoe UI', Roboto, Helvetica, Arial, sans-serif, 'Apple Color Emoji', 'Segoe UI Emoji', 'Segoe UI Symbol'; position: relative; -premailer-cellpadding: 0; -premailer-cellspacing: 0; -premailer-width: 100%; background-color: #edf2f7; margin: 0; padding: 0; width: 100%;">
<tr>
<td align="center" style="box-sizing: border-box; font-family: -apple-system, BlinkMacSystemFont, 'Segoe UI', Roboto, Helvetica, Arial, sans-serif, 'Apple Color Emoji', 'Segoe UI Emoji', 'Segoe UI Symbol'; position: relative;">
<table class="content" width="100%" cellpadding="0" cellspacing="0" role="presentation" style="box-sizing: border-box; font-family: -apple-system, BlinkMacSystemFont, 'Segoe UI', Roboto, Helvetica, Arial, sans-serif, 'Apple Color Emoji', 'Segoe UI Emoji', 'Segoe UI Symbol'; position: relative; -premailer-cellpadding: 0; -premailer-cellspacing: 0; -premailer-width: 100%; margin: 0; padding: 0; width: 100%;">
<tr>
<td class="header" style="box-sizing: border-box; font-family: -apple-system, BlinkMacSystemFont, 'Segoe UI', Roboto, Helvetica, Arial, sans-serif, 'Apple Color Emoji', 'Segoe UI Emoji', 'Segoe UI Symbol'; position: relative; padding: 25px 0; text-align: center;">
<a href="https://jornadaautomocion.monlau.com" style="box-sizing: border-box; font-family: -apple-system, BlinkMacSystemFont, 'Segoe UI', Roboto, Helvetica, Arial, sans-serif, 'Apple Color Emoji', 'Segoe UI Emoji', 'Segoe UI Symbol'; position: relative; color: #3d4852; font-size: 19px; font-weight: bold; text-decoration: none; display: inline-block;">
Jornada automoción
</a>
</td>
</tr>

<!-- Email Body -->
<tr>
<td class="body" width="100%" cellpadding="0" cellspacing="0" style="box-sizing: border-box; font-family: -apple-system, BlinkMacSystemFont, 'Segoe UI', Roboto, Helvetica, Arial, sans-serif, 'Apple Color Emoji', 'Segoe UI Emoji', 'Segoe UI Symbol'; position: relative; -premailer-cellpadding: 0; -premailer-cellspacing: 0; -premailer-width: 100%; background-color: #edf2f7; border-bottom: 1px solid #edf2f7; border-top: 1px solid #edf2f7; margin: 0; padding: 0; width: 100%; border: hidden !important;">
<table class="inner-body" align="center" width="570" cellpadding="0" cellspacing="0" role="presentation" style="box-sizing: border-box; font-family: -apple-system, BlinkMacSystemFont, 'Segoe UI', Roboto, Helvetica, Arial, sans-serif, 'Apple Color Emoji', 'Segoe UI Emoji', 'Segoe UI Symbol'; position: relative; -premailer-cellpadding: 0; -premailer-cellspacing: 0; -premailer-width: 570px; background-color: #ffffff; border-color: #e8e5ef; border-radius: 2px; border-width: 1px; box-shadow: 0 2px 0 rgba(0, 0, 150, 0.025), 2px 4px 0 rgba(0, 0, 150, 0.015); margin: 0 auto; padding: 0; width: 570px;">
<!-- Body content -->
<tr>
<td class="content-cell" style="box-sizing: border-box; font-family: -apple-system, BlinkMacSystemFont, 'Segoe UI', Roboto, Helvetica, Arial, sans-serif, 'Apple Color Emoji', 'Segoe UI Emoji', 'Segoe UI Symbol'; position: relative; max-width: 100vw; padding: 32px;">
<h1 style="box-sizing: border-box; font-family: -apple-system, BlinkMacSystemFont, 'Segoe UI', Roboto, Helvetica, Arial, sans-serif, 'Apple Color Emoji', 'Segoe UI Emoji', 'Segoe UI Symbol'; position: relative; color: #3d4852; font-size: 18px; font-weight: bold; margin-top: 0; text-align: left;">Hello!</h1>
<p style="box-sizing: border-box; font-family: -apple-system, BlinkMacSystemFont, 'Segoe UI', Roboto, Helvetica, Arial, sans-serif, 'Apple Color Emoji', 'Segoe UI Emoji', 'Segoe UI Symbol'; position: relative; font-size: 16px; line-height: 1.5em; margin-top: 0; text-align: left;">You are receiving this email because we received a password reset request for your account.</p>
<table class="action" align="center" width="100%" cellpadding="0" cellspacing="0" role="presentation" style="box-sizing: border-box; font-family: -apple-system, BlinkMacSystemFont, 'Segoe UI', Roboto, Helvetica, Arial, sans-serif, 'Apple Color Emoji', 'Segoe UI Emoji', 'Segoe UI Symbol'; position: relative; -premailer-cellpadding: 0; -premailer-cellspacing: 0; -premailer-width: 100%; margin: 30px auto; padding: 0; text-align: center; width: 100%; float: unset;">
<tr>
<td align="center" style="box-sizing: border-box; font-family: -apple-system, BlinkMacSystemFont, 'Segoe UI', Roboto, Helvetica, Arial, sans-serif, 'Apple Color Emoji', 'Segoe UI Emoji', 'Segoe UI Symbol'; position: relative;">
<table width="100%" border="0" cellpadding="0" cellspacing="0" role="presentation" style="box-sizing: border-box; font-family: -apple-system, BlinkMacSystemFont, 'Segoe UI', Roboto, Helvetica, Arial, sans-serif, 'Apple Color Emoji', 'Segoe UI Emoji', 'Segoe UI Symbol'; position: relative;">
<tr>
<td align="center" style="box-sizing: border-box; font-family: -apple-system, BlinkMacSystemFont, 'Segoe UI', Roboto, Helvetica, Arial, sans-serif, 'Apple Color Emoji', 'Segoe UI Emoji', 'Segoe UI Symbol'; position: relative;">
<table border="0" cellpadding="0" cellspacing="0" role="presentation" style="box-sizing: border-box; font-family: -apple-system, BlinkMacSystemFont, 'Segoe UI', Roboto, Helvetica, Arial, sans-serif, 'Apple Color Emoji', 'Segoe UI Emoji', 'Segoe UI Symbol'; position: relative;">
<tr>
<td style="box-sizing: border-box; font-family: -apple-system, BlinkMacSystemFont, 'Segoe UI', Roboto, Helvetica, Arial, sans-serif, 'Apple Color Emoji', 'Segoe UI Emoji', 'Segoe UI Symbol'; position: relative;">
<a href="https://jornadaautomocion.monlau.com/reset-password/ea8b2385015bc1b1c2e39d8a2db9bce0ebbc9e5a44bcf3b3130219fd737fd21d?email=ikervingin%40campus.monlau.com" class="button button-primary" target="_blank" rel="noopener" style="box-sizing: border-box; font-family: -apple-system, BlinkMacSystemFont, 'Segoe UI', Roboto, Helvetica, Arial, sans-serif, 'Apple Color Emoji', 'Segoe UI Emoji', 'Segoe UI Symbol'; position: relative; -webkit-text-size-adjust: none; border-radius: 4px; color: #fff; display: inline-block; overflow: hidden; text-decoration: none; background-color: #2d3748; border-bottom: 8px solid #2d3748; border-left: 18px solid #2d3748; border-right: 18px solid #2d3748; border-top: 8px solid #2d3748; word-break: break-all;">Reset Password</a>
</td>
</tr>
</table>
</td>
</tr>
</table>
</td>
</tr>
</table>
<p style="box-sizing: border-box; font-family: -apple-system, BlinkMacSystemFont, 'Segoe UI', Roboto, Helvetica, Arial, sans-serif, 'Apple Color Emoji', 'Segoe UI Emoji', 'Segoe UI Symbol'; position: relative; font-size: 16px; line-height: 1.5em; margin-top: 0; text-align: left;">This password reset link will expire in 60 minutes.</p>
<p style="box-sizing: border-box; font-family: -apple-system, BlinkMacSystemFont, 'Segoe UI', Roboto, Helvetica, Arial, sans-serif, 'Apple Color Emoji', 'Segoe UI Emoji', 'Segoe UI Symbol'; position: relative; font-size: 16px; line-height: 1.5em; margin-top: 0; text-align: left;">If you did not request a password reset, no further action is required.</p>
<p style="box-sizing: border-box; font-family: -apple-system, BlinkMacSystemFont, 'Segoe UI', Roboto, Helvetica, Arial, sans-serif, 'Apple Color Emoji', 'Segoe UI Emoji', 'Segoe UI Symbol'; position: relative; font-size: 16px; line-height: 1.5em; margin-top: 0; text-align: left;">Regards,<br>
Jornada automoción</p>


<table class="subcopy" width="100%" cellpadding="0" cellspacing="0" role="presentation" style="box-sizing: border-box; font-family: -apple-system, BlinkMacSystemFont, 'Segoe UI', Roboto, Helvetica, Arial, sans-serif, 'Apple Color Emoji', 'Segoe UI Emoji', 'Segoe UI Symbol'; position: relative; border-top: 1px solid #e8e5ef; margin-top: 25px; padding-top: 25px;">
<tr>
<td style="box-sizing: border-box; font-family: -apple-system, BlinkMacSystemFont, 'Segoe UI', Roboto, Helvetica, Arial, sans-serif, 'Apple Color Emoji', 'Segoe UI Emoji', 'Segoe UI Symbol'; position: relative;">
<p style="box-sizing: border-box; font-family: -apple-system, BlinkMacSystemFont, 'Segoe UI', Roboto, Helvetica, Arial, sans-serif, 'Apple Color Emoji', 'Segoe UI Emoji', 'Segoe UI Symbol'; position: relative; line-height: 1.5em; margin-top: 0; text-align: left; font-size: 14px;">If you're having trouble clicking the "Reset Password" button, copy and paste the URL below
into your web browser: <span class="break-all" style="box-sizing: border-box; font-family: -apple-system, BlinkMacSystemFont, 'Segoe UI', Roboto, Helvetica, Arial, sans-serif, 'Apple Color Emoji', 'Segoe UI Emoji', 'Segoe UI Symbol'; position: relative; word-break: break-all;"><a href="https://jornadaautomocion.monlau.com/reset-password/ea8b2385015bc1b1c2e39d8a2db9bce0ebbc9e5a44bcf3b3130219fd737fd21d?email=ikervingin%40campus.monlau.com" style="box-sizing: border-box; font-family: -apple-system, BlinkMacSystemFont, 'Segoe UI', Roboto, Helvetica, Arial, sans-serif, 'Apple Color Emoji', 'Segoe UI Emoji', 'Segoe UI Symbol'; position: relative; color: #3869d4; word-break: break-all;">https://jornadaautomocion.monlau.com/reset-password/ea8b2385015bc1b1c2e39d8a2db9bce0ebbc9e5a44bcf3b3130219fd737fd21d?email=ikervingin%40campus.monlau.com</a></span></p>

</td>
</tr>
</table>
</td>
</tr>
</table>
</td>
</tr>

<tr>
<td style="box-sizing: border-box; font-family: -apple-system, BlinkMacSystemFont, 'Segoe UI', Roboto, Helvetica, Arial, sans-serif, 'Apple Color Emoji', 'Segoe UI Emoji', 'Segoe UI Symbol'; position: relative;">
<table class="footer" align="center" width="570" cellpadding="0" cellspacing="0" role="presentation" style="box-sizing: border-box; font-family: -apple-system, BlinkMacSystemFont, 'Segoe UI', Roboto, Helvetica, Arial, sans-serif, 'Apple Color Emoji', 'Segoe UI Emoji', 'Segoe UI Symbol'; position: relative; -premailer-cellpadding: 0; -premailer-cellspacing: 0; -premailer-width: 570px; margin: 0 auto; padding: 0; text-align: center; width: 570px;">
<tr>
<td class="content-cell" align="center" style="box-sizing: border-box; font-family: -apple-system, BlinkMacSystemFont, 'Segoe UI', Roboto, Helvetica, Arial, sans-serif, 'Apple Color Emoji', 'Segoe UI Emoji', 'Segoe UI Symbol'; position: relative; max-width: 100vw; padding: 32px;">
<p style="box-sizing: border-box; font-family: -apple-system, BlinkMacSystemFont, 'Segoe UI', Roboto, Helvetica, Arial, sans-serif, 'Apple Color Emoji', 'Segoe UI Emoji', 'Segoe UI Symbol'; position: relative; line-height: 1.5em; margin-top: 0; color: #b0adc5; font-size: 12px; text-align: center;">© 2026 Jornada automoción. All rights reserved.</p>

</td>
</tr>
</table>
</td>
</tr>
</table>
</td>
</tr>
</table>
</body>
</html>
--hdx-qpoy--
  
[2026-05-07 06:42:29] production.DEBUG: From: Jornada =?utf-8?Q?automoci=C3=B3n?= <hello@example.com>
To: ikervingin@campus.monlau.com
Subject: Reset Password Notification
MIME-Version: 1.0
Date: Thu, 07 May 2026 06:42:29 +0000
Message-ID: <a4da3fe9825fe8d985db8b360aec9211@example.com>
Content-Type: multipart/alternative; boundary=b-HfSjVl

--b-HfSjVl
Content-Type: text/plain; charset=utf-8
Content-Transfer-Encoding: quoted-printable

Jornada automoción: https://jornadaautomocion.monlau.com

# Hello!

You are receiving this email because we received a password reset request for your account.

Reset Password: https://jornadaautomocion.monlau.com/reset-password/2b31a33999ae7ca81996bb3b4334cb92f2142e0588f9375f12bed5bb508ff4ea?email=ikervingin%40campus.monlau.com

This password reset link will expire in 60 minutes.

If you did not request a password reset, no further action is required.

Regards,
Jornada automoción

If you're having trouble clicking the "Reset Password" button, copy and paste the URL below
into your web browser: [https://jornadaautomocion.monlau.com/reset-password/2b31a33999ae7ca81996bb3b4334cb92f2142e0588f9375f12bed5bb508ff4ea?email=ikervingin%40campus.monlau.com](https://jornadaautomocion.monlau.com/reset-password/2b31a33999ae7ca81996bb3b4334cb92f2142e0588f9375f12bed5bb508ff4ea?email=ikervingin%40campus.monlau.com)

© 2026 Jornada automoción. All rights reserved.

--b-HfSjVl
Content-Type: text/html; charset=utf-8
Content-Transfer-Encoding: quoted-printable

<!DOCTYPE html PUBLIC "-//W3C//DTD XHTML 1.0 Transitional//EN" "http://www.w3.org/TR/xhtml1/DTD/xhtml1-transitional.dtd">
<html xmlns="http://www.w3.org/1999/xhtml">
<head>
<title>Jornada automoción</title>
<meta name="viewport" content="width=device-width, initial-scale=1.0">
<meta http-equiv="Content-Type" content="text/html; charset=UTF-8">
<meta name="color-scheme" content="light">
<meta name="supported-color-schemes" content="light">
<style>
@media only screen and (max-width: 600px) {
.inner-body {
width: 100% !important;
}

.footer {
width: 100% !important;
}
}

@media only screen and (max-width: 500px) {
.button {
width: 100% !important;
}
}
</style>

</head>
<body style="box-sizing: border-box; font-family: -apple-system, BlinkMacSystemFont, 'Segoe UI', Roboto, Helvetica, Arial, sans-serif, 'Apple Color Emoji', 'Segoe UI Emoji', 'Segoe UI Symbol'; position: relative; -webkit-text-size-adjust: none; background-color: #ffffff; color: #718096; height: 100%; line-height: 1.4; margin: 0; padding: 0; width: 100% !important;">

<table class="wrapper" width="100%" cellpadding="0" cellspacing="0" role="presentation" style="box-sizing: border-box; font-family: -apple-system, BlinkMacSystemFont, 'Segoe UI', Roboto, Helvetica, Arial, sans-serif, 'Apple Color Emoji', 'Segoe UI Emoji', 'Segoe UI Symbol'; position: relative; -premailer-cellpadding: 0; -premailer-cellspacing: 0; -premailer-width: 100%; background-color: #edf2f7; margin: 0; padding: 0; width: 100%;">
<tr>
<td align="center" style="box-sizing: border-box; font-family: -apple-system, BlinkMacSystemFont, 'Segoe UI', Roboto, Helvetica, Arial, sans-serif, 'Apple Color Emoji', 'Segoe UI Emoji', 'Segoe UI Symbol'; position: relative;">
<table class="content" width="100%" cellpadding="0" cellspacing="0" role="presentation" style="box-sizing: border-box; font-family: -apple-system, BlinkMacSystemFont, 'Segoe UI', Roboto, Helvetica, Arial, sans-serif, 'Apple Color Emoji', 'Segoe UI Emoji', 'Segoe UI Symbol'; position: relative; -premailer-cellpadding: 0; -premailer-cellspacing: 0; -premailer-width: 100%; margin: 0; padding: 0; width: 100%;">
<tr>
<td class="header" style="box-sizing: border-box; font-family: -apple-system, BlinkMacSystemFont, 'Segoe UI', Roboto, Helvetica, Arial, sans-serif, 'Apple Color Emoji', 'Segoe UI Emoji', 'Segoe UI Symbol'; position: relative; padding: 25px 0; text-align: center;">
<a href="https://jornadaautomocion.monlau.com" style="box-sizing: border-box; font-family: -apple-system, BlinkMacSystemFont, 'Segoe UI', Roboto, Helvetica, Arial, sans-serif, 'Apple Color Emoji', 'Segoe UI Emoji', 'Segoe UI Symbol'; position: relative; color: #3d4852; font-size: 19px; font-weight: bold; text-decoration: none; display: inline-block;">
Jornada automoción
</a>
</td>
</tr>

<!-- Email Body -->
<tr>
<td class="body" width="100%" cellpadding="0" cellspacing="0" style="box-sizing: border-box; font-family: -apple-system, BlinkMacSystemFont, 'Segoe UI', Roboto, Helvetica, Arial, sans-serif, 'Apple Color Emoji', 'Segoe UI Emoji', 'Segoe UI Symbol'; position: relative; -premailer-cellpadding: 0; -premailer-cellspacing: 0; -premailer-width: 100%; background-color: #edf2f7; border-bottom: 1px solid #edf2f7; border-top: 1px solid #edf2f7; margin: 0; padding: 0; width: 100%; border: hidden !important;">
<table class="inner-body" align="center" width="570" cellpadding="0" cellspacing="0" role="presentation" style="box-sizing: border-box; font-family: -apple-system, BlinkMacSystemFont, 'Segoe UI', Roboto, Helvetica, Arial, sans-serif, 'Apple Color Emoji', 'Segoe UI Emoji', 'Segoe UI Symbol'; position: relative; -premailer-cellpadding: 0; -premailer-cellspacing: 0; -premailer-width: 570px; background-color: #ffffff; border-color: #e8e5ef; border-radius: 2px; border-width: 1px; box-shadow: 0 2px 0 rgba(0, 0, 150, 0.025), 2px 4px 0 rgba(0, 0, 150, 0.015); margin: 0 auto; padding: 0; width: 570px;">
<!-- Body content -->
<tr>
<td class="content-cell" style="box-sizing: border-box; font-family: -apple-system, BlinkMacSystemFont, 'Segoe UI', Roboto, Helvetica, Arial, sans-serif, 'Apple Color Emoji', 'Segoe UI Emoji', 'Segoe UI Symbol'; position: relative; max-width: 100vw; padding: 32px;">
<h1 style="box-sizing: border-box; font-family: -apple-system, BlinkMacSystemFont, 'Segoe UI', Roboto, Helvetica, Arial, sans-serif, 'Apple Color Emoji', 'Segoe UI Emoji', 'Segoe UI Symbol'; position: relative; color: #3d4852; font-size: 18px; font-weight: bold; margin-top: 0; text-align: left;">Hello!</h1>
<p style="box-sizing: border-box; font-family: -apple-system, BlinkMacSystemFont, 'Segoe UI', Roboto, Helvetica, Arial, sans-serif, 'Apple Color Emoji', 'Segoe UI Emoji', 'Segoe UI Symbol'; position: relative; font-size: 16px; line-height: 1.5em; margin-top: 0; text-align: left;">You are receiving this email because we received a password reset request for your account.</p>
<table class="action" align="center" width="100%" cellpadding="0" cellspacing="0" role="presentation" style="box-sizing: border-box; font-family: -apple-system, BlinkMacSystemFont, 'Segoe UI', Roboto, Helvetica, Arial, sans-serif, 'Apple Color Emoji', 'Segoe UI Emoji', 'Segoe UI Symbol'; position: relative; -premailer-cellpadding: 0; -premailer-cellspacing: 0; -premailer-width: 100%; margin: 30px auto; padding: 0; text-align: center; width: 100%; float: unset;">
<tr>
<td align="center" style="box-sizing: border-box; font-family: -apple-system, BlinkMacSystemFont, 'Segoe UI', Roboto, Helvetica, Arial, sans-serif, 'Apple Color Emoji', 'Segoe UI Emoji', 'Segoe UI Symbol'; position: relative;">
<table width="100%" border="0" cellpadding="0" cellspacing="0" role="presentation" style="box-sizing: border-box; font-family: -apple-system, BlinkMacSystemFont, 'Segoe UI', Roboto, Helvetica, Arial, sans-serif, 'Apple Color Emoji', 'Segoe UI Emoji', 'Segoe UI Symbol'; position: relative;">
<tr>
<td align="center" style="box-sizing: border-box; font-family: -apple-system, BlinkMacSystemFont, 'Segoe UI', Roboto, Helvetica, Arial, sans-serif, 'Apple Color Emoji', 'Segoe UI Emoji', 'Segoe UI Symbol'; position: relative;">
<table border="0" cellpadding="0" cellspacing="0" role="presentation" style="box-sizing: border-box; font-family: -apple-system, BlinkMacSystemFont, 'Segoe UI', Roboto, Helvetica, Arial, sans-serif, 'Apple Color Emoji', 'Segoe UI Emoji', 'Segoe UI Symbol'; position: relative;">
<tr>
<td style="box-sizing: border-box; font-family: -apple-system, BlinkMacSystemFont, 'Segoe UI', Roboto, Helvetica, Arial, sans-serif, 'Apple Color Emoji', 'Segoe UI Emoji', 'Segoe UI Symbol'; position: relative;">
<a href="https://jornadaautomocion.monlau.com/reset-password/2b31a33999ae7ca81996bb3b4334cb92f2142e0588f9375f12bed5bb508ff4ea?email=ikervingin%40campus.monlau.com" class="button button-primary" target="_blank" rel="noopener" style="box-sizing: border-box; font-family: -apple-system, BlinkMacSystemFont, 'Segoe UI', Roboto, Helvetica, Arial, sans-serif, 'Apple Color Emoji', 'Segoe UI Emoji', 'Segoe UI Symbol'; position: relative; -webkit-text-size-adjust: none; border-radius: 4px; color: #fff; display: inline-block; overflow: hidden; text-decoration: none; background-color: #2d3748; border-bottom: 8px solid #2d3748; border-left: 18px solid #2d3748; border-right: 18px solid #2d3748; border-top: 8px solid #2d3748; word-break: break-all;">Reset Password</a>
</td>
</tr>
</table>
</td>
</tr>
</table>
</td>
</tr>
</table>
<p style="box-sizing: border-box; font-family: -apple-system, BlinkMacSystemFont, 'Segoe UI', Roboto, Helvetica, Arial, sans-serif, 'Apple Color Emoji', 'Segoe UI Emoji', 'Segoe UI Symbol'; position: relative; font-size: 16px; line-height: 1.5em; margin-top: 0; text-align: left;">This password reset link will expire in 60 minutes.</p>
<p style="box-sizing: border-box; font-family: -apple-system, BlinkMacSystemFont, 'Segoe UI', Roboto, Helvetica, Arial, sans-serif, 'Apple Color Emoji', 'Segoe UI Emoji', 'Segoe UI Symbol'; position: relative; font-size: 16px; line-height: 1.5em; margin-top: 0; text-align: left;">If you did not request a password reset, no further action is required.</p>
<p style="box-sizing: border-box; font-family: -apple-system, BlinkMacSystemFont, 'Segoe UI', Roboto, Helvetica, Arial, sans-serif, 'Apple Color Emoji', 'Segoe UI Emoji', 'Segoe UI Symbol'; position: relative; font-size: 16px; line-height: 1.5em; margin-top: 0; text-align: left;">Regards,<br>
Jornada automoción</p>


<table class="subcopy" width="100%" cellpadding="0" cellspacing="0" role="presentation" style="box-sizing: border-box; font-family: -apple-system, BlinkMacSystemFont, 'Segoe UI', Roboto, Helvetica, Arial, sans-serif, 'Apple Color Emoji', 'Segoe UI Emoji', 'Segoe UI Symbol'; position: relative; border-top: 1px solid #e8e5ef; margin-top: 25px; padding-top: 25px;">
<tr>
<td style="box-sizing: border-box; font-family: -apple-system, BlinkMacSystemFont, 'Segoe UI', Roboto, Helvetica, Arial, sans-serif, 'Apple Color Emoji', 'Segoe UI Emoji', 'Segoe UI Symbol'; position: relative;">
<p style="box-sizing: border-box; font-family: -apple-system, BlinkMacSystemFont, 'Segoe UI', Roboto, Helvetica, Arial, sans-serif, 'Apple Color Emoji', 'Segoe UI Emoji', 'Segoe UI Symbol'; position: relative; line-height: 1.5em; margin-top: 0; text-align: left; font-size: 14px;">If you're having trouble clicking the "Reset Password" button, copy and paste the URL below
into your web browser: <span class="break-all" style="box-sizing: border-box; font-family: -apple-system, BlinkMacSystemFont, 'Segoe UI', Roboto, Helvetica, Arial, sans-serif, 'Apple Color Emoji', 'Segoe UI Emoji', 'Segoe UI Symbol'; position: relative; word-break: break-all;"><a href="https://jornadaautomocion.monlau.com/reset-password/2b31a33999ae7ca81996bb3b4334cb92f2142e0588f9375f12bed5bb508ff4ea?email=ikervingin%40campus.monlau.com" style="box-sizing: border-box; font-family: -apple-system, BlinkMacSystemFont, 'Segoe UI', Roboto, Helvetica, Arial, sans-serif, 'Apple Color Emoji', 'Segoe UI Emoji', 'Segoe UI Symbol'; position: relative; color: #3869d4; word-break: break-all;">https://jornadaautomocion.monlau.com/reset-password/2b31a33999ae7ca81996bb3b4334cb92f2142e0588f9375f12bed5bb508ff4ea?email=ikervingin%40campus.monlau.com</a></span></p>

</td>
</tr>
</table>
</td>
</tr>
</table>
</td>
</tr>

<tr>
<td style="box-sizing: border-box; font-family: -apple-system, BlinkMacSystemFont, 'Segoe UI', Roboto, Helvetica, Arial, sans-serif, 'Apple Color Emoji', 'Segoe UI Emoji', 'Segoe UI Symbol'; position: relative;">
<table class="footer" align="center" width="570" cellpadding="0" cellspacing="0" role="presentation" style="box-sizing: border-box; font-family: -apple-system, BlinkMacSystemFont, 'Segoe UI', Roboto, Helvetica, Arial, sans-serif, 'Apple Color Emoji', 'Segoe UI Emoji', 'Segoe UI Symbol'; position: relative; -premailer-cellpadding: 0; -premailer-cellspacing: 0; -premailer-width: 570px; margin: 0 auto; padding: 0; text-align: center; width: 570px;">
<tr>
<td class="content-cell" align="center" style="box-sizing: border-box; font-family: -apple-system, BlinkMacSystemFont, 'Segoe UI', Roboto, Helvetica, Arial, sans-serif, 'Apple Color Emoji', 'Segoe UI Emoji', 'Segoe UI Symbol'; position: relative; max-width: 100vw; padding: 32px;">
<p style="box-sizing: border-box; font-family: -apple-system, BlinkMacSystemFont, 'Segoe UI', Roboto, Helvetica, Arial, sans-serif, 'Apple Color Emoji', 'Segoe UI Emoji', 'Segoe UI Symbol'; position: relative; line-height: 1.5em; margin-top: 0; color: #b0adc5; font-size: 12px; text-align: center;">© 2026 Jornada automoción. All rights reserved.</p>

</td>
</tr>
</table>
</td>
</tr>
</table>
</td>
</tr>
</table>
</body>
</html>
--b-HfSjVl--
  
[2026-05-07 06:42:45] production.DEBUG: From: Jornada =?utf-8?Q?automoci=C3=B3n?= <hello@example.com>
To: ebercasdia@campus.monlau.com
Subject: Reset Password Notification
MIME-Version: 1.0
Date: Thu, 07 May 2026 06:42:45 +0000
Message-ID: <7c8753a8d4237e66c09ec24885d7feb0@example.com>
Content-Type: multipart/alternative; boundary=D6LDnYKC

--D6LDnYKC
Content-Type: text/plain; charset=utf-8
Content-Transfer-Encoding: quoted-printable

Jornada automoción: https://jornadaautomocion.monlau.com

# Hello!

You are receiving this email because we received a password reset request for your account.

Reset Password: https://jornadaautomocion.monlau.com/reset-password/6dee5c3ae9de89db12927421f42408a6d39f59950c44aeaea49ef07771ab39cf?email=ebercasdia%40campus.monlau.com

This password reset link will expire in 60 minutes.

If you did not request a password reset, no further action is required.

Regards,
Jornada automoción

If you're having trouble clicking the "Reset Password" button, copy and paste the URL below
into your web browser: [https://jornadaautomocion.monlau.com/reset-password/6dee5c3ae9de89db12927421f42408a6d39f59950c44aeaea49ef07771ab39cf?email=ebercasdia%40campus.monlau.com](https://jornadaautomocion.monlau.com/reset-password/6dee5c3ae9de89db12927421f42408a6d39f59950c44aeaea49ef07771ab39cf?email=ebercasdia%40campus.monlau.com)

© 2026 Jornada automoción. All rights reserved.

--D6LDnYKC
Content-Type: text/html; charset=utf-8
Content-Transfer-Encoding: quoted-printable

<!DOCTYPE html PUBLIC "-//W3C//DTD XHTML 1.0 Transitional//EN" "http://www.w3.org/TR/xhtml1/DTD/xhtml1-transitional.dtd">
<html xmlns="http://www.w3.org/1999/xhtml">
<head>
<title>Jornada automoción</title>
<meta name="viewport" content="width=device-width, initial-scale=1.0">
<meta http-equiv="Content-Type" content="text/html; charset=UTF-8">
<meta name="color-scheme" content="light">
<meta name="supported-color-schemes" content="light">
<style>
@media only screen and (max-width: 600px) {
.inner-body {
width: 100% !important;
}

.footer {
width: 100% !important;
}
}

@media only screen and (max-width: 500px) {
.button {
width: 100% !important;
}
}
</style>

</head>
<body style="box-sizing: border-box; font-family: -apple-system, BlinkMacSystemFont, 'Segoe UI', Roboto, Helvetica, Arial, sans-serif, 'Apple Color Emoji', 'Segoe UI Emoji', 'Segoe UI Symbol'; position: relative; -webkit-text-size-adjust: none; background-color: #ffffff; color: #718096; height: 100%; line-height: 1.4; margin: 0; padding: 0; width: 100% !important;">

<table class="wrapper" width="100%" cellpadding="0" cellspacing="0" role="presentation" style="box-sizing: border-box; font-family: -apple-system, BlinkMacSystemFont, 'Segoe UI', Roboto, Helvetica, Arial, sans-serif, 'Apple Color Emoji', 'Segoe UI Emoji', 'Segoe UI Symbol'; position: relative; -premailer-cellpadding: 0; -premailer-cellspacing: 0; -premailer-width: 100%; background-color: #edf2f7; margin: 0; padding: 0; width: 100%;">
<tr>
<td align="center" style="box-sizing: border-box; font-family: -apple-system, BlinkMacSystemFont, 'Segoe UI', Roboto, Helvetica, Arial, sans-serif, 'Apple Color Emoji', 'Segoe UI Emoji', 'Segoe UI Symbol'; position: relative;">
<table class="content" width="100%" cellpadding="0" cellspacing="0" role="presentation" style="box-sizing: border-box; font-family: -apple-system, BlinkMacSystemFont, 'Segoe UI', Roboto, Helvetica, Arial, sans-serif, 'Apple Color Emoji', 'Segoe UI Emoji', 'Segoe UI Symbol'; position: relative; -premailer-cellpadding: 0; -premailer-cellspacing: 0; -premailer-width: 100%; margin: 0; padding: 0; width: 100%;">
<tr>
<td class="header" style="box-sizing: border-box; font-family: -apple-system, BlinkMacSystemFont, 'Segoe UI', Roboto, Helvetica, Arial, sans-serif, 'Apple Color Emoji', 'Segoe UI Emoji', 'Segoe UI Symbol'; position: relative; padding: 25px 0; text-align: center;">
<a href="https://jornadaautomocion.monlau.com" style="box-sizing: border-box; font-family: -apple-system, BlinkMacSystemFont, 'Segoe UI', Roboto, Helvetica, Arial, sans-serif, 'Apple Color Emoji', 'Segoe UI Emoji', 'Segoe UI Symbol'; position: relative; color: #3d4852; font-size: 19px; font-weight: bold; text-decoration: none; display: inline-block;">
Jornada automoción
</a>
</td>
</tr>

<!-- Email Body -->
<tr>
<td class="body" width="100%" cellpadding="0" cellspacing="0" style="box-sizing: border-box; font-family: -apple-system, BlinkMacSystemFont, 'Segoe UI', Roboto, Helvetica, Arial, sans-serif, 'Apple Color Emoji', 'Segoe UI Emoji', 'Segoe UI Symbol'; position: relative; -premailer-cellpadding: 0; -premailer-cellspacing: 0; -premailer-width: 100%; background-color: #edf2f7; border-bottom: 1px solid #edf2f7; border-top: 1px solid #edf2f7; margin: 0; padding: 0; width: 100%; border: hidden !important;">
<table class="inner-body" align="center" width="570" cellpadding="0" cellspacing="0" role="presentation" style="box-sizing: border-box; font-family: -apple-system, BlinkMacSystemFont, 'Segoe UI', Roboto, Helvetica, Arial, sans-serif, 'Apple Color Emoji', 'Segoe UI Emoji', 'Segoe UI Symbol'; position: relative; -premailer-cellpadding: 0; -premailer-cellspacing: 0; -premailer-width: 570px; background-color: #ffffff; border-color: #e8e5ef; border-radius: 2px; border-width: 1px; box-shadow: 0 2px 0 rgba(0, 0, 150, 0.025), 2px 4px 0 rgba(0, 0, 150, 0.015); margin: 0 auto; padding: 0; width: 570px;">
<!-- Body content -->
<tr>
<td class="content-cell" style="box-sizing: border-box; font-family: -apple-system, BlinkMacSystemFont, 'Segoe UI', Roboto, Helvetica, Arial, sans-serif, 'Apple Color Emoji', 'Segoe UI Emoji', 'Segoe UI Symbol'; position: relative; max-width: 100vw; padding: 32px;">
<h1 style="box-sizing: border-box; font-family: -apple-system, BlinkMacSystemFont, 'Segoe UI', Roboto, Helvetica, Arial, sans-serif, 'Apple Color Emoji', 'Segoe UI Emoji', 'Segoe UI Symbol'; position: relative; color: #3d4852; font-size: 18px; font-weight: bold; margin-top: 0; text-align: left;">Hello!</h1>
<p style="box-sizing: border-box; font-family: -apple-system, BlinkMacSystemFont, 'Segoe UI', Roboto, Helvetica, Arial, sans-serif, 'Apple Color Emoji', 'Segoe UI Emoji', 'Segoe UI Symbol'; position: relative; font-size: 16px; line-height: 1.5em; margin-top: 0; text-align: left;">You are receiving this email because we received a password reset request for your account.</p>
<table class="action" align="center" width="100%" cellpadding="0" cellspacing="0" role="presentation" style="box-sizing: border-box; font-family: -apple-system, BlinkMacSystemFont, 'Segoe UI', Roboto, Helvetica, Arial, sans-serif, 'Apple Color Emoji', 'Segoe UI Emoji', 'Segoe UI Symbol'; position: relative; -premailer-cellpadding: 0; -premailer-cellspacing: 0; -premailer-width: 100%; margin: 30px auto; padding: 0; text-align: center; width: 100%; float: unset;">
<tr>
<td align="center" style="box-sizing: border-box; font-family: -apple-system, BlinkMacSystemFont, 'Segoe UI', Roboto, Helvetica, Arial, sans-serif, 'Apple Color Emoji', 'Segoe UI Emoji', 'Segoe UI Symbol'; position: relative;">
<table width="100%" border="0" cellpadding="0" cellspacing="0" role="presentation" style="box-sizing: border-box; font-family: -apple-system, BlinkMacSystemFont, 'Segoe UI', Roboto, Helvetica, Arial, sans-serif, 'Apple Color Emoji', 'Segoe UI Emoji', 'Segoe UI Symbol'; position: relative;">
<tr>
<td align="center" style="box-sizing: border-box; font-family: -apple-system, BlinkMacSystemFont, 'Segoe UI', Roboto, Helvetica, Arial, sans-serif, 'Apple Color Emoji', 'Segoe UI Emoji', 'Segoe UI Symbol'; position: relative;">
<table border="0" cellpadding="0" cellspacing="0" role="presentation" style="box-sizing: border-box; font-family: -apple-system, BlinkMacSystemFont, 'Segoe UI', Roboto, Helvetica, Arial, sans-serif, 'Apple Color Emoji', 'Segoe UI Emoji', 'Segoe UI Symbol'; position: relative;">
<tr>
<td style="box-sizing: border-box; font-family: -apple-system, BlinkMacSystemFont, 'Segoe UI', Roboto, Helvetica, Arial, sans-serif, 'Apple Color Emoji', 'Segoe UI Emoji', 'Segoe UI Symbol'; position: relative;">
<a href="https://jornadaautomocion.monlau.com/reset-password/6dee5c3ae9de89db12927421f42408a6d39f59950c44aeaea49ef07771ab39cf?email=ebercasdia%40campus.monlau.com" class="button button-primary" target="_blank" rel="noopener" style="box-sizing: border-box; font-family: -apple-system, BlinkMacSystemFont, 'Segoe UI', Roboto, Helvetica, Arial, sans-serif, 'Apple Color Emoji', 'Segoe UI Emoji', 'Segoe UI Symbol'; position: relative; -webkit-text-size-adjust: none; border-radius: 4px; color: #fff; display: inline-block; overflow: hidden; text-decoration: none; background-color: #2d3748; border-bottom: 8px solid #2d3748; border-left: 18px solid #2d3748; border-right: 18px solid #2d3748; border-top: 8px solid #2d3748; word-break: break-all;">Reset Password</a>
</td>
</tr>
</table>
</td>
</tr>
</table>
</td>
</tr>
</table>
<p style="box-sizing: border-box; font-family: -apple-system, BlinkMacSystemFont, 'Segoe UI', Roboto, Helvetica, Arial, sans-serif, 'Apple Color Emoji', 'Segoe UI Emoji', 'Segoe UI Symbol'; position: relative; font-size: 16px; line-height: 1.5em; margin-top: 0; text-align: left;">This password reset link will expire in 60 minutes.</p>
<p style="box-sizing: border-box; font-family: -apple-system, BlinkMacSystemFont, 'Segoe UI', Roboto, Helvetica, Arial, sans-serif, 'Apple Color Emoji', 'Segoe UI Emoji', 'Segoe UI Symbol'; position: relative; font-size: 16px; line-height: 1.5em; margin-top: 0; text-align: left;">If you did not request a password reset, no further action is required.</p>
<p style="box-sizing: border-box; font-family: -apple-system, BlinkMacSystemFont, 'Segoe UI', Roboto, Helvetica, Arial, sans-serif, 'Apple Color Emoji', 'Segoe UI Emoji', 'Segoe UI Symbol'; position: relative; font-size: 16px; line-height: 1.5em; margin-top: 0; text-align: left;">Regards,<br>
Jornada automoción</p>


<table class="subcopy" width="100%" cellpadding="0" cellspacing="0" role="presentation" style="box-sizing: border-box; font-family: -apple-system, BlinkMacSystemFont, 'Segoe UI', Roboto, Helvetica, Arial, sans-serif, 'Apple Color Emoji', 'Segoe UI Emoji', 'Segoe UI Symbol'; position: relative; border-top: 1px solid #e8e5ef; margin-top: 25px; padding-top: 25px;">
<tr>
<td style="box-sizing: border-box; font-family: -apple-system, BlinkMacSystemFont, 'Segoe UI', Roboto, Helvetica, Arial, sans-serif, 'Apple Color Emoji', 'Segoe UI Emoji', 'Segoe UI Symbol'; position: relative;">
<p style="box-sizing: border-box; font-family: -apple-system, BlinkMacSystemFont, 'Segoe UI', Roboto, Helvetica, Arial, sans-serif, 'Apple Color Emoji', 'Segoe UI Emoji', 'Segoe UI Symbol'; position: relative; line-height: 1.5em; margin-top: 0; text-align: left; font-size: 14px;">If you're having trouble clicking the "Reset Password" button, copy and paste the URL below
into your web browser: <span class="break-all" style="box-sizing: border-box; font-family: -apple-system, BlinkMacSystemFont, 'Segoe UI', Roboto, Helvetica, Arial, sans-serif, 'Apple Color Emoji', 'Segoe UI Emoji', 'Segoe UI Symbol'; position: relative; word-break: break-all;"><a href="https://jornadaautomocion.monlau.com/reset-password/6dee5c3ae9de89db12927421f42408a6d39f59950c44aeaea49ef07771ab39cf?email=ebercasdia%40campus.monlau.com" style="box-sizing: border-box; font-family: -apple-system, BlinkMacSystemFont, 'Segoe UI', Roboto, Helvetica, Arial, sans-serif, 'Apple Color Emoji', 'Segoe UI Emoji', 'Segoe UI Symbol'; position: relative; color: #3869d4; word-break: break-all;">https://jornadaautomocion.monlau.com/reset-password/6dee5c3ae9de89db12927421f42408a6d39f59950c44aeaea49ef07771ab39cf?email=ebercasdia%40campus.monlau.com</a></span></p>

</td>
</tr>
</table>
</td>
</tr>
</table>
</td>
</tr>

<tr>
<td style="box-sizing: border-box; font-family: -apple-system, BlinkMacSystemFont, 'Segoe UI', Roboto, Helvetica, Arial, sans-serif, 'Apple Color Emoji', 'Segoe UI Emoji', 'Segoe UI Symbol'; position: relative;">
<table class="footer" align="center" width="570" cellpadding="0" cellspacing="0" role="presentation" style="box-sizing: border-box; font-family: -apple-system, BlinkMacSystemFont, 'Segoe UI', Roboto, Helvetica, Arial, sans-serif, 'Apple Color Emoji', 'Segoe UI Emoji', 'Segoe UI Symbol'; position: relative; -premailer-cellpadding: 0; -premailer-cellspacing: 0; -premailer-width: 570px; margin: 0 auto; padding: 0; text-align: center; width: 570px;">
<tr>
<td class="content-cell" align="center" style="box-sizing: border-box; font-family: -apple-system, BlinkMacSystemFont, 'Segoe UI', Roboto, Helvetica, Arial, sans-serif, 'Apple Color Emoji', 'Segoe UI Emoji', 'Segoe UI Symbol'; position: relative; max-width: 100vw; padding: 32px;">
<p style="box-sizing: border-box; font-family: -apple-system, BlinkMacSystemFont, 'Segoe UI', Roboto, Helvetica, Arial, sans-serif, 'Apple Color Emoji', 'Segoe UI Emoji', 'Segoe UI Symbol'; position: relative; line-height: 1.5em; margin-top: 0; color: #b0adc5; font-size: 12px; text-align: center;">© 2026 Jornada automoción. All rights reserved.</p>

</td>
</tr>
</table>
</td>
</tr>
</table>
</td>
</tr>
</table>
</body>
</html>
--D6LDnYKC--
  
[2026-05-07 06:44:07] production.DEBUG: From: Jornada =?utf-8?Q?automoci=C3=B3n?= <hello@example.com>
To: ebercasdia@campus.monlau.com
Subject: Reset Password Notification
MIME-Version: 1.0
Date: Thu, 07 May 2026 06:44:07 +0000
Message-ID: <c94423215facf3eda7fd09ebf7e32f5c@example.com>
Content-Type: multipart/alternative; boundary=rPGQIytj

--rPGQIytj
Content-Type: text/plain; charset=utf-8
Content-Transfer-Encoding: quoted-printable

Jornada automoción: https://jornadaautomocion.monlau.com

# Hello!

You are receiving this email because we received a password reset request for your account.

Reset Password: https://jornadaautomocion.monlau.com/reset-password/b76fe026aa04e7c2a118e6387d417365551213968e774450896411a0ac5b1b66?email=ebercasdia%40campus.monlau.com

This password reset link will expire in 60 minutes.

If you did not request a password reset, no further action is required.

Regards,
Jornada automoción

If you're having trouble clicking the "Reset Password" button, copy and paste the URL below
into your web browser: [https://jornadaautomocion.monlau.com/reset-password/b76fe026aa04e7c2a118e6387d417365551213968e774450896411a0ac5b1b66?email=ebercasdia%40campus.monlau.com](https://jornadaautomocion.monlau.com/reset-password/b76fe026aa04e7c2a118e6387d417365551213968e774450896411a0ac5b1b66?email=ebercasdia%40campus.monlau.com)

© 2026 Jornada automoción. All rights reserved.

--rPGQIytj
Content-Type: text/html; charset=utf-8
Content-Transfer-Encoding: quoted-printable

<!DOCTYPE html PUBLIC "-//W3C//DTD XHTML 1.0 Transitional//EN" "http://www.w3.org/TR/xhtml1/DTD/xhtml1-transitional.dtd">
<html xmlns="http://www.w3.org/1999/xhtml">
<head>
<title>Jornada automoción</title>
<meta name="viewport" content="width=device-width, initial-scale=1.0">
<meta http-equiv="Content-Type" content="text/html; charset=UTF-8">
<meta name="color-scheme" content="light">
<meta name="supported-color-schemes" content="light">
<style>
@media only screen and (max-width: 600px) {
.inner-body {
width: 100% !important;
}

.footer {
width: 100% !important;
}
}

@media only screen and (max-width: 500px) {
.button {
width: 100% !important;
}
}
</style>

</head>
<body style="box-sizing: border-box; font-family: -apple-system, BlinkMacSystemFont, 'Segoe UI', Roboto, Helvetica, Arial, sans-serif, 'Apple Color Emoji', 'Segoe UI Emoji', 'Segoe UI Symbol'; position: relative; -webkit-text-size-adjust: none; background-color: #ffffff; color: #718096; height: 100%; line-height: 1.4; margin: 0; padding: 0; width: 100% !important;">

<table class="wrapper" width="100%" cellpadding="0" cellspacing="0" role="presentation" style="box-sizing: border-box; font-family: -apple-system, BlinkMacSystemFont, 'Segoe UI', Roboto, Helvetica, Arial, sans-serif, 'Apple Color Emoji', 'Segoe UI Emoji', 'Segoe UI Symbol'; position: relative; -premailer-cellpadding: 0; -premailer-cellspacing: 0; -premailer-width: 100%; background-color: #edf2f7; margin: 0; padding: 0; width: 100%;">
<tr>
<td align="center" style="box-sizing: border-box; font-family: -apple-system, BlinkMacSystemFont, 'Segoe UI', Roboto, Helvetica, Arial, sans-serif, 'Apple Color Emoji', 'Segoe UI Emoji', 'Segoe UI Symbol'; position: relative;">
<table class="content" width="100%" cellpadding="0" cellspacing="0" role="presentation" style="box-sizing: border-box; font-family: -apple-system, BlinkMacSystemFont, 'Segoe UI', Roboto, Helvetica, Arial, sans-serif, 'Apple Color Emoji', 'Segoe UI Emoji', 'Segoe UI Symbol'; position: relative; -premailer-cellpadding: 0; -premailer-cellspacing: 0; -premailer-width: 100%; margin: 0; padding: 0; width: 100%;">
<tr>
<td class="header" style="box-sizing: border-box; font-family: -apple-system, BlinkMacSystemFont, 'Segoe UI', Roboto, Helvetica, Arial, sans-serif, 'Apple Color Emoji', 'Segoe UI Emoji', 'Segoe UI Symbol'; position: relative; padding: 25px 0; text-align: center;">
<a href="https://jornadaautomocion.monlau.com" style="box-sizing: border-box; font-family: -apple-system, BlinkMacSystemFont, 'Segoe UI', Roboto, Helvetica, Arial, sans-serif, 'Apple Color Emoji', 'Segoe UI Emoji', 'Segoe UI Symbol'; position: relative; color: #3d4852; font-size: 19px; font-weight: bold; text-decoration: none; display: inline-block;">
Jornada automoción
</a>
</td>
</tr>

<!-- Email Body -->
<tr>
<td class="body" width="100%" cellpadding="0" cellspacing="0" style="box-sizing: border-box; font-family: -apple-system, BlinkMacSystemFont, 'Segoe UI', Roboto, Helvetica, Arial, sans-serif, 'Apple Color Emoji', 'Segoe UI Emoji', 'Segoe UI Symbol'; position: relative; -premailer-cellpadding: 0; -premailer-cellspacing: 0; -premailer-width: 100%; background-color: #edf2f7; border-bottom: 1px solid #edf2f7; border-top: 1px solid #edf2f7; margin: 0; padding: 0; width: 100%; border: hidden !important;">
<table class="inner-body" align="center" width="570" cellpadding="0" cellspacing="0" role="presentation" style="box-sizing: border-box; font-family: -apple-system, BlinkMacSystemFont, 'Segoe UI', Roboto, Helvetica, Arial, sans-serif, 'Apple Color Emoji', 'Segoe UI Emoji', 'Segoe UI Symbol'; position: relative; -premailer-cellpadding: 0; -premailer-cellspacing: 0; -premailer-width: 570px; background-color: #ffffff; border-color: #e8e5ef; border-radius: 2px; border-width: 1px; box-shadow: 0 2px 0 rgba(0, 0, 150, 0.025), 2px 4px 0 rgba(0, 0, 150, 0.015); margin: 0 auto; padding: 0; width: 570px;">
<!-- Body content -->
<tr>
<td class="content-cell" style="box-sizing: border-box; font-family: -apple-system, BlinkMacSystemFont, 'Segoe UI', Roboto, Helvetica, Arial, sans-serif, 'Apple Color Emoji', 'Segoe UI Emoji', 'Segoe UI Symbol'; position: relative; max-width: 100vw; padding: 32px;">
<h1 style="box-sizing: border-box; font-family: -apple-system, BlinkMacSystemFont, 'Segoe UI', Roboto, Helvetica, Arial, sans-serif, 'Apple Color Emoji', 'Segoe UI Emoji', 'Segoe UI Symbol'; position: relative; color: #3d4852; font-size: 18px; font-weight: bold; margin-top: 0; text-align: left;">Hello!</h1>
<p style="box-sizing: border-box; font-family: -apple-system, BlinkMacSystemFont, 'Segoe UI', Roboto, Helvetica, Arial, sans-serif, 'Apple Color Emoji', 'Segoe UI Emoji', 'Segoe UI Symbol'; position: relative; font-size: 16px; line-height: 1.5em; margin-top: 0; text-align: left;">You are receiving this email because we received a password reset request for your account.</p>
<table class="action" align="center" width="100%" cellpadding="0" cellspacing="0" role="presentation" style="box-sizing: border-box; font-family: -apple-system, BlinkMacSystemFont, 'Segoe UI', Roboto, Helvetica, Arial, sans-serif, 'Apple Color Emoji', 'Segoe UI Emoji', 'Segoe UI Symbol'; position: relative; -premailer-cellpadding: 0; -premailer-cellspacing: 0; -premailer-width: 100%; margin: 30px auto; padding: 0; text-align: center; width: 100%; float: unset;">
<tr>
<td align="center" style="box-sizing: border-box; font-family: -apple-system, BlinkMacSystemFont, 'Segoe UI', Roboto, Helvetica, Arial, sans-serif, 'Apple Color Emoji', 'Segoe UI Emoji', 'Segoe UI Symbol'; position: relative;">
<table width="100%" border="0" cellpadding="0" cellspacing="0" role="presentation" style="box-sizing: border-box; font-family: -apple-system, BlinkMacSystemFont, 'Segoe UI', Roboto, Helvetica, Arial, sans-serif, 'Apple Color Emoji', 'Segoe UI Emoji', 'Segoe UI Symbol'; position: relative;">
<tr>
<td align="center" style="box-sizing: border-box; font-family: -apple-system, BlinkMacSystemFont, 'Segoe UI', Roboto, Helvetica, Arial, sans-serif, 'Apple Color Emoji', 'Segoe UI Emoji', 'Segoe UI Symbol'; position: relative;">
<table border="0" cellpadding="0" cellspacing="0" role="presentation" style="box-sizing: border-box; font-family: -apple-system, BlinkMacSystemFont, 'Segoe UI', Roboto, Helvetica, Arial, sans-serif, 'Apple Color Emoji', 'Segoe UI Emoji', 'Segoe UI Symbol'; position: relative;">
<tr>
<td style="box-sizing: border-box; font-family: -apple-system, BlinkMacSystemFont, 'Segoe UI', Roboto, Helvetica, Arial, sans-serif, 'Apple Color Emoji', 'Segoe UI Emoji', 'Segoe UI Symbol'; position: relative;">
<a href="https://jornadaautomocion.monlau.com/reset-password/b76fe026aa04e7c2a118e6387d417365551213968e774450896411a0ac5b1b66?email=ebercasdia%40campus.monlau.com" class="button button-primary" target="_blank" rel="noopener" style="box-sizing: border-box; font-family: -apple-system, BlinkMacSystemFont, 'Segoe UI', Roboto, Helvetica, Arial, sans-serif, 'Apple Color Emoji', 'Segoe UI Emoji', 'Segoe UI Symbol'; position: relative; -webkit-text-size-adjust: none; border-radius: 4px; color: #fff; display: inline-block; overflow: hidden; text-decoration: none; background-color: #2d3748; border-bottom: 8px solid #2d3748; border-left: 18px solid #2d3748; border-right: 18px solid #2d3748; border-top: 8px solid #2d3748; word-break: break-all;">Reset Password</a>
</td>
</tr>
</table>
</td>
</tr>
</table>
</td>
</tr>
</table>
<p style="box-sizing: border-box; font-family: -apple-system, BlinkMacSystemFont, 'Segoe UI', Roboto, Helvetica, Arial, sans-serif, 'Apple Color Emoji', 'Segoe UI Emoji', 'Segoe UI Symbol'; position: relative; font-size: 16px; line-height: 1.5em; margin-top: 0; text-align: left;">This password reset link will expire in 60 minutes.</p>
<p style="box-sizing: border-box; font-family: -apple-system, BlinkMacSystemFont, 'Segoe UI', Roboto, Helvetica, Arial, sans-serif, 'Apple Color Emoji', 'Segoe UI Emoji', 'Segoe UI Symbol'; position: relative; font-size: 16px; line-height: 1.5em; margin-top: 0; text-align: left;">If you did not request a password reset, no further action is required.</p>
<p style="box-sizing: border-box; font-family: -apple-system, BlinkMacSystemFont, 'Segoe UI', Roboto, Helvetica, Arial, sans-serif, 'Apple Color Emoji', 'Segoe UI Emoji', 'Segoe UI Symbol'; position: relative; font-size: 16px; line-height: 1.5em; margin-top: 0; text-align: left;">Regards,<br>
Jornada automoción</p>


<table class="subcopy" width="100%" cellpadding="0" cellspacing="0" role="presentation" style="box-sizing: border-box; font-family: -apple-system, BlinkMacSystemFont, 'Segoe UI', Roboto, Helvetica, Arial, sans-serif, 'Apple Color Emoji', 'Segoe UI Emoji', 'Segoe UI Symbol'; position: relative; border-top: 1px solid #e8e5ef; margin-top: 25px; padding-top: 25px;">
<tr>
<td style="box-sizing: border-box; font-family: -apple-system, BlinkMacSystemFont, 'Segoe UI', Roboto, Helvetica, Arial, sans-serif, 'Apple Color Emoji', 'Segoe UI Emoji', 'Segoe UI Symbol'; position: relative;">
<p style="box-sizing: border-box; font-family: -apple-system, BlinkMacSystemFont, 'Segoe UI', Roboto, Helvetica, Arial, sans-serif, 'Apple Color Emoji', 'Segoe UI Emoji', 'Segoe UI Symbol'; position: relative; line-height: 1.5em; margin-top: 0; text-align: left; font-size: 14px;">If you're having trouble clicking the "Reset Password" button, copy and paste the URL below
into your web browser: <span class="break-all" style="box-sizing: border-box; font-family: -apple-system, BlinkMacSystemFont, 'Segoe UI', Roboto, Helvetica, Arial, sans-serif, 'Apple Color Emoji', 'Segoe UI Emoji', 'Segoe UI Symbol'; position: relative; word-break: break-all;"><a href="https://jornadaautomocion.monlau.com/reset-password/b76fe026aa04e7c2a118e6387d417365551213968e774450896411a0ac5b1b66?email=ebercasdia%40campus.monlau.com" style="box-sizing: border-box; font-family: -apple-system, BlinkMacSystemFont, 'Segoe UI', Roboto, Helvetica, Arial, sans-serif, 'Apple Color Emoji', 'Segoe UI Emoji', 'Segoe UI Symbol'; position: relative; color: #3869d4; word-break: break-all;">https://jornadaautomocion.monlau.com/reset-password/b76fe026aa04e7c2a118e6387d417365551213968e774450896411a0ac5b1b66?email=ebercasdia%40campus.monlau.com</a></span></p>

</td>
</tr>
</table>
</td>
</tr>
</table>
</td>
</tr>

<tr>
<td style="box-sizing: border-box; font-family: -apple-system, BlinkMacSystemFont, 'Segoe UI', Roboto, Helvetica, Arial, sans-serif, 'Apple Color Emoji', 'Segoe UI Emoji', 'Segoe UI Symbol'; position: relative;">
<table class="footer" align="center" width="570" cellpadding="0" cellspacing="0" role="presentation" style="box-sizing: border-box; font-family: -apple-system, BlinkMacSystemFont, 'Segoe UI', Roboto, Helvetica, Arial, sans-serif, 'Apple Color Emoji', 'Segoe UI Emoji', 'Segoe UI Symbol'; position: relative; -premailer-cellpadding: 0; -premailer-cellspacing: 0; -premailer-width: 570px; margin: 0 auto; padding: 0; text-align: center; width: 570px;">
<tr>
<td class="content-cell" align="center" style="box-sizing: border-box; font-family: -apple-system, BlinkMacSystemFont, 'Segoe UI', Roboto, Helvetica, Arial, sans-serif, 'Apple Color Emoji', 'Segoe UI Emoji', 'Segoe UI Symbol'; position: relative; max-width: 100vw; padding: 32px;">
<p style="box-sizing: border-box; font-family: -apple-system, BlinkMacSystemFont, 'Segoe UI', Roboto, Helvetica, Arial, sans-serif, 'Apple Color Emoji', 'Segoe UI Emoji', 'Segoe UI Symbol'; position: relative; line-height: 1.5em; margin-top: 0; color: #b0adc5; font-size: 12px; text-align: center;">© 2026 Jornada automoción. All rights reserved.</p>

</td>
</tr>
</table>
</td>
</tr>
</table>
</td>
</tr>
</table>
</body>
</html>
--rPGQIytj--
  
[2026-05-07 06:47:42] production.ERROR: Error Login Microsoft: Client error: `POST https://login.microsoftonline.com/common/oauth2/v2.0/token` resulted in a `400 Bad Request` response:
{"error":"invalid_grant","error_description":"AADSTS54005: OAuth2 Authorization code was already redeemed, please retry  (truncated...)
  
[2026-05-07 06:47:43] production.ERROR: Error Login Microsoft: Client error: `POST https://login.microsoftonline.com/common/oauth2/v2.0/token` resulted in a `400 Bad Request` response:
{"error":"invalid_grant","error_description":"AADSTS54005: OAuth2 Authorization code was already redeemed, please retry  (truncated...)
  
[2026-05-07 06:47:43] production.ERROR: Error Login Microsoft: Client error: `POST https://login.microsoftonline.com/common/oauth2/v2.0/token` resulted in a `400 Bad Request` response:
{"error":"invalid_grant","error_description":"AADSTS54005: OAuth2 Authorization code was already redeemed, please retry  (truncated...)
  
[2026-05-07 06:50:41] production.INFO: UPLOAD IMAGE REQUEST {"_token":"J4VhEpwAquD79LWewM2CsrWys9UaAzBR4vLuacUb","_method":"PUT","title":"Reparación y cambio de color Seat Altea","abstract":"Hemos echo una reparación completa y un cambio de color a otra tonalidad de azul distinto al que trae el coche de serie.","videoURL":null,"new_image_fase":"initial","action":"upload_image","conclusion":null,"new_project_image":{"Illuminate\\Http\\UploadedFile":"/tmp/phpq59MRA"}} 
[2026-05-07 06:50:56] production.INFO: Usuario creado:  {"id":null} 
[2026-05-07 06:50:56] production.INFO: Estudiante creado:  {"id":null} 
[2026-05-07 06:50:59] production.ERROR: Error Login Microsoft: Client error: `POST https://login.microsoftonline.com/common/oauth2/v2.0/token` resulted in a `400 Bad Request` response:
{"error":"invalid_grant","error_description":"AADSTS54005: OAuth2 Authorization code was already redeemed, please retry  (truncated...)
  
[2026-05-07 06:51:28] production.ERROR: Error Login Microsoft: Client error: `POST https://login.microsoftonline.com/common/oauth2/v2.0/token` resulted in a `400 Bad Request` response:
{"error":"invalid_grant","error_description":"AADSTS54005: OAuth2 Authorization code was already redeemed, please retry  (truncated...)
  
[2026-05-07 06:51:30] production.ERROR: Error Login Microsoft: Client error: `POST https://login.microsoftonline.com/common/oauth2/v2.0/token` resulted in a `400 Bad Request` response:
{"error":"invalid_grant","error_description":"AADSTS54005: OAuth2 Authorization code was already redeemed, please retry  (truncated...)
  
[2026-05-07 07:19:08] production.INFO: UPLOAD IMAGE REQUEST {"_token":"6oG3A9OnwS1j2SvcUn6Ud3FApBskWokujSgZD0cH","_method":"PUT","title":"Reparación CBR600RR","abstract":"Desmontaje, verificación y reparación de los componentes que han podido ser afectados por la caída. Mantenimientos ( reglaje, bujías,…)","tipos":["1"],"videoURL":null,"new_image_fase":"header","action":"upload_image","conclusion":null,"photoName":{"Illuminate\\Http\\UploadedFile":"/tmp/phpQbsDCp"},"new_project_image":{"Illuminate\\Http\\UploadedFile":"/tmp/phpkYcz6l"}} 
[2026-05-07 07:21:24] production.DEBUG: From: Jornada =?utf-8?Q?automoci=C3=B3n?= <hello@example.com>
To: lucascobsil@campus.monlau.com
Subject: Reset Password Notification
MIME-Version: 1.0
Date: Thu, 07 May 2026 07:21:24 +0000
Message-ID: <ac8d1f5b2f1a0d5cde74134bf4aa9645@example.com>
Content-Type: multipart/alternative; boundary=JDr7iNln

--JDr7iNln
Content-Type: text/plain; charset=utf-8
Content-Transfer-Encoding: quoted-printable

Jornada automoción: https://jornadaautomocion.monlau.com

# Hello!

You are receiving this email because we received a password reset request for your account.

Reset Password: https://jornadaautomocion.monlau.com/reset-password/2b78e1cd5f0bdbea26817339b0a11b28c73789f8a2ede4e9e440e88623336feb?email=lucascobsil%40campus.monlau.com

This password reset link will expire in 60 minutes.

If you did not request a password reset, no further action is required.

Regards,
Jornada automoción

If you're having trouble clicking the "Reset Password" button, copy and paste the URL below
into your web browser: [https://jornadaautomocion.monlau.com/reset-password/2b78e1cd5f0bdbea26817339b0a11b28c73789f8a2ede4e9e440e88623336feb?email=lucascobsil%40campus.monlau.com](https://jornadaautomocion.monlau.com/reset-password/2b78e1cd5f0bdbea26817339b0a11b28c73789f8a2ede4e9e440e88623336feb?email=lucascobsil%40campus.monlau.com)

© 2026 Jornada automoción. All rights reserved.

--JDr7iNln
Content-Type: text/html; charset=utf-8
Content-Transfer-Encoding: quoted-printable

<!DOCTYPE html PUBLIC "-//W3C//DTD XHTML 1.0 Transitional//EN" "http://www.w3.org/TR/xhtml1/DTD/xhtml1-transitional.dtd">
<html xmlns="http://www.w3.org/1999/xhtml">
<head>
<title>Jornada automoción</title>
<meta name="viewport" content="width=device-width, initial-scale=1.0">
<meta http-equiv="Content-Type" content="text/html; charset=UTF-8">
<meta name="color-scheme" content="light">
<meta name="supported-color-schemes" content="light">
<style>
@media only screen and (max-width: 600px) {
.inner-body {
width: 100% !important;
}

.footer {
width: 100% !important;
}
}

@media only screen and (max-width: 500px) {
.button {
width: 100% !important;
}
}
</style>

</head>
<body style="box-sizing: border-box; font-family: -apple-system, BlinkMacSystemFont, 'Segoe UI', Roboto, Helvetica, Arial, sans-serif, 'Apple Color Emoji', 'Segoe UI Emoji', 'Segoe UI Symbol'; position: relative; -webkit-text-size-adjust: none; background-color: #ffffff; color: #718096; height: 100%; line-height: 1.4; margin: 0; padding: 0; width: 100% !important;">

<table class="wrapper" width="100%" cellpadding="0" cellspacing="0" role="presentation" style="box-sizing: border-box; font-family: -apple-system, BlinkMacSystemFont, 'Segoe UI', Roboto, Helvetica, Arial, sans-serif, 'Apple Color Emoji', 'Segoe UI Emoji', 'Segoe UI Symbol'; position: relative; -premailer-cellpadding: 0; -premailer-cellspacing: 0; -premailer-width: 100%; background-color: #edf2f7; margin: 0; padding: 0; width: 100%;">
<tr>
<td align="center" style="box-sizing: border-box; font-family: -apple-system, BlinkMacSystemFont, 'Segoe UI', Roboto, Helvetica, Arial, sans-serif, 'Apple Color Emoji', 'Segoe UI Emoji', 'Segoe UI Symbol'; position: relative;">
<table class="content" width="100%" cellpadding="0" cellspacing="0" role="presentation" style="box-sizing: border-box; font-family: -apple-system, BlinkMacSystemFont, 'Segoe UI', Roboto, Helvetica, Arial, sans-serif, 'Apple Color Emoji', 'Segoe UI Emoji', 'Segoe UI Symbol'; position: relative; -premailer-cellpadding: 0; -premailer-cellspacing: 0; -premailer-width: 100%; margin: 0; padding: 0; width: 100%;">
<tr>
<td class="header" style="box-sizing: border-box; font-family: -apple-system, BlinkMacSystemFont, 'Segoe UI', Roboto, Helvetica, Arial, sans-serif, 'Apple Color Emoji', 'Segoe UI Emoji', 'Segoe UI Symbol'; position: relative; padding: 25px 0; text-align: center;">
<a href="https://jornadaautomocion.monlau.com" style="box-sizing: border-box; font-family: -apple-system, BlinkMacSystemFont, 'Segoe UI', Roboto, Helvetica, Arial, sans-serif, 'Apple Color Emoji', 'Segoe UI Emoji', 'Segoe UI Symbol'; position: relative; color: #3d4852; font-size: 19px; font-weight: bold; text-decoration: none; display: inline-block;">
Jornada automoción
</a>
</td>
</tr>

<!-- Email Body -->
<tr>
<td class="body" width="100%" cellpadding="0" cellspacing="0" style="box-sizing: border-box; font-family: -apple-system, BlinkMacSystemFont, 'Segoe UI', Roboto, Helvetica, Arial, sans-serif, 'Apple Color Emoji', 'Segoe UI Emoji', 'Segoe UI Symbol'; position: relative; -premailer-cellpadding: 0; -premailer-cellspacing: 0; -premailer-width: 100%; background-color: #edf2f7; border-bottom: 1px solid #edf2f7; border-top: 1px solid #edf2f7; margin: 0; padding: 0; width: 100%; border: hidden !important;">
<table class="inner-body" align="center" width="570" cellpadding="0" cellspacing="0" role="presentation" style="box-sizing: border-box; font-family: -apple-system, BlinkMacSystemFont, 'Segoe UI', Roboto, Helvetica, Arial, sans-serif, 'Apple Color Emoji', 'Segoe UI Emoji', 'Segoe UI Symbol'; position: relative; -premailer-cellpadding: 0; -premailer-cellspacing: 0; -premailer-width: 570px; background-color: #ffffff; border-color: #e8e5ef; border-radius: 2px; border-width: 1px; box-shadow: 0 2px 0 rgba(0, 0, 150, 0.025), 2px 4px 0 rgba(0, 0, 150, 0.015); margin: 0 auto; padding: 0; width: 570px;">
<!-- Body content -->
<tr>
<td class="content-cell" style="box-sizing: border-box; font-family: -apple-system, BlinkMacSystemFont, 'Segoe UI', Roboto, Helvetica, Arial, sans-serif, 'Apple Color Emoji', 'Segoe UI Emoji', 'Segoe UI Symbol'; position: relative; max-width: 100vw; padding: 32px;">
<h1 style="box-sizing: border-box; font-family: -apple-system, BlinkMacSystemFont, 'Segoe UI', Roboto, Helvetica, Arial, sans-serif, 'Apple Color Emoji', 'Segoe UI Emoji', 'Segoe UI Symbol'; position: relative; color: #3d4852; font-size: 18px; font-weight: bold; margin-top: 0; text-align: left;">Hello!</h1>
<p style="box-sizing: border-box; font-family: -apple-system, BlinkMacSystemFont, 'Segoe UI', Roboto, Helvetica, Arial, sans-serif, 'Apple Color Emoji', 'Segoe UI Emoji', 'Segoe UI Symbol'; position: relative; font-size: 16px; line-height: 1.5em; margin-top: 0; text-align: left;">You are receiving this email because we received a password reset request for your account.</p>
<table class="action" align="center" width="100%" cellpadding="0" cellspacing="0" role="presentation" style="box-sizing: border-box; font-family: -apple-system, BlinkMacSystemFont, 'Segoe UI', Roboto, Helvetica, Arial, sans-serif, 'Apple Color Emoji', 'Segoe UI Emoji', 'Segoe UI Symbol'; position: relative; -premailer-cellpadding: 0; -premailer-cellspacing: 0; -premailer-width: 100%; margin: 30px auto; padding: 0; text-align: center; width: 100%; float: unset;">
<tr>
<td align="center" style="box-sizing: border-box; font-family: -apple-system, BlinkMacSystemFont, 'Segoe UI', Roboto, Helvetica, Arial, sans-serif, 'Apple Color Emoji', 'Segoe UI Emoji', 'Segoe UI Symbol'; position: relative;">
<table width="100%" border="0" cellpadding="0" cellspacing="0" role="presentation" style="box-sizing: border-box; font-family: -apple-system, BlinkMacSystemFont, 'Segoe UI', Roboto, Helvetica, Arial, sans-serif, 'Apple Color Emoji', 'Segoe UI Emoji', 'Segoe UI Symbol'; position: relative;">
<tr>
<td align="center" style="box-sizing: border-box; font-family: -apple-system, BlinkMacSystemFont, 'Segoe UI', Roboto, Helvetica, Arial, sans-serif, 'Apple Color Emoji', 'Segoe UI Emoji', 'Segoe UI Symbol'; position: relative;">
<table border="0" cellpadding="0" cellspacing="0" role="presentation" style="box-sizing: border-box; font-family: -apple-system, BlinkMacSystemFont, 'Segoe UI', Roboto, Helvetica, Arial, sans-serif, 'Apple Color Emoji', 'Segoe UI Emoji', 'Segoe UI Symbol'; position: relative;">
<tr>
<td style="box-sizing: border-box; font-family: -apple-system, BlinkMacSystemFont, 'Segoe UI', Roboto, Helvetica, Arial, sans-serif, 'Apple Color Emoji', 'Segoe UI Emoji', 'Segoe UI Symbol'; position: relative;">
<a href="https://jornadaautomocion.monlau.com/reset-password/2b78e1cd5f0bdbea26817339b0a11b28c73789f8a2ede4e9e440e88623336feb?email=lucascobsil%40campus.monlau.com" class="button button-primary" target="_blank" rel="noopener" style="box-sizing: border-box; font-family: -apple-system, BlinkMacSystemFont, 'Segoe UI', Roboto, Helvetica, Arial, sans-serif, 'Apple Color Emoji', 'Segoe UI Emoji', 'Segoe UI Symbol'; position: relative; -webkit-text-size-adjust: none; border-radius: 4px; color: #fff; display: inline-block; overflow: hidden; text-decoration: none; background-color: #2d3748; border-bottom: 8px solid #2d3748; border-left: 18px solid #2d3748; border-right: 18px solid #2d3748; border-top: 8px solid #2d3748; word-break: break-all;">Reset Password</a>
</td>
</tr>
</table>
</td>
</tr>
</table>
</td>
</tr>
</table>
<p style="box-sizing: border-box; font-family: -apple-system, BlinkMacSystemFont, 'Segoe UI', Roboto, Helvetica, Arial, sans-serif, 'Apple Color Emoji', 'Segoe UI Emoji', 'Segoe UI Symbol'; position: relative; font-size: 16px; line-height: 1.5em; margin-top: 0; text-align: left;">This password reset link will expire in 60 minutes.</p>
<p style="box-sizing: border-box; font-family: -apple-system, BlinkMacSystemFont, 'Segoe UI', Roboto, Helvetica, Arial, sans-serif, 'Apple Color Emoji', 'Segoe UI Emoji', 'Segoe UI Symbol'; position: relative; font-size: 16px; line-height: 1.5em; margin-top: 0; text-align: left;">If you did not request a password reset, no further action is required.</p>
<p style="box-sizing: border-box; font-family: -apple-system, BlinkMacSystemFont, 'Segoe UI', Roboto, Helvetica, Arial, sans-serif, 'Apple Color Emoji', 'Segoe UI Emoji', 'Segoe UI Symbol'; position: relative; font-size: 16px; line-height: 1.5em; margin-top: 0; text-align: left;">Regards,<br>
Jornada automoción</p>


<table class="subcopy" width="100%" cellpadding="0" cellspacing="0" role="presentation" style="box-sizing: border-box; font-family: -apple-system, BlinkMacSystemFont, 'Segoe UI', Roboto, Helvetica, Arial, sans-serif, 'Apple Color Emoji', 'Segoe UI Emoji', 'Segoe UI Symbol'; position: relative; border-top: 1px solid #e8e5ef; margin-top: 25px; padding-top: 25px;">
<tr>
<td style="box-sizing: border-box; font-family: -apple-system, BlinkMacSystemFont, 'Segoe UI', Roboto, Helvetica, Arial, sans-serif, 'Apple Color Emoji', 'Segoe UI Emoji', 'Segoe UI Symbol'; position: relative;">
<p style="box-sizing: border-box; font-family: -apple-system, BlinkMacSystemFont, 'Segoe UI', Roboto, Helvetica, Arial, sans-serif, 'Apple Color Emoji', 'Segoe UI Emoji', 'Segoe UI Symbol'; position: relative; line-height: 1.5em; margin-top: 0; text-align: left; font-size: 14px;">If you're having trouble clicking the "Reset Password" button, copy and paste the URL below
into your web browser: <span class="break-all" style="box-sizing: border-box; font-family: -apple-system, BlinkMacSystemFont, 'Segoe UI', Roboto, Helvetica, Arial, sans-serif, 'Apple Color Emoji', 'Segoe UI Emoji', 'Segoe UI Symbol'; position: relative; word-break: break-all;"><a href="https://jornadaautomocion.monlau.com/reset-password/2b78e1cd5f0bdbea26817339b0a11b28c73789f8a2ede4e9e440e88623336feb?email=lucascobsil%40campus.monlau.com" style="box-sizing: border-box; font-family: -apple-system, BlinkMacSystemFont, 'Segoe UI', Roboto, Helvetica, Arial, sans-serif, 'Apple Color Emoji', 'Segoe UI Emoji', 'Segoe UI Symbol'; position: relative; color: #3869d4; word-break: break-all;">https://jornadaautomocion.monlau.com/reset-password/2b78e1cd5f0bdbea26817339b0a11b28c73789f8a2ede4e9e440e88623336feb?email=lucascobsil%40campus.monlau.com</a></span></p>

</td>
</tr>
</table>
</td>
</tr>
</table>
</td>
</tr>

<tr>
<td style="box-sizing: border-box; font-family: -apple-system, BlinkMacSystemFont, 'Segoe UI', Roboto, Helvetica, Arial, sans-serif, 'Apple Color Emoji', 'Segoe UI Emoji', 'Segoe UI Symbol'; position: relative;">
<table class="footer" align="center" width="570" cellpadding="0" cellspacing="0" role="presentation" style="box-sizing: border-box; font-family: -apple-system, BlinkMacSystemFont, 'Segoe UI', Roboto, Helvetica, Arial, sans-serif, 'Apple Color Emoji', 'Segoe UI Emoji', 'Segoe UI Symbol'; position: relative; -premailer-cellpadding: 0; -premailer-cellspacing: 0; -premailer-width: 570px; margin: 0 auto; padding: 0; text-align: center; width: 570px;">
<tr>
<td class="content-cell" align="center" style="box-sizing: border-box; font-family: -apple-system, BlinkMacSystemFont, 'Segoe UI', Roboto, Helvetica, Arial, sans-serif, 'Apple Color Emoji', 'Segoe UI Emoji', 'Segoe UI Symbol'; position: relative; max-width: 100vw; padding: 32px;">
<p style="box-sizing: border-box; font-family: -apple-system, BlinkMacSystemFont, 'Segoe UI', Roboto, Helvetica, Arial, sans-serif, 'Apple Color Emoji', 'Segoe UI Emoji', 'Segoe UI Symbol'; position: relative; line-height: 1.5em; margin-top: 0; color: #b0adc5; font-size: 12px; text-align: center;">© 2026 Jornada automoción. All rights reserved.</p>

</td>
</tr>
</table>
</td>
</tr>
</table>
</td>
</tr>
</table>
</body>
</html>
--JDr7iNln--
  
[2026-05-07 07:22:56] production.ERROR: Error Login Microsoft: Client error: `POST https://login.microsoftonline.com/common/oauth2/v2.0/token` resulted in a `400 Bad Request` response:
{"error":"invalid_grant","error_description":"AADSTS54005: OAuth2 Authorization code was already redeemed, please retry  (truncated...)
  
[2026-05-07 07:28:57] production.INFO: UPLOAD IMAGE REQUEST {"_token":"J4VhEpwAquD79LWewM2CsrWys9UaAzBR4vLuacUb","_method":"PUT","title":"Reparación y cambio de color de Seat Altea","abstract":"Hemos echo una reparación completa y un cambio de tonalidad del color de serie del coche de un Seat Altea 2005","tipos":["2","7"],"videoURL":null,"new_image_fase":"initial","action":"upload_image","conclusion":null,"new_project_image":{"Illuminate\\Http\\UploadedFile":"/tmp/php3kaE9f"}} 
[2026-05-07 07:46:05] production.INFO: UPLOAD IMAGE REQUEST {"_token":"eyh5ynM06f2TAY3UY9BeTMWrXNscfu5tFevIF2ZT","_method":"PUT","title":"Reparación y puesta punto Yamaha Mt03 2009","abstract":"Instalació de kit de limitació per carnet a2","tipos":["1","2","8"],"videoURL":null,"new_image_fase":"header","action":"upload_image","conclusion":null,"new_project_image":{"Illuminate\\Http\\UploadedFile":"/tmp/phpXW6G0T"}} 
[2026-05-07 07:46:27] production.ERROR: Error Login Microsoft: Client error: `POST https://login.microsoftonline.com/common/oauth2/v2.0/token` resulted in a `400 Bad Request` response:
{"error":"invalid_grant","error_description":"AADSTS70008: The provided authorization code or refresh token has expired  (truncated...)
  
[2026-05-07 07:47:30] production.INFO: UPLOAD IMAGE REQUEST {"_token":"eyh5ynM06f2TAY3UY9BeTMWrXNscfu5tFevIF2ZT","_method":"PUT","title":"Reparación y puesta punto Yamaha Mt03 2009","abstract":"Instalació de kit de limitació per carnet a2","tipos":["1","2","8"],"videoURL":null,"new_image_fase":"initial","action":"upload_image","conclusion":null,"new_project_image":{"Illuminate\\Http\\UploadedFile":"/tmp/phpIB9Lsz"}} 
[2026-05-07 07:49:50] production.INFO: UPLOAD IMAGE REQUEST {"_token":"eyh5ynM06f2TAY3UY9BeTMWrXNscfu5tFevIF2ZT","_method":"PUT","title":"Reparación y puesta punto Yamaha Mt03 2009","abstract":"Instalació de kit de limitació per carnet a2","tipos":["1","2","8"],"videoURL":null,"new_image_fase":"initial","action":"upload_image","conclusion":null,"new_project_image":{"Illuminate\\Http\\UploadedFile":"/tmp/phpaye4f8"}} 
[2026-05-07 08:05:52] production.INFO: UPLOAD IMAGE REQUEST {"_token":"eyh5ynM06f2TAY3UY9BeTMWrXNscfu5tFevIF2ZT","_method":"PUT","title":"Reparación y puesta punto Yamaha Mt03 2009","abstract":"Instalació de kit de limitació per carnet a2","tipos":["1","2","8"],"videoURL":null,"new_image_fase":"procedimiento_1","action":"upload_image","image_descriptions":{"292":null},"conclusion":null,"new_project_image":{"Illuminate\\Http\\UploadedFile":"/tmp/phpt61Atg"}} 
[2026-05-07 08:06:13] production.INFO: UPLOAD IMAGE REQUEST {"_token":"eyh5ynM06f2TAY3UY9BeTMWrXNscfu5tFevIF2ZT","_method":"PUT","title":"Reparación y puesta punto Yamaha Mt03 2009","abstract":"Instalació de kit de limitació per carnet a2","tipos":["1","2","8"],"videoURL":null,"new_image_fase":"procedimiento_1","action":"upload_image","image_descriptions":{"292":null},"conclusion":null,"new_project_image":{"Illuminate\\Http\\UploadedFile":"/tmp/phpinVGkB"}} 
[2026-05-07 08:06:22] production.INFO: UPLOAD IMAGE REQUEST {"_token":"eyh5ynM06f2TAY3UY9BeTMWrXNscfu5tFevIF2ZT","_method":"PUT","title":"Reparación y puesta punto Yamaha Mt03 2009","abstract":"Instalació de kit de limitació per carnet a2","tipos":["1","2","8"],"videoURL":null,"new_image_fase":"procedimiento_2","action":"upload_image","image_descriptions":{"292":null,"294":null},"conclusion":null,"new_project_image":{"Illuminate\\Http\\UploadedFile":"/tmp/phpgz9Lw4"}} 
[2026-05-07 08:08:11] production.INFO: UPLOAD IMAGE REQUEST {"_token":"eyh5ynM06f2TAY3UY9BeTMWrXNscfu5tFevIF2ZT","_method":"PUT","title":"Reparación y puesta punto Yamaha Mt03 2009","abstract":"Instalació de kit de limitació per carnet a2","tipos":["1","2","8"],"videoURL":null,"new_image_fase":"procedimiento_3","action":"upload_image","image_descriptions":{"292":null,"294":null,"295":null},"conclusion":null,"new_project_image":{"Illuminate\\Http\\UploadedFile":"/tmp/phpK4V9Hs"}} 
[2026-05-07 12:59:19] production.ERROR: Error Login Microsoft: Client error: `POST https://login.microsoftonline.com/common/oauth2/v2.0/token` resulted in a `400 Bad Request` response:
{"error":"invalid_grant","error_description":"AADSTS70008: The provided authorization code or refresh token has expired  (truncated...)
  
[2026-05-07 14:38:35] production.INFO: UPLOAD IMAGE REQUEST {"_token":"fitKbXoDBBapRDs89qYQMinaWRmZq81vL69TJB2q","_method":"PUT","title":"Yamaha DT49R","abstract":"He agafat una Yamaha 49 que no arrancaba i he obert el motor, he netejat i canviat el que feia falta i he fet una restauracio de la moto","tipos":["1","2","8"],"videoURL":null,"new_image_fase":"header","action":"upload_image","conclusion":"A la moto se le ha hecho lo planificado, y algunas cosas mas como pintar y vinilar los plasticos.","photoName":{"Illuminate\\Http\\UploadedFile":"/tmp/phpzL8tzM"},"new_project_image":{"Illuminate\\Http\\UploadedFile":"/tmp/phpJ1BZLv"}} 
[2026-05-07 14:41:24] production.INFO: UPLOAD IMAGE REQUEST {"_token":"fitKbXoDBBapRDs89qYQMinaWRmZq81vL69TJB2q","_method":"PUT","title":"Yamaha DT49R","abstract":"He agafat una Yamaha 49 que no arrancaba i he obert el motor, he netejat i canviat el que feia falta i he fet una restauracio de la moto","tipos":["1","2","8"],"videoURL":null,"new_image_fase":"initial","action":"upload_image","conclusion":"A la moto se le ha hecho lo planificado, y algunas cosas mas como pintar y vinilar los plasticos.","new_project_image":{"Illuminate\\Http\\UploadedFile":"/tmp/phphaD23O"}} 
[2026-05-07 14:41:48] production.INFO: UPLOAD IMAGE REQUEST {"_token":"fitKbXoDBBapRDs89qYQMinaWRmZq81vL69TJB2q","_method":"PUT","title":"Yamaha DT49R","abstract":"He agafat una Yamaha 49 que no arrancaba i he obert el motor, he netejat i canviat el que feia falta i he fet una restauracio de la moto","tipos":["1","2","8"],"videoURL":null,"new_image_fase":"initial","action":"upload_image","conclusion":"A la moto se le ha hecho lo planificado, y algunas cosas mas como pintar y vinilar los plasticos.","new_project_image":{"Illuminate\\Http\\UploadedFile":"/tmp/phpOOMHyx"}} 
[2026-05-07 14:42:05] production.INFO: UPLOAD IMAGE REQUEST {"_token":"fitKbXoDBBapRDs89qYQMinaWRmZq81vL69TJB2q","_method":"PUT","title":"Yamaha DT49R","abstract":"He agafat una Yamaha 49 que no arrancaba i he obert el motor, he netejat i canviat el que feia falta i he fet una restauracio de la moto","tipos":["1","2","8"],"videoURL":null,"new_image_fase":"header","action":"upload_image","image_descriptions":{"299":null},"conclusion":"A la moto se le ha hecho lo planificado, y algunas cosas mas como pintar y vinilar los plasticos.","new_project_image":{"Illuminate\\Http\\UploadedFile":"/tmp/phpZoXUTN"}} 
[2026-05-07 14:42:14] production.INFO: UPLOAD IMAGE REQUEST {"_token":"fitKbXoDBBapRDs89qYQMinaWRmZq81vL69TJB2q","_method":"PUT","title":"Yamaha DT49R","abstract":"He agafat una Yamaha 49 que no arrancaba i he obert el motor, he netejat i canviat el que feia falta i he fet una restauracio de la moto","tipos":["1","2","8"],"videoURL":null,"new_image_fase":"procedimiento_1","action":"upload_image","image_descriptions":{"299":null},"conclusion":"A la moto se le ha hecho lo planificado, y algunas cosas mas como pintar y vinilar los plasticos.","new_project_image":{"Illuminate\\Http\\UploadedFile":"/tmp/phpMWUEiC"}} 
[2026-05-07 14:42:24] production.INFO: UPLOAD IMAGE REQUEST {"_token":"fitKbXoDBBapRDs89qYQMinaWRmZq81vL69TJB2q","_method":"PUT","title":"Yamaha DT49R","abstract":"He agafat una Yamaha 49 que no arrancaba i he obert el motor, he netejat i canviat el que feia falta i he fet una restauracio de la moto","tipos":["1","2","8"],"videoURL":null,"new_image_fase":"procedimiento_2","action":"upload_image","image_descriptions":{"299":null,"301":null},"conclusion":"A la moto se le ha hecho lo planificado, y algunas cosas mas como pintar y vinilar los plasticos.","new_project_image":{"Illuminate\\Http\\UploadedFile":"/tmp/phpJJ9yIF"}} 
[2026-05-07 14:42:35] production.INFO: UPLOAD IMAGE REQUEST {"_token":"fitKbXoDBBapRDs89qYQMinaWRmZq81vL69TJB2q","_method":"PUT","title":"Yamaha DT49R","abstract":"He agafat una Yamaha 49 que no arrancaba i he obert el motor, he netejat i canviat el que feia falta i he fet una restauracio de la moto","tipos":["1","2","8"],"videoURL":null,"new_image_fase":"procedimiento_3","action":"upload_image","image_descriptions":{"299":null,"301":null,"302":null},"conclusion":"A la moto se le ha hecho lo planificado, y algunas cosas mas como pintar y vinilar los plasticos.","new_project_image":{"Illuminate\\Http\\UploadedFile":"/tmp/phpySgkTp"}} 
[2026-05-07 14:42:44] production.INFO: UPLOAD IMAGE REQUEST {"_token":"fitKbXoDBBapRDs89qYQMinaWRmZq81vL69TJB2q","_method":"PUT","title":"Yamaha DT49R","abstract":"He agafat una Yamaha 49 que no arrancaba i he obert el motor, he netejat i canviat el que feia falta i he fet una restauracio de la moto","tipos":["1","2","8"],"videoURL":null,"new_image_fase":"final","action":"upload_image","image_descriptions":{"299":null,"301":null,"302":null,"303":null},"conclusion":"A la moto se le ha hecho lo planificado, y algunas cosas mas como pintar y vinilar los plasticos.","new_project_image":{"Illuminate\\Http\\UploadedFile":"/tmp/php2Zd8Qs"}} 
[2026-05-07 14:43:06] production.INFO: UPLOAD IMAGE REQUEST {"_token":"fitKbXoDBBapRDs89qYQMinaWRmZq81vL69TJB2q","_method":"PUT","title":"Yamaha DT49R","abstract":"He agafat una Yamaha 49 que no arrancaba i he obert el motor, he netejat i canviat el que feia falta i he fet una restauracio de la moto","tipos":["1","2","8"],"videoURL":null,"new_image_fase":"procedimiento_3","action":"upload_image","image_descriptions":{"299":null,"301":null,"302":null,"303":null},"conclusion":"A la moto se le ha hecho lo planificado, y algunas cosas mas como pintar y vinilar los plasticos.","new_project_image":{"Illuminate\\Http\\UploadedFile":"/tmp/phpvghXdt"}} 
[2026-05-07 14:43:16] production.INFO: UPLOAD IMAGE REQUEST {"_token":"fitKbXoDBBapRDs89qYQMinaWRmZq81vL69TJB2q","_method":"PUT","title":"Yamaha DT49R","abstract":"He agafat una Yamaha 49 que no arrancaba i he obert el motor, he netejat i canviat el que feia falta i he fet una restauracio de la moto","tipos":["1","2","8"],"videoURL":null,"new_image_fase":"final","action":"upload_image","image_descriptions":{"299":null,"301":null,"302":null,"305":null},"conclusion":"A la moto se le ha hecho lo planificado, y algunas cosas mas como pintar y vinilar los plasticos.","new_project_image":{"Illuminate\\Http\\UploadedFile":"/tmp/php7PReFt"}} 
[2026-05-07 16:53:45] production.INFO: UPLOAD IMAGE REQUEST {"_token":"Eg045rwMrm18Ly1LEBEh49YPBi0iRfpdYUWbBDoy","_method":"PUT","title":"Restauració Peugeot Movesa 125cc","abstract":"En aquest projecte s'ha dut a terme una restauració al complert d'una motocicleta Peugeot Movesa 125cc de l'any 1955, la motocicleta s'ha desmuntat al complet i s'han reparat i sutituit peces. Els àmbits que he treballat han estat la part mecànica, la part elèctrica, reparar i pintar la carrocería .","tipos":["1","6","7"],"videoURL":null,"new_image_fase":"header","action":"upload_image","image_descriptions":{"274":"La moto ha quedat en molt bon estat, tant a nivell mecànic com elèctric. Funciona correctament, amb una instal·lació elèctrica nova i fiable, i compleix els requisits per circular, inclosa la llum de fre. Estèticament, presenta un aspecte molt millorat, mantenint el seu estil clàssic."},"conclusion":"Amb aquest projecte he aconseguit donar una segona vida a la moto, que estava bastant deteriorada. Amb paciència, he anat resolent problemes i millorant la part elèctrica, mecànica i estètica. Ha estat un projecte que m`ha ajudat a posar en pràctica els meus coneixaments.","new_project_image":{"Illuminate\\Http\\UploadedFile":"/tmp/phpPVJuHr"}} 
[2026-05-07 16:58:41] production.INFO: UPLOAD IMAGE REQUEST {"_token":"Eg045rwMrm18Ly1LEBEh49YPBi0iRfpdYUWbBDoy","_method":"PUT","title":"Restauració Peugeot Movesa 125cc","abstract":"En aquest projecte s'ha dut a terme una restauració al complert d'una motocicleta Peugeot Movesa 125cc de l'any 1955, la motocicleta s'ha desmuntat al complet i s'han reparat i sutituit peces. Els àmbits que he treballat han estat la part mecànica, la part elèctrica, reparar i pintar la carrocería .","tipos":["1","6","7"],"videoURL":null,"new_image_fase":"header","action":"upload_image","image_descriptions":{"274":"La moto ha quedat en molt bon estat, tant a nivell mecànic com elèctric. Funciona correctament, amb una instal·lació elèctrica nova i fiable, i compleix els requisits per circular, inclosa la llum de fre. Estèticament, presenta un aspecte molt millorat, mantenint el seu estil clàssic."},"conclusion":"Amb aquest projecte he aconseguit donar una segona vida a la moto, que estava bastant deteriorada. Amb paciència, he anat resolent problemes i millorant la part elèctrica, mecànica i estètica. Ha estat un projecte que m`ha ajudat a posar en pràctica els meus coneixaments.","new_project_image":{"Illuminate\\Http\\UploadedFile":"/tmp/phpGpWSBM"}} 
[2026-05-07 16:59:22] production.INFO: UPLOAD IMAGE REQUEST {"_token":"Eg045rwMrm18Ly1LEBEh49YPBi0iRfpdYUWbBDoy","_method":"PUT","title":"Restauració Peugeot Movesa 125cc","abstract":"En aquest projecte s'ha dut a terme una restauració al complert d'una motocicleta Peugeot Movesa 125cc de l'any 1955, la motocicleta s'ha desmuntat al complet i s'han reparat i sutituit peces. Els àmbits que he treballat han estat la part mecànica, la part elèctrica, reparar i pintar la carrocería .","tipos":["1","6","7"],"videoURL":null,"new_image_fase":"initial","action":"upload_image","image_descriptions":{"274":"La moto ha quedat en molt bon estat, tant a nivell mecànic com elèctric. Funciona correctament, amb una instal·lació elèctrica nova i fiable, i compleix els requisits per circular, inclosa la llum de fre. Estèticament, presenta un aspecte molt millorat, mantenint el seu estil clàssic."},"conclusion":"Amb aquest projecte he aconseguit donar una segona vida a la moto, que estava bastant deteriorada. Amb paciència, he anat resolent problemes i millorant la part elèctrica, mecànica i estètica. Ha estat un projecte que m`ha ajudat a posar en pràctica els meus coneixaments.","new_project_image":{"Illuminate\\Http\\UploadedFile":"/tmp/phpZjfl6R"}} 
[2026-05-07 17:01:37] production.INFO: UPLOAD IMAGE REQUEST {"_token":"Eg045rwMrm18Ly1LEBEh49YPBi0iRfpdYUWbBDoy","_method":"PUT","title":"Restauració Peugeot Movesa 125cc","abstract":"En aquest projecte s'ha dut a terme una restauració al complert d'una motocicleta Peugeot Movesa 125cc de l'any 1955, la motocicleta s'ha desmuntat al complet i s'han reparat i sutituit peces. Els àmbits que he treballat han estat la part mecànica, la part elèctrica, reparar i pintar la carrocería .","tipos":["1","6","7"],"videoURL":null,"new_image_fase":"initial","action":"upload_image","image_descriptions":{"274":"La moto ha quedat en molt bon estat, tant a nivell mecànic com elèctric. Funciona correctament, amb una instal·lació elèctrica nova i fiable, i compleix els requisits per circular, inclosa la llum de fre. Estèticament, presenta un aspecte molt millorat, mantenint el seu estil clàssic."},"conclusion":"Amb aquest projecte he aconseguit donar una segona vida a la moto, que estava bastant deteriorada. Amb paciència, he anat resolent problemes i millorant la part elèctrica, mecànica i estètica. Ha estat un projecte que m`ha ajudat a posar en pràctica els meus coneixaments.","new_project_image":{"Illuminate\\Http\\UploadedFile":"/tmp/php3Nms97"}} 
[2026-05-07 18:11:32] production.INFO: UPLOAD IMAGE REQUEST {"_token":"mYKUSnWcTt6UGekMrUtd0fPMfmNxuUnzMVKdQwAL","_method":"PUT","title":"Nissan Almera N16 2004","abstract":"Restauración y repintado completo de un Nissan Almera, incorporando faldones personalizados, fabricación artesanal del alerón, sustitución de llantas, mejora de suspensión, modificación del sistema de escape, sistema de admisión artesanal y personalización de paragolpes.","tipos":["1","2","7"],"videoURL":null,"new_image_fase":"final","action":"upload_image","conclusion":"El resultado final es un coche totalmente personalizado con piezas efectuadas de forma totalmente artesanal. El proyecto tiene tanto piezas estéticas como mecánicas, creando así un Nissan Almera único y con un comportamiento dinámico más deportivo.","new_project_image":{"Illuminate\\Http\\UploadedFile":"/tmp/phpwrbgCL"}} 
[2026-05-07 19:16:07] production.INFO: UPLOAD IMAGE REQUEST {"_token":"JGhfWB9WXiDlLwKqKXF87dodVlxMKf67s4DRT19F","_method":"PUT","title":"Toyota Auris.","abstract":"Mi proyecto va sobre un coche que era de mi tío y mi me lo regalaron y tiene  285.000km y no le han echo sus mantenimientos al día y faltan que nunca se han echo, entonces este trabajo se trata de arreglarles las cosas de mecánica, chapa y extras mas moderno para que sea mi coche de diario.","tipos":["1","6","7"],"videoURL":null,"new_image_fase":"initial","action":"upload_image","conclusion":"En fin este coche me ha servido mucho para aprender mucho mas, de superar mis limites y solucionar todos los percances (que no son pocos por el camino), este coche me ha servido también para darme cuenta de que Toyota es quien es por las calidades y la robustez.","new_project_image":{"Illuminate\\Http\\UploadedFile":"/tmp/phpAiMzoO"}} 
[2026-05-07 19:18:36] production.INFO: UPLOAD IMAGE REQUEST {"_token":"JGhfWB9WXiDlLwKqKXF87dodVlxMKf67s4DRT19F","_method":"PUT","title":"Toyota Auris.","abstract":"Mi proyecto va sobre un coche que era de mi tío y mi me lo regalaron y tiene  285.000km y no le han echo sus mantenimientos al día y faltan que nunca se han echo, entonces este trabajo se trata de arreglarles las cosas de mecánica, chapa y extras mas moderno para que sea mi coche de diario.","tipos":["1","6","7"],"videoURL":null,"new_image_fase":"procedimiento_1","action":"upload_image","image_descriptions":{"312":"Estaba en un estado muy sucio lleno de arañazos y bollos, rezume de aceite , cadena estirada fuelle roto"},"conclusion":null,"new_project_image":{"Illuminate\\Http\\UploadedFile":"/tmp/phpuyfoCM"}} 
[2026-05-07 19:19:53] production.INFO: UPLOAD IMAGE REQUEST {"_token":"JGhfWB9WXiDlLwKqKXF87dodVlxMKf67s4DRT19F","_method":"PUT","title":"Toyota Auris.","abstract":"Mi proyecto va sobre un coche que era de mi tío y mi me lo regalaron y tiene  285.000km y no le han echo sus mantenimientos al día y faltan que nunca se han echo, entonces este trabajo se trata de arreglarles las cosas de mecánica, chapa y extras mas moderno para que sea mi coche de diario.","tipos":["1","6","7"],"videoURL":null,"new_image_fase":"procedimiento_2","action":"upload_image","image_descriptions":{"312":"Estaba en un estado muy sucio lleno de arañazos y bollos, rezume de aceite , cadena estirada fuelle roto","313":"Cambiar suspensiones, limpiar todo y reparar palier."},"conclusion":null,"new_project_image":{"Illuminate\\Http\\UploadedFile":"/tmp/phpbdqBzf"}} 
[2026-05-07 19:23:07] production.INFO: UPLOAD IMAGE REQUEST {"_token":"JGhfWB9WXiDlLwKqKXF87dodVlxMKf67s4DRT19F","_method":"PUT","title":"Toyota Auris.","abstract":"Mi proyecto va sobre un coche que era de mi tío y mi me lo regalaron y tiene  285.000km y no le han echo sus mantenimientos al día y faltan que nunca se han echo, entonces este trabajo se trata de arreglarles las cosas de mecánica, chapa y extras mas moderno para que sea mi coche de diario.","tipos":["1","6","7"],"videoURL":null,"new_image_fase":"procedimiento_3","action":"upload_image","image_descriptions":{"312":"Estaba en un estado muy sucio lleno de arañazos y bollos, rezume de aceite , cadena estirada fuelle roto","313":"Cambiar suspensiones, limpiar todo y reparar palier.","314":"cambiar cadena de distribución, correa poli V, bomba de agua, cambiar retenes y juntas, limpiar todo sobre todo la chupona, hacer mantenimiento basico."},"conclusion":null,"new_project_image":{"Illuminate\\Http\\UploadedFile":"/tmp/php7WixAd"}} 
[2026-05-07 20:17:34] production.INFO: UPLOAD IMAGE REQUEST {"_token":"kET8yr9UdB32QZtVqcoHS5oSOQN3BCQFrRwnzPUT","_method":"PUT","title":"Restauración BMW E46","abstract":"Restauración a nivel mecanico y estetico de un BMW E46 318i de 2004 con motor N46B20A, carrocería Sedan.","tipos":["1","7","9"],"videoURL":null,"new_image_fase":"header","action":"upload_image","conclusion":null,"new_project_image":{"Illuminate\\Http\\UploadedFile":"/tmp/phpDMHh0J"}} 
[2026-05-07 20:17:55] production.INFO: UPLOAD IMAGE REQUEST {"_token":"kET8yr9UdB32QZtVqcoHS5oSOQN3BCQFrRwnzPUT","_method":"PUT","title":"Restauración BMW E46","abstract":"Restauración a nivel mecanico y estetico de un BMW E46 318i de 2004 con motor N46B20A, carrocería Sedan.","tipos":["1","7","9"],"videoURL":null,"new_image_fase":"initial","action":"upload_image","conclusion":null,"new_project_image":{"Illuminate\\Http\\UploadedFile":"/tmp/phpv1OgFR"}} 
[2026-05-07 20:18:45] production.INFO: UPLOAD IMAGE REQUEST {"_token":"kET8yr9UdB32QZtVqcoHS5oSOQN3BCQFrRwnzPUT","_method":"PUT","title":"Restauración BMW E46","abstract":"Restauración a nivel mecanico y estetico de un BMW E46 318i de 2004 con motor N46B20A, carrocería Sedan.","tipos":["1","7","9"],"videoURL":null,"new_image_fase":"initial","action":"upload_image","conclusion":null,"new_project_image":{"Illuminate\\Http\\UploadedFile":"/tmp/phpCL2lnj"}} 
[2026-05-07 20:18:56] production.INFO: UPLOAD IMAGE REQUEST {"_token":"kET8yr9UdB32QZtVqcoHS5oSOQN3BCQFrRwnzPUT","_method":"PUT","title":"Restauración BMW E46","abstract":"Restauración a nivel mecanico y estetico de un BMW E46 318i de 2004 con motor N46B20A, carrocería Sedan.","tipos":["1","7","9"],"videoURL":null,"new_image_fase":"header","action":"upload_image","image_descriptions":{"318":null},"conclusion":null,"new_project_image":{"Illuminate\\Http\\UploadedFile":"/tmp/phpg3ggrP"}} 
